Workbook
Name L_tot: #REF!
Name L_tot: #REF!
Name L_tot: #REF!
Name L_tot: #REF!
Name L_tot: #REF!
Name L_tot: #REF!
Name L_tot: #REF!
Name L_tot: #REF!
Name 半径方向の出力: #REF!
Name 半径方向の出力: #REF!
Name 半径方向の出力: #REF!
Name 半径方向の出力: #REF!
Name 半径方向の出力: #REF!
Name 半径方向の出力: #REF!
Name 半径方向の出力: #REF!
Name 半径方向の出力: #REF!

Sheet 00_RESULT_README
A1: 【H-50H1 result移送用。resultブックへコピー後、internal側では削除候補。正本: 00_RESULT_BUILD_MASTER_H50E。】
A3: 00_RESULT_README — resultブック 概要・運用方針
A5: ■ resultブックの位置づけ
A6: resultブックは作業場。文献追加とPPT用データ整理を行う場所。
A7: internalブックは退避倉庫。過去検討・試行錯誤・作業証跡を保持。
A8: resultには「最終採用データ」「文献追加に必要な地図」「PPT用最小グラフデータ」だけを残す。
A9: 過去検討はinternalへ退避済み。
A11: ■ 最初に読むシート
A12: 1. 00_RESULT_README（このシート）
A13: 2. 00_SHEET_MAP（全シート地図）
A14: 3. 00_DATA_ADDITION_FLOW（文献追加手順）
A16: ■ BR列までの共通標準口
... A55: 出力ファイル名は本日付・r8へ更新。

Sheet 00_SHEET_MAP
A1: 【H-50H1 result移送用。resultブックへコピー後、internal側では削除候補。正本: 00_RESULT_BUILD_MASTER_H50E。】
A3: 00_SHEET_MAP — resultブック シート地図
A5: SheetName | B5: Role | C5: ReadPriority | D5: Editable | E5: UsedFor | F5: SourceOrArchive | G5: PublicPPTUse | H5: FutureLiteratureUse | I5: Lifecycle | J5: Notes
A6: 00_RESULT_README | B6: 概要・運用方針 | C6: 1(最優先) | D6: Yes | E6: ブック全体の理解 | F6: H-50H1新規 | G6: No | H6: No | I6: result正本 | J6: 最初に読む
A7: 00_SHEET_MAP | B7: シート地図 | C7: 2 | D7: Yes | E7: シート一覧・役割 | F7: H-50H1新規 | G7: No | H7: No | I7: result正本 | J7: このシート
A8: 00_DATA_ADDITION_FLOW | B8: 文献追加手順 | C8: 3 | D8: Yes | E8: 文献追加フロー | F8: H-50H1新規 | G8: No | H8: Yes | I8: result正本
A9: 00_ARCHIVE_MAP | B9: internal退避地図 | C9: 参照時 | D9: Yes | E9: 退避先参照 | F9: H-50H1新規 | G9: No | H9: No | I9: result参照用 | J9: 誤読防止
A10: 00_CURRENT_PUBLIC_SUMMARY | B10: 現行public要点 | C10: 参照時 | D10: No | E10: 現行採用結果 | F10: F2P_actual_ppt_summary抽出 | G10: No | H10: No | I10: result参照用 | J10: 内部ログ除外
A11: 01_PUBLIC_GRAPH_DATA | B11: PPT本編グラフ元 | C11: 参照時 | D11: Yes | E11: G1-G6本編 | F11: F2P_actual_ppt_graphs抽出 | G11: Yes | H11: No | I11: result正本 | J11: グラフはresult側で再作成
A12: 02_LDNB_GEOMETRY_DIAGNOSTIC | B12: L_DNB/DH診断 | C12: 参照時 | D12: Yes | E12: G3診断 | F12: 05_L_LDNB_AUDIT_MEMO抽出 | G12: Yes | H12: Yes | I12: result正本 | J12: L_DNB=結果量
A13: 03_GEOMETRY_LDH_SEARCH | B13: 幾何L/DH探索 | C13: 参照時 | D13: Yes | E13: G4探索条件 | F13: LDh_search抽出 | G13: Yes | H13: Yes | I13: result正本 | J13: L_geometry=探索条件
A14: literature_candidate_list | B14: Literature candidate management | C14: High when doing literature search | D14: Yes | E14: Candidate screening before adding new data | F14: H-50I整備 | G14: Yes(調査後) | H14: Primary entry point for literature candidates | I14: Result working sheet, keep | J14: H-50Iで文献調査用に整備。最低26列・判定基準・入力ルールあり。
A15: tm_ST | B15: STデータ | C15: 作業時 | D15: 追加行のみ | E15: 元データ・文献追加基準 | F15: tm_ST(internal) | G15: No | H15: Yes | I15: result正本 | J15: BR列まで標準口
A16: tm_108 | B16: 108データ | C16: 作業時 | D16: 追加行のみ | E16: 元データ・文献追加基準 | F16: tm_108(internal) | G16: No | H16: Yes | I16: result正本 | J16: BR列まで標準口
A17: tm_161 | B17: 161データ | C17: 作業時 | D17: 追加行のみ | E17: 元データ・文献追加基準 | F17: tm_161(internal) | G17: No | H17: Yes | I17: result正本 | J17: BR列まで標準口
A18: tm_164 | B18: 164データ | C18: 作業時 | D18: 追加行のみ | E18: 元データ・文献追加基準 | F18: tm_164(internal) | G18: No | H18: Yes | I18: result正本 | J18: BR列まで標準口
A19: tm_F1_ST | B19: ST F1適用後 | C19: 作業時 | D19: 追加行のみ | E19: マクロ返却基準 | F19: tm_F1_ST(internal) | G19: No | H19: Yes | I19: result正本 | J19: BR列まで標準口
A20: tm_F1_108 | B20: 108 F1適用後 | C20: 作業時 | D20: 追加行のみ | E20: マクロ返却基準 | F20: tm_F1_108(internal) | G20: No | H20: Yes | I20: result正本 | J20: BR列まで標準口
... A34: tm_r124_F1_T8_14 | B34: T&M Table8〜14 F1あり計算済みtm固定値 | C34: High during H52Q import | D34: No, values archive | E34: Table8〜14追加データのF1結果確認、追加138行抽出元 | F34: r124 F1ありマクロブック tm | G34: No | H34: Yes | I34: Current source copy / do not edit | J34: VBA計算済みtmを値貼り。追加138行は88〜225行想定。

Sheet 00_DATA_ADDITION_FLOW
A1: 【H-50H1 result移送用。resultブックへコピー後、internal側では削除候補。正本: 00_RESULT_BUILD_MASTER_H50E。】
A3: 00_DATA_ADDITION_FLOW — 文献追加フロー
A5: Step | B5: Scenario | C5: ActionInResult | D5: ActionInMacroBook | E5: Output | F5: CompletionCriterion | G5: Notes
A6: 1 | B6: 文献候補を見つける | C6: literature_candidate_listに候補を記録 | D6: - | E6: 候補一覧 | F6: 候補が一覧化された | G6: DataStatus=候補
A7: 2 | B7: 条件だけ仮登録 | C7: P/G/DH等の条件のみtm_*へ仮追加 | D7: - | E7: 条件行 | F7: 条件が揃う | G7: 実データ未取得
A8: 3 | B8: 文献データを入手 | C8: tm_literature_rawへ生データを入力 | D8: - | E8: 生データ | F8: データ取得済み | G8: DataStatus=取得
A9: ■ 文献追加後の分岐（詳細は00_RESULT_BUILD_MASTER_H50E 表6参照） | B9: tm_標準列へ追加 | C9: BR列構成でtm_*の標準口へ追加 | D9: - | E9: 標準化行 | F9: BR口に揃う | G9: SourcePaper/DataStatus記入
A10: 5 | B10: 追加データのみマクロ実行 | C10: - | D10: 追加行だけマクロ計算 | E10: マクロ結果(数式) | F10: 計算完了 | G10: 既存行は再計算しない
A11: 6 | B11: マクロ結果を値化 | C11: - | D11: 数式→値へ確定 | E11: 確定値 | F11: 値化完了=追加終了の目安 | G11: ここが追加終了
A12: 7 | B12: tm_F1_標準口へコピー | C12: 値化結果をtm_F1_*(BR列)へ | D12: - | E12: tm_F1_標準行 | F12: BR口に揃う | G12: 外部参照を残さない
A13: 8 | B13: PPT用グラフデータ更新 | C13: 必要なら01_PUBLIC_GRAPH_DATAを更新 | D13: - | E13: 更新グラフデータ | F13: PPT反映可能 | G13: 本編/Appendixを選別
A14: 9 | B14: 古い検討をinternal退避 | C14: resultから外す | D14: - | E14: internal退避 | F14: resultが最小構成 | G14: 表2・表3参照
A18: 条件 | B18: 対応
A19: 文献が見つからない | B19: 現状維持。現行P依存F2P結果を使う。
A20: 候補だけ見つかった | B20: literature_candidate_listに条件記録。DataStatus=候補。
A21: データが入手できた | B21: 表のStep3〜9のフローで追加。
A22: 補正式が変わった | B22: 新補正式で再結果・グラフ更新。旧検討はinternal退避。
A23: P依存F2Pが不要になった | B23: G1/G2グラフの取扱いを再検討。旧グラフはinternal退避候補。

Sheet 00_TM8_14_IMPORT_PLAN
A1: 00_TM8_14_IMPORT_PLAN — T&M Table 8〜14 計算済みデータ受け入れ計画
A2: 作成日: 2026-06-12 ／ 対象: r123(F1なし)・r124(F1あり) マクロブックからの値化tm受け入れ ／ 既存tm_*・tm_F1_*・tm_F1F2_*・internal_H52Q_*は変更しない
A4: ■ 1. 受け入れ管理表
A5: 項目 | B5: 内容
A6: Project | B6: H52Q / Thompson & Macbeth Table 8〜14 追加
A7: Source macrobook noF1 | B7: celataモデル_簡易計算_単管_櫻井検算r123_F1なし_Table8-14計算済み.xlsm
A8: Source macrobook F1 | B8: celataモデル_簡易計算_単管_櫻井検算r124_F1あり_Table8-14計算済み.xlsm
A9: Target result book | B9: 20260612_計算結果比較r8_result_文献追加用.xlsx
A10: Expected added rows | B10: 138
A11: Expected added row range in macro tm | B11: 88〜225
A12: Expected tables | B12: Table 8, 9, 11, 12, 13, 14
A13: Table 8 rows | B13: 16
A14: Table 9 rows | B14: 30
A15: Table 11 rows | B15: 30
A16: Table 12 rows | B16: 30
A17: Table 13 rows | B17: 2
A18: Table 14 rows | B18: 30
A19: G filter | B19: G > 1000 kg/m2s
A20: L/D filter | B20: 40 <= L/D <= 400
A21: Important note | B21: Table 11〜14 の L/D 約80 short_anchor は今回追加対象
A22: Important note | B22: Table 8 は 10〜12 MPa帯の middle L/D 候補
A23: Important note | B23: G/D/PWR-likeで厳密に切りすぎると探索データが消える
A24: Next action after VBA | B24: r123/r124 の tm シートを値貼りでresultへコピー
A25: Planned result sheet noF1 | B25: tm_r123_noF1_T8_14
A26: Planned result sheet F1 | B26: tm_r124_F1_T8_14
A27: Planned branch sheet | B27: internal_H52Q_T8_14_branch
A28: Status | B28: Waiting for VBA completion
A31: ■ 2. Legacy sheets / 旧追加シート（旧 Table 11〜14 追加検討）
A32: SheetName | B32: 位置づけ | C32: 今回の扱い
A33: tm_ST_add_TM11_14_noF1_raw | B33: 旧 Table 11〜14 追加検討（F1なし raw） | C33: 今回の Table 8〜14 正式追加では上書きしない。新規取り込み後に比較・退避判断。直ちに削除しない。
A34: tm_ST_add_TM11_14_F1_raw | B34: 旧 Table 11〜14 追加検討（F1あり raw） | C34: 今回の Table 8〜14 正式追加では上書きしない。新規取り込み後に比較・退避判断。直ちに削除しない。
A35: tm_ST_add_TM11_14_diag | B35: 旧 Table 11〜14 追加検討（診断） | C35: 今回の Table 8〜14 正式追加では上書きしない。新規取り込み後に比較・退避判断。直ちに削除しない。
A36: tm_ST_add_TM11_14_summary | B36: 旧 Table 11〜14 追加検討（サマリ） | C36: 今回の Table 8〜14 正式追加では上書きしない。新規取り込み後に比較・退避判断。直ちに削除しない。
A38: 注意: 上記4シートは以前の Table 11〜14 追加検討のシートであり、今回の Table 8〜14 追加とは別扱い。今回の正式追加では上書きせず、新規取り込み後に比較・退避判断する。直ちに削除しない。
A41: ■ 3. VBA完了後 TODO
A42: No | B42: TODO | C42: Status | D42: 出力・対象シート | E42: 備考
A43: 1 | B43: r123 F1なしマクロブックの tm を値貼りでコピー | C43: 完了 | D43: tm_r123_noF1_T8_14 | E43: 完了: tm_r123_noF1_T8_14 を値貼り(数式0・外部リンクなし)で作成
A44: 2 | B44: r124 F1ありマクロブックの tm を値貼りでコピー | C44: 完了 | D44: tm_r124_F1_T8_14 | E44: 完了: tm_r124_F1_T8_14 を値貼り(数式0・外部リンクなし)で作成
A45: 3 | B45: 2シートの行数・列数を確認 | C45: 完了 | D45: tm_r123_noF1_T8_14 / tm_r124_F1_T8_14 | E45: 完了: 両シート225行×70列(BR列まで)。マクロtmと一致
A46: 4 | B46: 追記部分138行が入っているか確認 | C46: 完了 | D46: 同上 | E46: 完了: 追加138行(88〜225行)を両シートで確認
A47: 5 | B47: Tin欠損がないか確認 | C47: 完了 | D47: 同上 | E47: 完了: Tin欠損0(両シート)
A48: 6 | B48: q_P、PM_ratio、x_Mes が値として入っているか確認 | C48: 完了 | D48: 同上 | E48: 完了: q_P/PM_ratio/x_Mes 値で存在・エラー0(両シート)。tm_r123/tm_r124を値貼り
A49: 7 | B49: 追加138行だけを抽出する診断シートを作る | C49: 未着手 | D49: 診断シート（新規） | E49: Table別行数確認の母体
A50: 8 | B50: Table 8/9/11/12/13/14 の行数を確認 | C50: 未着手 | D50: 診断シート | E50: 期待: 16/30/30/30/2/30（計138）
A51: 9 | B51: H52Q branch解析用シートを作る | C51: 未着手 | D51: internal_H52Q_T8_14_branch
A52: 10 | B52: 既存H52Q本線には混ぜず、with_TM8_14_branch として扱う | C52: 未着手 | D52: internal_H52Q_T8_14_branch | E52: 既存 internal_H52Q_* は変更しない

Sheet 00_ARCHIVE_MAP
A1: 【H-50H1 result移送用。resultブックへコピー後、internal側では削除候補。正本: 00_RESULT_BUILD_MASTER_H50E。】
A3: 00_ARCHIVE_MAP — resultに入れない過去検討の退避先
A5: Content | B5: ArchiveLocationInInternal | C5: ReasonNotInResult | D5: CanReintroduce | E5: Notes
A6: x_Mes更新詳細 | B6: 01_xMes_UPDATE_METHOD | C6: x_Mes_newを外向き使用しない方針 | D6: No | E6: 外向き利用禁止
A7: x_Mes相関値候補 | B7: x_Mes_update_check / x_Mes_PM_check | C7: 中間検討。resultに不要 | D7: No | E7: 誤読リスク
A8: K_Tw式 | B8: 03_KTw_PROXY_LOG | C8: K_Twを主結果扱いしない | D8: Appendix判断後 | E8: Appendix可能性あり
A9: 近似サーベイ0.1047 | B9: F2P_proxy_survey / F2P_best_case_check | C9: 0.1047は近似値。主結果にしない | D9: No | E9: 0.1076が実Celata最終
A10: F2P_proxy_survey | B10: F2P_proxy_survey | C10: 中間検討ログ | D10: No
A11: ST_F2P_transfer_for_macro | B11: ST_F2P_transfer_for_macro | C11: マクロ連携中間データ | D11: No | E11: 証跡
A12: STマクロ連携ログ | B12: 04_ST_F2P_MACRO_LOG | C12: 作業ログ | D12: No
A13: 164重複キー確認 | B13: 05_L_LDNB_164_CHECK | C13: 内部確認ログ | D13: No
A14: H-48A〜H-50G管理ログ | B14: 00_INTERNAL_BOOK_INFO等 | C14: タスク管理ログ。誤読リスク | D14: No | E14: エージェント向け情報過多
A15: 旧サマリー | B15: F2P_actual_ppt_summary(internal) | C15: 内部検討ログ含む | D15: No | E15: 要点は00_CURRENT_PUBLIC_SUMMARYへ
A16: 旧PPT案 | B16: F2P_actual_ppt_graphs(internal) | C16: 内部検討含む | D16: No | E16: 要点は01_PUBLIC_GRAPH_DATAへ
A17: 旧L/Dh誤ラベル系 | B17: 05_L_LDNB_AUDIT / 05_L_LDNB_164_CHECK | C17: 旧ラベル誤用。再解釈済み | D17: No | E17: H-48G以降で整理
A18: エージェント誤認修正ログ | B18: 各管理ログシート内 | C18: 内部作業ログ | D18: No

Sheet 00_CURRENT_PUBLIC_SUMMARY
A1: 【H-50H1 result移送用。resultブックへコピー後、internal側では削除候補。正本: 00_RESULT_BUILD_MASTER_H50E。】
A3: 00_CURRENT_PUBLIC_SUMMARY — 現行public採用結果の要点（内部検討ログは除外）
A4: 出典: F2P_actual_ppt_summary (internal) から公開用要点を抽出。2026-06-08 H-50H1。
A6: ■ 主要数値（実Celata F1×F2P適用後）
A7: 項目 | B7: before | C7: after | D7: 変化 | E7: 解釈
A8: 全体RMSE | B8: 0.1282 | C8: 0.1076 | D8: -0.16 | E8: バラつき圧縮。改善。
A9: PM標準偏差 | B9: 0.1137 | C9: 0.0877 | D9: -0.23 | E9: 分布が狭くなった。
A10: tm_108 PM平均 | B10: 1.0668 | C10: 1.062 | D10: -0.005 | E10: 高めのまま(>1)。
A11: tm_161 PM平均 | B11: 0.9088 | C11: 0.906 | D11: -0.003 | E11: 低めのまま(<1)。
A12: tm_164 PM平均 | B12: 0.892 | C12: 0.8894 | D12: -0.003 | E12: 低めのまま(<1)。
A13: 改善/悪化点 | B13: — | C13: 31/27 | D13: — | E13: 改善が多数だが悪化も存在。
A15: ■ 本編用一文結論
A16: P依存F2Pは点ごとのバラつき圧縮に有効（RMSE 0.1282→0.1076）。ただし群平均差（108高め・161/164低め）は残る。群平均差の主因ではない。次は大L/DH単管データ探索へ。
A18: ■ L_DNB/DH診断（群別）
A19: Dataset | B19: L_DNB/DH mean | C19: PM mean | D19: 傾向
A20: ST | B20: 68.6 | C20: 1.115 | D20: 高め(>1)。短い側。
A21: 108 | B21: 139.7 | C21: 1.062 | D21: やや高め(>1)。幾何L/DH約189。
A22: 161 | B22: 361.4 | C22: 0.906 | D22: 低め(<1)。大L/DH側。
A23: 164 | B23: 286.8 | C23: 0.889 | D23: 低め(<1)。DNB位置が幾何より手前。
A25: ■ RMSEの注意
A26: 0.1076 = 実Celata最終RMSE。本編で使う値。
A27: 0.1047 = 近似サーベイ値。本編の主結果にしない。

Sheet 01_PUBLIC_GRAPH_DATA
A1: 【H-50H1 result移送用。resultブックへコピー後、internal側では削除候補。正本: 00_RESULT_BUILD_MASTER_H50E。】
A3: 01_PUBLIC_GRAPH_DATA — PPT用グラフ候補一覧と元データ
A4: グラフそのものはresult側で再作成。元データ表とグラフ候補一覧を記録。出典: F2P_actual_ppt_graphs (internal)。
A6: GraphID | B6: GraphTitle | C6: UseInMain | D6: UseInAppendix | E6: PublicResultSheet | F6: SourceInternal | G6: Notes
A7: G1 | B7: P依存F2Pの限界、群平均差は残る | C7: Yes | D7: No | E7: 01_PUBLIC_GRAPH_DATA | F7: F2P_actual_ppt_graphs | G7: 群平均差解消とは言わない。グラフはresult側で再作成。
A8: G2 | B8: P依存F2Pの効果、RMSEは改善する | C8: Yes | D8: No | E8: 01_PUBLIC_GRAPH_DATA | F8: F2P_actual_ppt_graphs | G8: RMSE 0.1282→0.1076。0.1076が実Celata最終。
A9: G3 | B9: L_DNB/DH診断（ST高め・108やや高め・161/164低め） | C9: Yes | D9: No | E9: 02_LDNB_GEOMETRY_DIAGNOSTIC | F9: 05_L_LDNB_AUDIT_MEMO | G9: L_DNBは結果量。診断図の軸として使う。
A10: G4 | B10: 幾何L/DH探索条件、現有STは大L/DH側を未カバー | C10: Yes | D10: No | E10: 03_GEOMETRY_LDH_SEARCH | F10: LDh_search_narrowing_for_ppt | G10: L_geometryは探索条件。補正入力候補。
A11: G5 | B11: F2P悪化点内訳 | C11: No | D11: Yes | E11: 05_APPENDIX(将来) | F11: F1F2_worsened_structure_check | G11: ST F2P悪化を失敗と書かない。
A12: G6 | B12: 全点PM before/after散布 | C12: Yes | D12: No | E12: 01_PUBLIC_GRAPH_DATA | F12: F2P_actual_ppt_graphs | G12: PM=1補助線と45度線。
A13: G7 | B13: K_Tw近似検討 | C13: No | D13: Yes(またはinternal) | E13: 05_APPENDIX(将来) | F13: 03_KTw_PROXY_LOG | G13: K_Twを主結果扱いしない。
A14: G8 | B14: 教科書L/D図（既往知見） | C14: No | D14: Yes | E14: 05_APPENDIX(将来) | F14: 既往知見 | G14: Appendix向け。
A15: G9 | B15: 文献候補比較表（文献調査後追加予定） | C15: No | D15: Yes(予定) | E15: literature_candidate_list | F15: 文献調査後 | G15: 調査後に具体化。DataStatus管理。

Sheet 02_LDNB_GEOMETRY_DIAGNOSTIC
A1: 02_LDNB_GEOMETRY_DIAGNOSTIC — L_DNB/DH診断・幾何L/DH比較（H-50H1）
A2: 出典: 05_L_LDNB_AUDIT_MEMO / 01_existing_data_position (internalブック)。値は値化済。L_DNB=結果量・診断用、L_geometry=探索条件・補正入力候補。
A4: 表1: 用語定義— L_DNB/DH と 幾何L/DH の区別
A5: Quantity | B5: Definition | C5: UseFor | D5: DoNotUseFor | E5: Notes
A6: L_DNB | B6: DNB発生位置に基づく長さ。計算・収束の結果として得られる量。 | C6: 診断(L_DNB/DH)、文献との診断比較 | D6: 補正式の入力(結果量のため循環属性) | E6: raw系 R列、F1F2系 R列実体がこれ
A7: L_DNB/DH | B7: L_DNBをDHで無次元化した診断量 | C7: 診断図の軸、群別の高め/低め判定 | D7: 補正式入力、幾何L/DHとの混同 | E7: PPT Slide 5用
A8: L_geometry | B8: 幾何長さ（試験条件として事前に分かる量） | C8: 探索条件・補正入力候補 | D8: L_DNB/DH診断との混同 | E8: raw系 BR列
A9: 幾何L/DH | B9: L_geometryをDHで無次元化。事前に分かる探索条件量 | C9: 探索条件図の軸、同程P/Gで大L/DHの単管探し | D9: L_DNB/DH診断との混同、補正式入力 | E9: PPT Slide 6用
A11: 表2: データセット別 L_DNB/DH 診断
A12: Dataset | B12: N | C12: L_DNB_over_DH_min | D12: L_DNB_over_DH_max | E12: L_DNB_over_DH_mean | F12: PM_ratio_mean | G12: Diagnosis | H12: Notes
A13: ST | B13: 86 | C13: 64.516 | D13: 80 | E13: 68.6 | F13: 1.115 | G13: 高め (PM>1) | H13: 短い側。L_DNB/DHが小さいとP依存F2Pで高めに出る傂向
A14: 108 | B14: 14 | C14: 137.969 | D14: 149.795 | E14: 139.7 | F14: 1.062 | G14: やや高め (PM>1) | H14: 中間。御安全側だが群平均差残る
A15: 161 | B15: 23 | C15: 361.355 | D15: 361.355 | E15: 361.4 | F15: 0.906 | G15: 低め (PM<1) | H15: 大L/DH側。L_DNB/DH≈幾何L/DH
A16: 164 | B16: 21 | C16: 241.623 | D16: 289.084 | E16: 286.8 | F16: 0.889 | G16: 低め (PM<1) | H16: L_DNB/DH < 幾何L/DH（DNB位置が手前）
A18: 表3: データセット別 幾何L/DH 探索条件
A19: Dataset | B19: N | C19: L_geometry_over_DH_min | D19: L_geometry_over_DH_max | E19: L_geometry_over_DH_mean | F19: SearchTarget | G19: Notes
A20: ST | B20: 86 | C20: 64.516 | D20: 80 | E20: 68.6 | F20: 現在カバー済 | G20: 小さいL/DH側のみ。大L/DH向け単管データなし
A21: 108(バンドル) | B21: 14 | C21: 189.184 | D21: 189.184 | E21: 189.2 | F21: 単管でL/DH≈189相当を探す | G21: 偶数加熱バンドル。単管で同相当が候補
A22: 161(バンドル) | B22: 23 | C22: 362.417 | D22: 362.417 | E22: 362.4 | F22: 単管でL/DH≈362相当を探す | G22: 一様加熱バンドル
A23: 164(バンドル) | B23: 21 | C23: 362.417 | D23: 362.417 | E23: 362.4 | F23: 単管でL/DH≈362相当を探す | G23: 余弦加熱バンドル
A25: 表4: L_DNB/DH と 幾何L/DH の対比要点
A26: Item | B26: Content | C26: PublicPPT | D26: Notes
A27: 最重要区別 | B27: L_DNBは結果量(診断用)、幾何Lは探索条件(補正入力候補)。混同しない。 | C27: 必ず分けて示す | D27: PPT軸ラベルに明記
A28: 161の専間刎 | B28: 161はL_DNB/DH≈幾何L/DH (≈361-362)。コインシデンスだが混同しない。 | C28: 対比図はAppendix | D28: 108・164で大きく長れる
A29: 108・164の差異 | B29: 108: L_DNB/DH(139.7) ≪ 幾何L/DH(189.2)。164: L_DNB/DH(286.8) < 幾何L/DH(362.4)。DNB位置が管末端に尾きない。 | C29: 診断図で示す | D29: L_DNB < L_geometry
A30: Excel内部事情 | B30: F1F2系R列見出しが「L」だが実体はL_DNB。Public本文に写かない。 | C30: 出さない | D30: Internalのみ

Sheet 03_GEOMETRY_LDH_SEARCH
A1: 03_GEOMETRY_LDH_SEARCH — 幾何L/DH探索条件（H-50H1）
A2: 出典: 01_existing_data_position / 05_L_LDNB_AUDIT_MEMO (internal)。周L_geometry=探索条件・補正入力候補。L_DNBと混同しない。
A4: 表1: 現有データの幾何条件・カバレッジ
A5: Dataset | B5: Type | C5: N | D5: L_geom_over_DH | E5: DH_range_m | F5: L_range_m | G5: HeatingShape | H5: Coverage | I5: Notes
A6: ST | B6: 単管/一様加熱 | C6: 86 | D6: 64.5 – 80 | E6: 0.001905 – 0.007772 | F6: 0.1524 – 0.5906 | G6: uniform | H6: 現在カバー済 | I6: 小さいL/DH側のみ。大L/DH単管なし
A7: 108 | B7: バンドル/偶数加熱 | C7: 14 | D7: ≈ 189.2 | E7: ※バンドルのためDHは相当値 | F7: ※同上 | G7: μcosine | H7: 単管で展開必要 | I7: 同程P/Gで単管L/DH≈189のデータを探す
A8: 161 | B8: バンドル/一様加熱 | C8: 23 | D8: ≈ 362.4 | E8: ※バンドル | F8: ※同上 | G8: uniform | H8: 単管で展開必要 | I8: 同程P/Gで単管L/DH≈362のデータを探す
A9: 164 | B9: バンドル/余弦加熱 | C9: 21 | D9: ≈ 362.4 | E9: ※バンドル | F9: ※同上 | G9: cosine | H9: 単管で展開必要 | I9: 同程P/Gで単管L/DH≈362のデータを探す
A11: 表2: 追加単管データ標的条件
A12: Priority | B12: TargetL_geom_over_DH | C12: HeatingShape | D12: Reason | E12: DataStatus | F12: Notes
A13: 1（最高） | B13: ≈189 単管一様加熱 | C13: uniform | D13: 108相当のカバレッジなし | E13: 未取得 | F13: Thompson & Macbeth等から探索
A14: 1（最高） | B14: ≈362 単管一様加熱 | C14: uniform | D14: 161/164相当のカバレッジなし | E14: 未取得 | F14: Thompson & Macbeth等から探索
A15: 2 | B15: ≈189 単管非一様（cos/μcosine） | C15: cosine or μcosine | D15: 加熱形状依存性の確認 | E15: 未取得 | F15: 候補があれば追加
A16: 3 | B16: 任意 大L/DH単管 | C16: any | D16: P依存F2Pの棄否判断に使用 | E16: 未取得 | F16: 低優先だがあれば有用
A18: 表3: 探索向きメッセージ（PPT Slide 6）
A19: Item | B19: Content | C19: PublicPPT
A20: 現有STの位置づけ | B20: L/DH=64.5–80の短い単管のみ。大L/DH側(108相当≈189、161/164相当≈362)は未カバー。 | C20: Yes(Slide 6)
A21: 追加探索の方向 | B21: 同程P/GでL/DH≈189または≈362の単管データを探す。 | C21: Yes(Slide 6)
A22: 言うべきこと | B22: 幾何L/DHは探索条件・補正入力候補。L_DNB/DHと混同しない。 | C22: Yes
A23: 言わないこと | B23: L_DNB/DHを補正式入力に使うと言わない。Excel内部事情（R列表記等）はPublicに出さない。 | C23: No(Internal only)
A24: 文献探索時の候補判定基準 H-50I
A25: ・最優先は、同程度P/G条件で、大きい幾何L/DHを持つ単管CHFデータ。
A26: ・現有STは幾何L/DH 64.5〜80付近。
A27: ・108相当は幾何L/DH 約189。
A28: ・161/164相当は幾何L/DH 約362。
A29: ・まずは幾何L/DH 150〜400程度を持つ単管データを優先的に探す。
A30: ・P/Gが大きく外れる場合は、L/DHだけ一致しても優先度を下げる。
A31: ・文献にL_DNBまたはCHF位置がある場合は、診断比較に使えるため評価を上げる。
A32: ・文献に幾何L/DHしかない場合も、探索条件としては有用。
A33: ・L_DNBは結果量なので、補正式入力には使わない。
A34: ・候補の登録・条件確認はliterature_candidate_listで行う。

Sheet literature_candidate_list
A1: literature_candidate_list — 文献候補管理表（H-50I整備）
A2: 目的: 同程P/G条件で現有STが未カバーの大きい幾何L/DH側を持つ単管CHFデータを探す。候補段階では本表で条件確認し、DataStatus=ReadyToAddのみ後綟tm_*へ追加。詳細は03_GEOMETRY_LDH_SEARCH参照。
A4: 表1: 文献候補（条件確認用）
A5: CandidateID | B5: SourcePaper | C5: AuthorYear | D5: DOI_or_URL | E5: DataSourceType | F5: System | G5: HeatingShape | H5: P_MPa | I5: G_kg_m2s | J5: DH_m | K5: L_geometry_m | L5: L_geometry_over_DH | M5: L_DNB_or_CHF_position_available | N5: L_DNB_m | O5: L_DNB_over_DH | P5: qCHF_available | Q5: DataDigitized | R5: DataStatus | S5: ConditionMatch_P | T5: ConditionMatch_G | U5: ConditionMatch_LDH | V5: Priority | W5: ReasonToUse | X5: ReasonToReject | Y5: NextAction | Z5: Notes
A6: LIT-001 | B6: A mechanistic critical heat flux model for wide range of subcooled and low quality flow boiling | C6: Kwon & Chang (1999) | D6: Nucl. Eng. Des. 188, 27–47 | E6: Review | F6: SingleTube | G6: Uniform | H6: 2.14–20.0（検証DB全体） | I6: 452–7499（検証DB全体） | L6: 広範囲。Table 1から孫引き候補を抽出 | M6: Unknown | P6: No | Q6: No | R6: Candidate | S6: Good | T6: Good | U6: Maybe | V6: A | W6: Weisman系bubble crowding後続展開。壁面付着気泡を粗さ・抗力源として扱い、Celata系薄液膜ドライアウトの前段階説明に使える。 | Y6: モデル背景文献として文献リストへ登録。データ追加はReferencesの原典確認後。 | Z6: tm_*へ直接追加する実験データではなく、物理説明・孫引き起点。
A7: LIT-002 | B7: Prediction of critical heat flux in flow boiling at low qualities | C7: Weisman & Pei (1983) | D7: Int. J. Heat Mass Transfer 26, 1463–1477 | E7: Review | F7: SingleTube | G7: Unknown | M7: Unknown | P7: No | Q7: No | R7: NeedPaper | S7: Unknown | T7: Unknown | U7: Maybe | V7: A | W7: near-wall bubble crowdingモデルの親筋。低クオリティDNB/CHFの壁面気泡混雑・液供給制限の根拠確認に使う。 | Y7: 原著を入手し、モデル仮定・使用データ・適用範囲を確認。 | Z7: Kwon & Changで主要先行研究として引用。
A8: LIT-003 | B8: Prediction of CHF in highly subcooled flow boiling | C8: Weisman & Ileslamlou (1988) | D8: Int. J. Heat Mass Transfer 31, 721–727 | E8: Review | F8: SingleTube | G8: Unknown | M8: Unknown | P8: No | Q8: No | R8: NeedPaper | S8: Unknown | T8: Unknown | U8: Maybe | V8: A | W8: 強サブクール条件のWeisman系モデル。PWR DNBに近いサブクール側の物理説明候補。 | Y8: 原著を入手し、P/G条件・構成式・Celata説明への使い方を確認。 | Z8: ONB/OSV以降の二相流発達とTw補正の説明に接続可能。
A9: LIT-004 | B9: Prediction of critical heat flux in flow boiling at intermediate qualities | C9: Ying & Weisman (1986) | D9: Int. J. Heat Mass Transfer 29, 1639–1648 | E9: Review | F9: SingleTube | G9: Unknown | M9: Unknown | P9: No | Q9: No | R9: NeedPaper | S9: Unknown | T9: Unknown | U9: Maybe | V9: B | W9: Weisman系の中間クオリティ領域。低クオリティ・強サブクール原著との比較用。 | Y9: 原著を入手し、今回対象のサブクール/低クオリティに対する優先度を再判定。 | Z9: 優先度はWeisman & Pei、Weisman & Ileslamlouより一段下。
A10: LIT-005 | B10: Boiling water heat transfer in uniformly heated round tubes: A compilation of world data with accurate correlations | C10: Thompson & Macbeth (1964) | D10: AEEW-R-356 | E10: Table | F10: SingleTube | G10: Uniform | H10: 原典再確認（既存Table 10は13.8 MPa抽出実績） | I10: 2400–4000は既存抽出実績 | L10: 原典で系列確認。目標150–400 | M10: Unknown | P10: Yes | Q10: NeedDigitize | R10: NeedPaper | S10: Maybe | T10: Good | U10: Maybe | V10: A | W10: 既存発表で使用実績があり、Table 10以外にも大L/DH系列がある可能性。108/161/164相当の幾何L/DH補完候補。 | Y10: 原典でTable/系列を確認し、P/G/DH/L/DHが合うデータだけReadyToAdd判定。 | Z10: Kwon & Chang Table 1にも主要DBとして引用。既存抽出条件との整合を確認する。
A11: LIT-006 | B11: Round tube burnout data for flow of boiling water at pressure between 30 and 200 bar | C11: Becker et al. (1971) | D11: KTH-NEL-14 | E11: Table | F11: SingleTube | G11: Uniform | H11: 3.04–20.0（K&C Table 1） | I11: 452–7438（K&C Table 1） | J11: 0.004–0.020 | K11: 0.3–4.97 | L11: 約15–1240（範囲からの概算） | M11: Unknown | P11: Yes | Q11: Unknown | R11: NeedPaper | S11: Good | T11: Good | U11: Good | V11: A | W11: 高圧・長尺円管データを含む可能性が高く、L/DH 150–400の本命候補。 | Y11: 原典を入手し、P≈PWR、G≈現有条件、L/DH 150–400の系列有無を確認。 | Z11: Beckerは最優先の孫引き先。
A12: LIT-007 | B12: Analysis and generalization of experimental data on heat transfer crisis associated with forced convection of cooling water in tubes | C12: Zenkevich (1974) | D12: AECL-Tr-Misc-304 | E12: Table | F12: SingleTube | G12: Uniform | H12: 5.89–19.62（K&C Table 1） | I12: 497–6694（K&C Table 1） | J12: 0.005–0.011 | K12: 0.3–6.0 | L12: 約27–1200（範囲からの概算） | M12: Unknown | P12: Yes | Q12: Unknown | R12: NeedPaper | S12: Good | T12: Good | U12: Good | V12: A | W12: 点数が多く、高圧・長尺・大L/DH側を含む可能性が高い。Beckerと並ぶ本命候補。 | Y12: 資料入手性を確認し、L/DH 150–400かつP/Gが近い系列を抽出。 | Z12: AECL翻訳資料の可能性あり。入手性が課題。
A13: LIT-008 | B13: Nucleate boiling characteristics and the critical heat flux occurrence in sub-cooled axial flow water system | C13: Weatherhead (1963) | D13: ANL-6675 | E13: Secondary | F13: SingleTube | G13: Uniform | M13: Unknown | P13: Unknown | Q13: Unknown | R13: NeedPaper | S13: Unknown | T13: Unknown | U13: Maybe | V13: B | W13: サブクール軸方向流CHFのパラメータトレンド確認に使われた文献。データ表があれば補助候補。 | Y13: 原典を確認し、データ表・P/G/DH/L/DH範囲の有無を確認。 | Z13: Kwon & Chang 4.3のparametric trends比較で使用。
A14: LIT-009 | B14: Investigation into the critical heat flux in boiling water | C14: Mayinger (1967) | D14: EUR-3347 | E14: Table | F14: SingleTube | G14: Uniform | H14: 7.0–10.24（K&C Table 1） | I14: 2255–3734（K&C Table 1） | J14: 0.007 | K14: 0.56–0.98 | L14: 約80–140 | M14: Unknown | P14: Yes | Q14: Unknown | R14: NeedPaper | S14: Maybe | T14: Good | U14: Poor | V14: C | W14: 現有STよりやや長いが、目標L/DH 150–400には届きにくい。境界領域の補助候補。 | Y14: 優先度低で原典確認。L/DHが目標に届かない場合は参考扱い。 | Z14: 108相当189、161/164相当362の補完本命ではない。
A15: LIT-010 | B15: DNB (Burnout) studies on an open lattice core | C15: Tong (1964) | D15: WCAP-3736 | E15: Secondary | F15: Bundle | G15: Unknown | H15: 5.17–13.79（K&C Table 1） | I15: 678–7499（K&C Table 1） | J15: 0.006–0.013 | K15: 0.38–3.66 | L15: 約29–610（範囲からの概算） | M15: Unknown | P15: Yes | Q15: Unknown | R15: NeedPaper | S15: Maybe | T15: Good | U15: Maybe | V15: B | W15: PWR体系接続には有用な可能性。ただしopen lattice coreであり、単管データとして使えるかは要確認。 | X15: 単管ではない可能性が高い。 | Y15: 原典を確認し、単管相当データの有無と体系を判定。 | Z15: 単管CHF補完というより、PWR燃料体系接続文献候補。
A18: 表2: 入力ルール（各列の許容値）
A19: Column | B19: AllowedValues | C19: Meaning
A20: DataSourceType | B20: Table / Graph / Review / Secondary / Unknown | C20: データの出所形式。Graphは要数値化。Secondaryは孫引用。
A21: System | B21: SingleTube / Bundle / Unknown | C21: 単管かバンドルか。探索標的は単管。
A22: HeatingShape | B22: Uniform / Cosine / MicroCosine / Unknown | C22: 加熱形状。
A23: L_DNB_or_CHF_position_available | B23: Yes / No / Unknown | C23: DNBまたはCHF位置が文献にあるか。Yesなら診断比較に使える。
A24: qCHF_available | B24: Yes / No / Unknown | C24: CHF実験値が取得できるか。
A25: DataDigitized | B25: Yes / No / NeedDigitize / Unknown | C25: 数値化済みか。Graph出典はNeedDigitize。
A26: DataStatus | B26: Candidate / NeedPaper / NeedDigitize / ReadyToAdd / Rejected | C26: 候補の進捗状態。ReadyToAddのみ後綟tm_*追加対象。
A27: ConditionMatch_P / _G / _LDH | B27: Good / Maybe / Poor / Unknown | C27: 現有データのP/Gと幾何L/DH条件との近さ・有用性。
A28: Priority | B28: A / B / C / Reject | C28: A=追加候補として強い。B=条件確認後に検討。C=参考。Reject=使わない。
A30: 表3: 列の意味（キー列の補足）
A31: Column | B31: Meaning
A32: L_geometry_m / _over_DH | B32: 幾何長さ・幾何L/DH。試験条件として事前に分かる量。探索条件・補正入力候補。
A33: L_DNB_m / _over_DH | B33: DNBまたはCHF発生位置に基づく長さ・その無次元量。結果量・診断用。補正式入力には使わない。
A34: ReasonToUse | B34: この候補を使う理由。
A35: ReasonToReject | B35: 使わない理由。
A36: NextAction | B36: 次にやること。例：文献取り寄せ、図から数値化、条件確認、保留、除外。
A38: 表4: 優先度判定ルール H-50I
A39: Priority | B39: Condition | C39: Note
A40: A | B40: 同程P/G・単管・幾余L/DHが150〜400程度。L_DNB/CHF位置もあるとなお良。 | C40: 追加候補として強い。
A41: B | B41: 幾何L/DHは有望だがP/Gまたは単管条件が未確認。 | C41: 条件確認後に検討。
A42: C | B42: 参考価値はあるがP/Gが大きく外れる、または幾何L/DHのみ。 | C42: 参考。低優先。
A43: Reject | B43: 単管でない、またはP/Gが大きく外れ、且つ幾何L/DHも一致しない。 | C43: 使わない。

Sheet tm_ST
A1: No_TableNo | B1: P | C1: Ts | D1: rhoG | E1: rhoL | F1: HG | G1: HL | H1: muG | I1: muL | J1: KL | K1: CPL | L1: sigma | M1: No | N1: G | O1: A | P1: Pw | Q1: DH | R1: L_DNB | S1: q_in | T1: Tin | U1: Tf | V1: f(beta) | W1: Re | X1: f | Y1: f_left | Z1: f_rihgt | AA1: f_balance | AB1: DB | AC1: Tw | AD1: y_plus | AE1: Tm | AF1: Tw_balance | AG1: y_star | AH1: tauw | AI1: Utau | AJ1: y_plus2 | AK1: Q | AL1: Pr | AM1: T(y_plus) | AN1: y_star_balance | AO1: delta | AP1: UB | AQ1: LB | AR1: YB | AS1: YB_plus | AT1: Karman_UB | AU1: UBL | AV1: UB_left | AW1: CD | AX1: UB_right | AY1: UB_balance | AZ1: HG-HL | BA1: LB/UB | BB1: q_P | BC1: dq_chf | BD1: dq_ratio | BE1: q_M | BF1: PM_ratio | BG1: F_form | BH1: x_Mes | BI1: A_corr | BJ1: σ_corr | BK1: Fcorr | BL1: Tsub | BM1: q_P_MW | BN1: Tsub2 | BO1: Fcorr2 | BP1: (Tsub-40)^2 | BQ1: F2 | BR1: L
A2: 9.01_10 | B2: 13789520 | C2: 608.62111 | D2: 85.147894 | E2: 624.86627 | F2: 2643264.4 | G2: 1562687 | H2: 2.2019594e-05 | I2: 7.2223253e-05 | J2: 0.49112125 | K2: 7679.7516 | L2: 0.0065036383 | M2: 1 | N2: 2440.8 | O2: 2.8502296e-06 | P2: 0.005984734 | Q2: 0.001905 | R2: 0.1524 | S2: 4124066.3 | T2: 499.9514 | U2: 570.35522 | V2: 0.03 | W2: 64379.875 | X2: 0.035268931 | Y2: 5.3248068 | Z2: 5.3248068 | AA2: -9.2647987e-09 | AB2: 1.8567696e-05 | AC2: 692.22338 | AD2: 2137.3286 | AE2: 570.35522 | AF2: 0 | AG2: 1.8650868e-05 | AH2: 42.031957 | AI2: 0.25935598 | AJ2: 41.850954 | AK2: 5.2415739 | AL2: 1.129368 | AM2: 608.62111 | AN2: 4.5620254e-09 | AO2: 8.3172384e-08 | AP2: 3.4238055 | AQ2: 4.6518328e-05 | AR2: 9.3670203e-06 | AS2: 21.018793 | AT2: 12.177085 | AU2: 3.1581997 | AV2: 0.2656058 | AW2: 0.01116311 | AX2: 0.26560579 | AY2: 9.7350428e-09 | AZ2: 1080577.4 | BA2: 1.3586732e-05 | BB2: 4133396.9 | BC2: 9330.5452 | BD2: 0.22624624 | BE2: 4038400 | BF2: 1.0235234 | BG2: 1 | BH2: -0.05 | BI2: 0.046 | BJ2: 5625 | BK2: 1.0198921 | BL2: 108.66971 | BM2: 4.1333969 | BN2: 108.66971 | BO2: 1.0198921 | BP2: 4715.529 | BQ2: Not calculated | BR2: 0.1524
A3: 10.01_10 | B3: 13789520 | C3: 608.62111 | D3: 85.147894 | E3: 624.86627 | F3: 2643264.4 | G3: 1562687 | H3: 2.2019594e-05 | I3: 7.2223253e-05 | J3: 0.49112125 | K3: 7679.7516 | L3: 0.0065036383 | M3: 2 | N3: 2454.36 | O3: 2.8502296e-06 | P3: 0.005984734 | Q3: 0.001905 | R3: 0.1524 | S3: 4160719.6 | T3: 499.3915 | U3: 570.02862 | V3: 0.03 | W3: 64737.541 | X3: 0.035176483 | Y3: 5.3317993 | Z3: 5.3317993 | AA3: -4.9712446e-08 | AB3: 1.8411355e-05 | AC3: 692.63788 | AD3: 2146.384 | AE3: 570.02862 | AF3: 9.2637868e-07 | AG3: 1.8494568e-05 | AH3: 42.388874 | AI3: 0.26045482 | AJ3: 41.676058 | AK3: 5.2710217 | AL3: 1.129368 | AM3: 608.62111 | AN3: 7.4333798e-08 | AO3: 8.3213109e-08 | AP3: 3.4322531 | AQ3: 4.6289625e-05 | AR3: 9.2888906e-06 | AS3: 20.931786 | AT3: 12.156344 | AU3: 3.1661784 | AV3: 0.26607463 | AW3: 0.011069116 | AX3: 0.26607462 | AY3: 1.0037117e-08 | AZ3: 1080577.4 | BA3: 1.3486659e-05 | BB3: 4166106.4 | BC3: 5386.7678 | BD3: 0.12946721 | BE3: 4038400 | BF3: 1.031623 | BG3: 1 | BH3: -0.055 | BI3: 0.046 | BJ3: 5625 | BK3: 1.019621 | BL3: 109.22961 | BM3: 4.1661064 | BN3: 109.22961 | BO3: 1.019621 | BP3: 4792.7389 | BQ3: Not calculated | BR3: 0.1524
A4: 11.01_10 | B4: 13789520 | C4: 608.62111 | D4: 85.147894 | E4: 624.86627 | F4: 2643264.4 | G4: 1562687 | H4: 2.2019594e-05 | I4: 7.2223253e-05 | J4: 0.49112125 | K4: 7679.7516 | L4: 0.0065036383 | M4: 3 | N4: 3037.44 | O4: 2.8502296e-06 | P4: 0.005984734 | Q4: 0.001905 | R4: 0.1524 | S4: 5012464.7 | T4: 495.51146 | U4: 564.27313 | V4: 0.03 | W4: 80117.178 | X4: 0.031869501 | Y4: 5.6016036 | Z4: 5.6016036 | AA4: -2.5984783e-08 | AB4: 1.3268567e-05 | AC4: 693.21851 | AD4: 2528.3563 | AE4: 564.27313 | AF4: 0 | AG4: 1.3343595e-05 | AH4: 58.818453 | AI4: 0.30680558 | AJ4: 35.419804 | AK4: 5.4463954 | AL4: 1.129368 | AM4: 608.62111 | AN4: 8.0265181e-09 | AO4: 7.5028138e-08 | AP4: 3.7673757 | AQ4: 3.8420622e-05 | AR4: 6.7093117e-06 | AS4: 17.809481 | AT4: 11.348655 | AU4: 3.4818307 | AV4: 0.28554509 | AW4: 0.0079772136 | AX4: 0.28554508 | AY4: 3.7904002e-09 | AZ4: 1080577.4 | BA4: 1.0198245e-05 | BB4: 4967543.5 | BC4: -44921.21 | BD4: -0.89619004 | BE4: 5395050 | BF4: 0.9207595 | BG4: 1 | BH4: -0.033 | BI4: 0.046 | BJ4: 5625 | BK4: 1.0177861 | BL4: 113.10965 | BM4: 4.9675435 | BN4: 113.10965 | BO4: 1.0177861 | BP4: 5345.021 | BQ4: Not calculated | BR4: 0.1524
A5: 12.01_10 | B5: 13789520 | C5: 608.62111 | D5: 85.147894 | E5: 624.86627 | F5: 2643264.4 | G5: 1562687 | H5: 2.2019594e-05 | I5: 7.2223253e-05 | J5: 0.49112125 | K5: 7679.7516 | L5: 0.0065036383 | M5: 4 | N5: 3118.8 | O5: 2.8502296e-06 | P5: 0.005984734 | Q5: 0.001905 | R5: 0.1524 | S5: 6642123.1 | T5: 458.88286 | U5: 547.62343 | V5: 0.03 | W5: 82263.174 | X5: 0.03149114 | Y5: 5.6351543 | Z5: 5.6351543 | AA5: -3.3351511e-08 | AB5: 1.2736534e-05 | AC5: 723.24995 | AD5: 2580.6236 | AE5: 547.62343 | AF5: 1.2324994e-06 | AG5: 1.2832823e-05 | AH5: 61.275429 | AI5: 0.313148 | AJ5: 34.768174 | AK5: 7.4019463 | AL5: 1.129368 | AM5: 608.62111 | AN5: 4.5659135e-08 | AO5: 9.6288907e-08 | AP5: 3.8154368 | AQ5: 3.7458789e-05 | AR5: 6.464556e-06 | AS5: 17.514526 | AT5: 11.265153 | AU5: 3.5276601 | AV5: 0.28777678 | AW5: 0.0076573493 | AX5: 0.28777677 | AY5: 6.0832119e-09 | AZ5: 1080577.4 | BA5: 9.8176934e-06 | BB5: 6622313.9 | BC5: -19809.265 | BD5: -0.29823695 | BE5: 6688600 | BF5: 0.99008969 | BG5: 1 | BH5: -0.075 | BI5: 0.046 | BJ5: 5625 | BK5: 1.0054073 | BL5: 149.73825 | BM5: 6.6223139 | BN5: 149.73825 | BO5: 1.0054073 | BP5: 12042.483 | BQ5: Not calculated | BR5: 0.1524
A6: 13.01_10 | B6: 13789520 | C6: 608.62111 | D6: 85.147894 | E6: 624.86627 | F6: 2643264.4 | G6: 1562687 | H6: 2.2019594e-05 | I6: 7.2223253e-05 | J6: 0.49112125 | K6: 7679.7516 | L6: 0.0065036383 | M6: 5 | N6: 3118.8 | O6: 2.8502296e-06 | P6: 0.005984734 | Q6: 0.001905 | R6: 0.1524 | S6: 5270594.1 | T6: 491.66308 | U6: 562.07965 | V6: 0.03 | W6: 82263.174 | X6: 0.03149114 | Y6: 5.6351543 | Z6: 5.6351543 | AA6: -3.3351511e-08 | AB6: 1.2736534e-05 | AC6: 696.02091 | AD6: 2580.6236 | AE6: 562.07965 | AF6: 9.6020904e-07 | AG6: 1.2813124e-05 | AH6: 61.275429 | AI6: 0.313148 | AJ6: 34.714802 | AK6: 5.6450817 | AL6: 1.129368 | AM6: 608.62111 | AN6: 2.4413453e-08 | AO6: 7.6589411e-08 | AP6: 3.8109938 | AQ6: 3.7546183e-05 | AR6: 6.4448565e-06 | AS6: 17.461154 | AT6: 11.249893 | AU6: 3.5228815 | AV6: 0.28811228 | AW6: 0.0076573493 | AX6: 0.28811228 | AY6: 5.9074059e-09 | AZ6: 1080577.4 | BA6: 9.8520715e-06 | BB6: 5249091.5 | BC6: -21502.544 | BD6: -0.40797192 | BE6: 5679000 | BF6: 0.92429856 | BG6: 1 | BH6: -0.036 | BI6: 0.046 | BJ6: 5625 | BK6: 1.0160506 | BL6: 116.95802 | BM6: 5.2490915 | BN6: 116.95802 | BO6: 1.0160506 | BP6: 5922.5376 | BQ6: Not calculated | BR6: 0.1524
A7: 14.01_10 | B7: 13789520 | C7: 608.62111 | D7: 85.147894 | E7: 624.86627 | F7: 2643264.4 | G7: 1562687 | H7: 2.2019594e-05 | I7: 7.2223253e-05 | J7: 0.49112125 | K7: 7679.7516 | L7: 0.0065036383 | M7: 6 | N7: 3118.8 | O7: 2.8502296e-06 | P7: 0.005984734 | Q7: 0.001905 | R7: 0.1524 | S7: 5246751.9 | T7: 492.22869 | U7: 562.32671 | V7: 0.03 | W7: 82263.174 | X7: 0.03149114 | Y7: 5.6351543 | Z7: 5.6351543 | AA7: -3.3351511e-08 | AB7: 1.2736534e-05 | AC7: 695.555 | AD7: 2580.6236 | AE7: 562.32672 | AF7: 9.5554992e-07 | AG7: 1.2812504e-05 | AH7: 61.275429 | AI7: 0.313148 | AJ7: 34.713125 | AK7: 5.6150323 | AL7: 1.129368 | AM7: 608.62111 | AN7: 2.3977464e-08 | AO7: 7.597026e-08 | AP7: 3.8108539 | AQ7: 3.7548939e-05 | AR7: 6.4442374e-06 | AS7: 17.459476 | AT7: 11.249413 | AU7: 3.522731 | AV7: 0.28812286 | AW7: 0.0076573493 | AX7: 0.28812285 | AY7: 5.9018651e-09 | AZ7: 1080577.4 | BA7: 9.8531562e-06 | BB7: 5206084.5 | BC7: -40667.38 | BD7: -0.7750963 | BE7: 5521250 | BF7: 0.94291773 | BG7: 1 | BH7: -0.048 | BI7: 0.046 | BJ7: 5625 | BK7: 1.0163 | BL7: 116.39242 | BM7: 5.2060845 | BN7: 116.39242 | BO7: 1.0163 | BP7: 5835.8019 | BQ7: Not calculated | BR7: 0.1524
A8: 15.01_10 | B8: 13789520 | C8: 608.62111 | D8: 85.147894 | E8: 624.86627 | F8: 2643264.4 | G8: 1562687 | H8: 2.2019594e-05 | I8: 7.2223253e-05 | J8: 0.49112125 | K8: 7679.7516 | L8: 0.0065036383 | M8: 7 | N8: 3132.36 | O8: 2.8502296e-06 | P8: 0.005984734 | Q8: 0.001905 | R8: 0.1524 | S8: 6662660.1 | T8: 458.88286 | U8: 547.51246 | V8: 0.03 | W8: 82620.84 | X8: 0.031429667 | Y8: 5.6406625 | Z8: 5.6406625 | AA8: -2.4900442e-08 | AB8: 1.2651196e-05 | AC8: 723.16767 | AD8: 2589.3127 | AE8: 547.51246 | AF8: 0 | AG8: 1.2748365e-05 | AH8: 61.68876 | AI8: 0.31420239 | AJ8: 34.655647 | AK8: 7.4005062 | AL8: 1.129368 | AM8: 608.62111 | AN8: 2.5374561e-08 | AO8: 9.7169062e-08 | AP8: 3.8228184 | AQ8: 3.7314268e-05 | AR8: 6.422767e-06 | AS8: 17.459898 | AT8: 11.249533 | AU8: 3.5346302 | AV8: 0.28818819 | AW8: 0.007606043 | AX8: 0.28818819 | AY8: 6.4917222e-09 | AZ8: 1080577.4 | BA8: 9.7609313e-06 | BB8: 6721709.3 | BC8: 59049.239 | BD8: 0.88627123 | BE8: 6751700 | BF8: 0.99555805 | BG8: 1 | BH8: -0.071 | BI8: 0.046 | BJ8: 5625 | BK8: 1.0054073 | BL8: 149.73825 | BM8: 6.7217093 | BN8: 149.73825 | BO8: 1.0054073 | BP8: 12042.483 | BQ8: Not calculated | BR8: 0.1524
A9: 16.01_10 | B9: 13789520 | C9: 608.62111 | D9: 85.147894 | E9: 624.86627 | F9: 2643264.4 | G9: 1562687 | H9: 2.2019594e-05 | I9: 7.2223253e-05 | J9: 0.49112125 | K9: 7679.7516 | L9: 0.0065036383 | M9: 8 | N9: 3145.92 | O9: 2.8502296e-06 | P9: 0.005984734 | Q9: 0.001905 | R9: 0.1524 | S9: 3751771.9 | T9: 527.87377 | U9: 577.56635 | V9: 0.03 | W9: 82978.506 | X9: 0.031368633 | Y9: 5.6461473 | Z9: 5.6461473 | AA9: -1.7290978e-08 | AB9: 1.2566773e-05 | AC9: 666.592 | AD9: 2597.9956 | AE9: 577.56635 | AF9: 0 | AG9: 1.26207e-05 | AH9: 62.103184 | AI9: 0.31525602 | AJ9: 34.423648 | AK9: 3.7493914 | AL9: 1.129368 | AM9: 608.62111 | AN9: 4.3324917e-09 | AO9: 5.3927807e-08 | AP9: 3.8200143 | AQ9: 3.736907e-05 | AR9: 6.3373141e-06 | AS9: 17.285369 | AT9: 11.199302 | AU9: 3.5306475 | AV9: 0.28936685 | AW9: 0.0075552867 | AX9: 0.28936684 | AY9: 6.4923122e-09 | AZ9: 1080577.4 | BA9: 9.7824423e-06 | BB9: 3722274.9 | BC9: -29497.034 | BD9: -0.78621607 | BE9: 4164600 | BF9: 0.89378929 | BG9: 1 | BH9: -0.027 | BI9: 0.046 | BJ9: 5625 | BK9: 1.0342425 | BL9: 80.747335 | BM9: 3.7222749 | BN9: 80.747335 | BO9: 1.0342425 | BP9: 1660.3453 | BQ9: Not calculated | BR9: 0.1524
A10: 17.01_10 | B10: 13789520 | C10: 608.62111 | D10: 85.147894 | E10: 624.86627 | F10: 2643264.4 | G10: 1562687 | H10: 2.2019594e-05 | I10: 7.2223253e-05 | J10: 0.49112125 | K10: 7679.7516 | L10: 0.0065036383 | M10: 9 | N10: 3145.92 | O10: 2.8502296e-06 | P10: 0.005984734 | Q10: 0.001905 | R10: 0.1524 | S10: 3535281.8 | T10: 532.84871 | U10: 579.67386 | V10: 0.03 | W10: 82978.506 | X10: 0.031368633 | Y10: 5.6461473 | Z10: 5.6461473 | AA10: -1.7290978e-08 | AB10: 1.2566773e-05 | AC10: 662.65222 | AD10: 2597.9956 | AE10: 579.67386 | AF10: 6.2652202e-07 | AG10: 1.2617868e-05 | AH10: 62.103184 | AI10: 0.31525602 | AJ10: 34.415921 | AK10: 3.4947048 | AL10: 1.129368 | AM10: 608.62111 | AN10: 4.0275836e-09 | AO10: 5.1094974e-08 | AP10: 3.8193592 | AQ10: 3.738189e-05 | AR10: 6.3344813e-06 | AS10: 17.277643 | AT10: 11.197067 | AU10: 3.5299427 | AV10: 0.28941648 | AW10: 0.0075552867 | AX10: 0.28941648 | AY10: 6.4652687e-09 | AZ10: 1080577.4 | BA10: 9.7874771e-06 | BB10: 3524929.2 | BC10: -10352.655 | BD10: -0.29283818 | BE10: 3943750 | BF10: 0.89380138 | BG10: 1 | BH10: -0.026 | BI10: 0.046 | BJ10: 5625 | BK10: 1.0366402 | BL10: 75.772395 | BM10: 3.5249292 | BN10: 75.772395 | BO10: 1.0366402 | BP10: 1279.6642 | BQ10: Not calculated | BR10: 0.1524
A11: 18.01_10 | B11: 13789520 | C11: 608.62111 | D11: 85.147894 | E11: 624.86627 | F11: 2643264.4 | G11: 1562687 | H11: 2.2019594e-05 | I11: 7.2223253e-05 | J11: 0.49112125 | K11: 7679.7516 | L11: 0.0065036383 | M11: 10 | N11: 3634.08 | O11: 2.8502296e-06 | P11: 0.005984734 | Q11: 0.001905 | R11: 0.1524 | S11: 3515012.9 | T11: 541.31775 | U11: 581.62055 | V11: 0.03 | W11: 95854.481 | X11: 0.029426133 | Y11: 5.8295281 | Z11: 5.8295281 | AA11: -1.1375949e-08 | AB11: 1.0039048e-05 | AC11: 654.95066 | AD11: 2906.7256 | AE11: 581.62055 | AF11: 0 | AG11: 1.0081321e-05 | AH11: 77.740099 | AI11: 0.35271912 | AJ11: 30.76497 | AK11: 3.0519132 | AL11: 1.129368 | AM11: 608.62111 | AN11: 5.4569682e-12 | AO11: 4.2273105e-08 | AP11: 4.0567578 | AQ11: 3.3134781e-05 | AR11: 5.0617971e-06 | AS11: 15.446987 | AT11: 10.63707 | AU11: 3.7518979 | AV11: 0.30485992 | AW11: 0.00603559 | AX11: 0.30485989 | AY11: 2.9307291e-08 | AZ11: 1080577.4 | BA11: 8.1677986e-06 | BB11: 3494637.2 | BC11: -20375.709 | BD11: -0.57967664 | BE11: 4417000 | BF11: 0.7911789 | BG11: 1 | BH11: 0.001 | BI11: 0.046 | BJ11: 5625 | BK11: 1.0402904 | BL11: 67.303354 | BM11: 3.4946372 | BN11: 67.303354 | BO11: 1.0402904 | BP11: 745.47312 | BQ11: Not calculated | BR11: 0.1524
A12: 19.01_10 | B12: 13789520 | C12: 608.62111 | D12: 85.147894 | E12: 624.86627 | F12: 2643264.4 | G12: 1562687 | H12: 2.2019594e-05 | I12: 7.2223253e-05 | J12: 0.49112125 | K12: 7679.7516 | L12: 0.0065036383 | M12: 11 | N12: 3851.04 | O12: 2.8502296e-06 | P12: 0.005984734 | Q12: 0.001905 | R12: 0.1524 | S12: 4025857.1 | T12: 534.00031 | U12: 577.55984 | V12: 0.03 | W12: 101577.14 | X12: 0.028694843 | Y12: 5.9033437 | Z12: 5.9033438 | AA12: -2.692234e-08 | AB12: 9.1675816e-06 | AC12: 659.74607 | AD12: 3041.7457 | AE12: 577.55984 | AF12: 0 | AG12: 9.2124976e-06 | AH12: 85.130041 | AI12: 0.36910326 | AJ12: 29.419501 | AK12: 3.404262 | AL12: 1.129368 | AM12: 608.62111 | AN12: -1.2880719e-10 | AO12: 4.4916051e-08 | AP12: 4.1562829 | AQ12: 3.1566909e-05 | AR12: 4.6287068e-06 | AS12: 14.781469 | AT12: 10.416871 | AU12: 3.8449012 | AV12: 0.31138174 | AW12: 0.0055116544 | AX12: 0.31138174 | AY12: 4.3253842e-09 | AZ12: 1080577.4 | BA12: 7.5949856e-06 | BB12: 3993168 | BC12: -32689.02 | BD12: -0.81197666 | BE12: 4858700 | BF12: 0.82185935 | BG12: 1 | BH12: -0.018 | BI12: 0.046 | BJ12: 5625 | BK12: 1.037172 | BL12: 74.620793 | BM12: 3.993168 | BN12: 74.620793 | BO12: 1.037172 | BP12: 1198.5993 | BQ12: Not calculated | BR12: 0.1524
A13: 20.01_10 | B13: 13789520 | C13: 608.62111 | D13: 85.147894 | E13: 624.86627 | F13: 2643264.4 | G13: 1562687 | H13: 2.2019594e-05 | I13: 7.2223253e-05 | J13: 0.49112125 | K13: 7679.7516 | L13: 0.0065036383 | M13: 12 | N13: 3905.28 | O13: 2.8502296e-06 | P13: 0.005984734 | Q13: 0.001905 | R13: 0.1524 | S13: 4119595.8 | T13: 532.84871 | U13: 576.8034 | V13: 0.03 | W13: 103007.8 | X13: 0.02852248 | Y13: 5.921154 | Z13: 5.921154 | AA13: -8.2254532e-09 | AB13: 8.9685669e-06 | AC13: 660.32968 | AD13: 3075.3091 | AE13: 576.8034 | AF13: 0 | AG13: 9.0140076e-06 | AH13: 87.019097 | AI13: 0.37317603 | AJ13: 29.103264 | AK13: 3.4558054 | AL13: 1.129368 | AM13: 608.62111 | AN13: 3.4825689e-09 | AO13: 4.5440633e-08 | AP13: 4.1804653 | AQ13: 3.1202761e-05 | AR13: 4.5297241e-06 | AS13: 14.624989 | AT13: 10.363658 | AU13: 3.8674688 | AV13: 0.31299651 | AW13: 0.0053920045 | AX13: 0.3129965 | AY13: 4.7917047e-09 | AZ13: 1080577.4 | BA13: 7.4639445e-06 | BB13: 4110729.9 | BC13: -8865.8875 | BD13: -0.21521256 | BE13: 4890250 | BF13: 0.84059709 | BG13: 1 | BH13: -0.026 | BI13: 0.046 | BJ13: 5625 | BK13: 1.0366402 | BL13: 75.772395 | BM13: 4.1107299 | BN13: 75.772395 | BO13: 1.0366402 | BP13: 1279.6642 | BQ13: Not calculated | BR13: 0.1524
... A87: 498.01_10 | B87: 13789520 | C87: 608.62111 | D87: 85.147894 | E87: 624.86627 | F87: 2643264.4 | G87: 1562687 | H87: 2.2019594e-05 | I87: 7.2223253e-05 | J87: 0.49112125 | K87: 7679.7516 | L87: 0.0065036383 | M87: 86 | N87: 3051 | O87: 4.7446062e-05 | P87: 0.024417715 | Q87: 0.0077724 | R87: 0.59055 | S87: 1468476.4 | T87: 572.54323 | U87: 591.59078 | V87: 0.03 | W87: 328337.36 | X87: 0.023180309 | Y87: 6.5681096 | Z87: 6.5681096 | AA87: -1.1745966e-08 | AB87: 1.8080526e-05 | AC87: 633.44645 | AD87: 8837.0014 | AE87: 591.59078 | AF87: 3.3446452e-07 | AG87: 1.8109684e-05 | AH87: 43.164484 | AI87: 0.26282685 | AJ87: 41.180409 | AK87: 1.5604141 | AL87: 1.129368 | AM87: 608.62111 | AN87: 1.9001959e-08 | AO87: 2.9157928e-08 | AP87: 3.4431537 | AQ87: 4.5996994e-05 | AR87: 9.0694211e-06 | AS87: 20.623356 | AT87: 12.082121 | AU87: 3.1755059 | AV87: 0.26764782 | AW87: 0.010870218 | AX87: 0.26764781 | AY87: 1.0569103e-08 | AZ87: 1080577.4 | BA87: 1.3358972e-05 | BB87: 1473759.4 | BC87: 5283.006 | BD87: 0.35976104 | BE87: 2618650 | BF87: 0.56279359 | BG87: 1 | BH87: 0.033 | BI87: 0.046 | BJ87: 5625 | BK87: 1.0458744 | BL87: 36.07788 | BM87: 1.4737594 | BN87: 36.07788 | BO87: 1.0458744 | BP87: 15.383025 | BQ87: Not calculated | BR87: 0.59055

Sheet tm_108
A1: No_TableNo | B1: P | C1: Ts | D1: rhoG | E1: rhoL | F1: HG | G1: HL | H1: muG | I1: muL | J1: KL | K1: CPL | L1: sigma | M1: No | N1: G | O1: A | P1: Pw | Q1: DH | R1: L_DNB | S1: q_in | T1: Tin | U1: Tf | V1: f(beta) | W1: Re | X1: f | Y1: f_left | Z1: f_rihgt | AA1: f_balance | AB1: DB | AC1: Tw | AD1: y_plus | AE1: Tm | AF1: Tw_balance | AG1: y_star | AH1: tauw | AI1: Utau | AJ1: y_plus2 | AK1: Q | AL1: Pr | AM1: T(y_plus) | AN1: y_star_balance | AO1: delta | AP1: UB | AQ1: LB | AR1: YB | AS1: YB_plus | AT1: Karman_UB | AU1: UBL | AV1: UB_left | AW1: CD | AX1: UB_right | AY1: UB_balance | AZ1: HG-HL | BA1: LB/UB | BB1: q_P | BC1: dq_chf | BD1: dq_ratio | BE1: q_M | BF1: PM_ratio | BG1: F_form | BH1: x_Mes | BI1: A_corr | BJ1: σ_corr | BK1: Fcorr | BL1: Tsub | BM1: q_P_MW | BN1: Tsub2 | BO1: Fcorr2 | BP1: (Tsub-40)^2 | BQ1: F2 | BR1: L
A2: 3_108 | B2: 14927149 | C2: 614.91567 | D2: 95.991296 | E2: 604.83147 | F2: 2612762.6 | G2: 1607339.5 | H2: 2.2671477e-05 | I2: 6.9572023e-05 | J2: 0.47825678 | K2: 8454.9053 | L2: 0.0052373024 | M2: 229 | N2: 3507.972 | O2: 0.00010848891 | P2: 0.033674103 | Q2: 0.012886925 | R2: 1.778 | S2: 1550934.6 | T2: 579.81667 | U2: 598.69947 | V2: 0.03 | W2: 1697921.2 | X2: 0.015808189 | Y2: 7.9535119 | Z2: 7.9535119 | AA2: -1.3886858e-08 | AB2: 1.5632157e-05 | AC2: 632.68348 | AD2: 37738.411 | AE2: 598.69947 | AF2: 0 | AG2: 1.566416e-05 | AH2: 40.204068 | AI2: 0.25782071 | AJ2: 35.109502 | AK2: 1.0848455 | AL2: 1.2299352 | AM2: 614.91567 | AN2: 2.7351916e-09 | AO2: 3.2003076e-08 | AP2: 3.163659 | AQ2: 3.9687171e-05 | AR2: 7.8480815e-06 | AS2: 17.590617 | AT2: 11.286828 | AU2: 2.9099781 | AV2: 0.25368096 | AW2: 0.010168984 | AX2: 0.25368094 | AY2: 1.9162515e-08 | AZ2: 1005423.1 | BA2: 1.2544706e-05 | BB2: 1551366.8 | BC2: 432.24421 | BD2: 0.027869918 | BE2: 2915712.6 | BF2: 0.53207125 | BG2: 0.65432795 | BH2: 0.041827592 | BI2: 0.046 | BJ2: 5625 | BK2: 1.045804 | BL2: 35.098999 | BM2: 1.5513668 | BN2: 35.098999 | BO2: 1.045804 | BP2: 24.019806 | BQ2: 1.0093755 | BR2: 2.438
A3: 4_108 | B3: 14582411 | C3: 613.05027 | D3: 92.580958 | E3: 610.99185 | F3: 2622345.6 | G3: 1593812.5 | H3: 2.2466336e-05 | I3: 7.0373615e-05 | J3: 0.48213978 | K3: 8194.8014 | L3: 0.0056080352 | M3: 230 | N3: 3444.24 | O3: 0.00010848891 | P3: 0.033674103 | Q3: 0.012886925 | R3: 1.778 | S3: 1803192.9 | T3: 570.37222 | U3: 593.44226 | V3: 0.03 | W3: 1648084.9 | X3: 0.016115584 | Y3: 7.8772926 | Z3: 7.8772926 | AA3: -7.4168653e-09 | AB3: 1.7206182e-05 | AC3: 634.75374 | AD3: 36985.17 | AE3: 593.44226 | AF3: 3.4753737e-07 | AG3: 1.7244639e-05 | AH3: 39.111769 | AI3: 0.25300903 | AJ3: 37.880499 | AK3: 1.3331875 | AL3: 1.1961216 | AM3: 613.05027 | AN3: 8.6697582e-09 | AO3: 3.8456963e-08 | AP3: 3.2067921 | AQ3: 4.2618773e-05 | AR3: 8.6415481e-06 | AS3: 18.982488 | AT3: 11.667584 | AU3: 2.9520042 | AV3: 0.25478794 | AW3: 0.010917872 | AX3: 0.25478794 | AY3: 1.5837695e-09 | AZ3: 1028533.1 | BA3: 1.3290158e-05 | BB3: 1818438.1 | BC3: 15245.259 | BD3: 0.84545914 | BE3: 3184415.5 | BF3: 0.57104298 | BG3: 0.65432795 | BH3: 0.030903006 | BI3: 0.046 | BJ3: 5625 | BK3: 1.0459414 | BL3: 42.678048 | BM3: 1.8184381 | BN3: 42.678048 | BO3: 1.0459414 | BP3: 7.1719393 | BQ3: 1.0111623 | BR3: 2.438
A4: 5_108 | B4: 16650838 | C4: 623.74675 | D4: 115.08175 | E4: 572.29121 | F4: 2559557.8 | G4: 1675797.4 | H4: 2.3829583e-05 | I4: 6.550994e-05 | J4: 0.45915472 | K4: 10285.253 | L4: 0.0035437209 | M4: 231 | N4: 3437.46 | O4: 0.00010848891 | P4: 0.033674103 | Q4: 0.012886925 | R4: 1.778 | S4: 2133151.3 | T4: 575.92778 | U4: 597.71525 | V4: 0.03 | W4: 1766959.1 | X4: 0.014827407 | Y4: 8.2123491 | Z4: 8.2123491 | AA4: -3.4636383e-09 | AB4: 1.1112386e-05 | AC4: 650.95276 | AD4: 38035.059 | AE4: 597.71525 | AF4: 5.0952758e-07 | AG4: 1.1160673e-05 | AH4: 38.267795 | AI4: 0.25858789 | AJ4: 25.212065 | AK4: 1.5986598 | AL4: 1.4674494 | AM4: 623.74675 | AN4: 9.1565653e-09 | AO4: 4.8286773e-08 | AP4: 2.7350726 | AQ4: 3.1064943e-05 | AR4: 5.6044797e-06 | AS4: 12.660573 | AT4: 9.6424633 | AU4: 2.4934242 | AV4: 0.2416484 | AW4: 0.0083302291 | AX4: 0.24164839 | AY4: 1.450307e-09 | AZ4: 883760.41 | BA4: 1.1357996e-05 | BB4: 2150196.3 | BC4: 17044.999 | BD4: 0.7990525 | BE4: 3144395.9 | BF4: 0.68381855 | BG4: 0.65432795 | BH4: -0.065763841 | BI4: 0.046 | BJ4: 5625 | BK4: 1.0455027 | BL4: 47.81897 | BM4: 2.1501963 | BN4: 47.81897 | BO4: 1.0455027 | BP4: 61.136284 | BQ4: 1.0083258 | BR4: 2.438
A5: 6_108 | B5: 16650838 | C5: 623.74675 | D5: 115.08175 | E5: 572.29121 | F5: 2559557.8 | G5: 1675797.4 | H5: 2.3829583e-05 | I5: 6.550994e-05 | J5: 0.45915472 | K5: 10285.253 | L5: 0.0035437209 | M5: 232 | N5: 2798.784 | O5: 0.00010848891 | P5: 0.033674103 | Q5: 0.012886925 | R5: 1.778 | S5: 2188781.5 | T5: 565.92778 | U5: 593.38496 | V5: 0.03 | W5: 1438660.2 | X5: 0.015879997 | Y5: 7.9355091 | Z5: 7.9355091 | AA5: -1.9045393e-08 | AB5: 1.5651596e-05 | AC5: 660.1586 | AD5: 32048.554 | AE5: 593.38496 | AF5: 0 | AG5: 1.5715237e-05 | AH5: 27.169529 | AI5: 0.2178876 | AJ5: 29.913231 | AK5: 2.0312746 | AL5: 1.4674494 | AM5: 623.74675 | AN5: 7.4859372e-09 | AO5: 6.3640811e-08 | AP5: 2.5089117 | AQ5: 3.6917946e-05 | AR5: 7.8894389e-06 | AS5: 15.017184 | AT5: 10.495976 | AU5: 2.286943 | AV5: 0.2219687 | AW5: 0.011732978 | AX5: 0.2219687 | AY5: 3.9990492e-09 | AZ5: 883760.41 | BA5: 1.4714725e-05 | BB5: 2187435.1 | BC5: -1346.3913 | BD5: -0.061513284 | BE5: 2955732.2 | BF5: 0.74006538 | BG5: 0.65432795 | BH5: -0.092078771 | BI5: 0.046 | BJ5: 5625 | BK5: 1.0434754 | BL5: 57.81897 | BM5: 2.1874351 | BN5: 57.81897 | BO5: 1.0434754 | BP5: 317.51567 | BQ5: 1.0087754 | BR5: 2.438
A6: 16_108 | B6: 14582411 | C6: 613.05027 | D6: 92.580958 | E6: 610.99185 | F6: 2622345.6 | G6: 1593812.5 | H6: 2.2466336e-05 | I6: 7.0373615e-05 | J6: 0.48213978 | K6: 8194.8014 | L6: 0.0056080352 | M6: 242 | N6: 2740.476 | O6: 0.00010848891 | P6: 0.033674103 | Q6: 0.012886925 | R6: 1.778 | S6: 2634801.9 | T6: 534.53889 | U6: 576.90528 | V6: 0.03 | W6: 1311330.6 | X6: 0.017469075 | Y6: 7.5659775 | Z6: 7.5659775 | AA6: -1.0260209e-08 | AB6: 2.5072374e-05 | AC6: 657.04231 | AD6: 30638.828 | AE6: 576.90528 | AF6: 0 | AG6: 2.5148983e-05 | AH6: 26.840866 | AI6: 0.20959482 | AJ6: 45.764269 | AK6: 2.6260684 | AL6: 1.1961216 | AM6: 613.05027 | AN6: 4.1083581e-08 | AO6: 7.6608651e-08 | AP6: 2.8795138 | AQ6: 5.2857209e-05 | AR6: 1.2612796e-05 | AS6: 22.951838 | AT6: 12.61699 | AU6: 2.6444558 | AV6: 0.235058 | AW6: 0.015909221 | AX6: 0.235058 | AY6: 5.9075522e-10 | AZ6: 1028533.1 | BA6: 1.8356296e-05 | BB6: 2622686.8 | BC6: -12115.05 | BD6: -0.45980877 | BE6: 3264454.7 | BF6: 0.80340733 | BG6: 0.65432795 | BH6: -0.094205149 | BI6: 0.046 | BJ6: 5625 | BK6: 1.0353386 | BL6: 78.511381 | BM6: 2.6226868 | BN6: 78.511381 | BO6: 1.0353386 | BP6: 1483.1265 | BQ6: 1.0122802 | BR6: 2.438
A7: 17_108 | B7: 14582411 | C7: 613.05027 | D7: 92.580958 | E7: 610.99185 | F7: 2622345.6 | G7: 1593812.5 | H7: 2.2466336e-05 | I7: 7.0373615e-05 | J7: 0.48213978 | K7: 8194.8014 | L7: 0.0056080352 | M7: 243 | N7: 2759.46 | O7: 0.00010848891 | P7: 0.033674103 | Q7: 0.012886925 | R7: 1.778 | S7: 2390583.9 | T7: 542.87222 | U7: 581.04725 | V7: 0.03 | W7: 1320414.5 | X7: 0.017425744 | Y7: 7.5753784 | Z7: 7.5753784 | AA7: -9.3748644e-09 | AB7: 2.4790074e-05 | AC7: 651.8849 | AD7: 30812.786 | AE7: 581.04725 | AF7: 5.1884899e-07 | AG7: 2.4859263e-05 | AH7: 27.146519 | AI7: 0.21078484 | AJ7: 45.4939 | AK7: 2.3202531 | AL7: 1.1961216 | AM7: 613.05027 | AN7: 4.9422738e-08 | AO7: 6.9188552e-08 | AP7: 2.8885981 | AQ7: 5.2525273e-05 | AR7: 1.2464226e-05 | AS7: 22.81026 | AT7: 12.586052 | AU7: 2.6529489 | AV7: 0.23564916 | AW7: 0.015730093 | AX7: 0.23564916 | AY7: 9.2025232e-10 | AZ7: 1028533.1 | BA7: 1.8183656e-05 | BB7: 2391149.5 | BC7: 565.61703 | BD7: 0.023660205 | BE7: 3144395.9 | BF7: 0.76044796 | BG7: 0.65432795 | BH7: -0.062186969 | BI7: 0.046 | BJ7: 5625 | BK7: 1.039124 | BL7: 70.178048 | BM7: 2.3911495 | BN7: 70.178048 | BO7: 1.039124 | BP7: 910.71456 | BQ7: 1.010908 | BR7: 2.438
A8: 18_108 | B8: 14582411 | C8: 613.05027 | D8: 92.580958 | E8: 610.99185 | F8: 2622345.6 | G8: 1593812.5 | H8: 2.2466336e-05 | I8: 7.0373615e-05 | J8: 0.48213978 | K8: 8194.8014 | L8: 0.0056080352 | M8: 244 | N8: 2747.256 | O8: 0.00010848891 | P8: 0.033674103 | Q8: 0.012886925 | R8: 1.778 | S8: 1964396.1 | T8: 556.20556 | U8: 587.71418 | V8: 0.03 | W8: 1314574.8 | X8: 0.017453547 | Y8: 7.5693423 | Z8: 7.5693424 | AA8: -1.0018897e-08 | AB8: 2.497097e-05 | AC8: 643.84724 | AD8: 30700.976 | AE8: 587.71418 | AF8: 0 | AG8: 2.5028702e-05 | AH8: 26.949863 | AI8: 0.21001996 | AJ8: 45.637775 | AK8: 1.8391593 | AL8: 1.1961216 | AM8: 613.05027 | AN8: 2.3982693e-08 | AO8: 5.773218e-08 | AP8: 2.8815103 | AQ8: 5.2783989e-05 | AR8: 1.2543217e-05 | AS8: 22.871522 | AT8: 12.599463 | AU8: 2.6461387 | AV8: 0.23537159 | AW8: 0.015844877 | AX8: 0.23537159 | AY8: 6.6216851e-10 | AZ8: 1028533.1 | BA8: 1.8318168e-05 | BB8: 1980567.3 | BC8: 16171.201 | BD8: 0.82321488 | BE8: 2898561.3 | BF8: 0.68329322 | BG8: 0.65432795 | BH8: -0.010917306 | BI8: 0.046 | BJ8: 5625 | BK8: 1.0437372 | BL8: 56.844714 | BM8: 1.9805673 | BN8: 56.844714 | BO8: 1.0437372 | BP8: 283.7444 | BQ8: 1.0093126 | BR8: 2.438
A9: 19_108 | B9: 14582411 | C9: 613.05027 | D9: 92.580958 | E9: 610.99185 | F9: 2622345.6 | G9: 1593812.5 | H9: 2.2466336e-05 | I9: 7.0373615e-05 | J9: 0.48213978 | K9: 8194.8014 | L9: 0.0056080352 | M9: 245 | N9: 3425.256 | O9: 0.00010848891 | P9: 0.033674103 | Q9: 0.012886925 | R9: 1.778 | S9: 2260070.8 | T9: 558.15 | U9: 587.22559 | V9: 0.03 | W9: 1639001 | X9: 0.016146426 | Y9: 7.8697656 | Z9: 7.8697656 | AA9: -8.1061771e-09 | AB9: 1.7364205e-05 | AC9: 641.70422 | AD9: 36816.494 | AE9: 587.22559 | AF9: 4.170422e-07 | AG9: 1.741211e-05 | AH9: 38.755833 | AI9: 0.25185515 | AJ9: 38.073937 | AK9: 1.7587616 | AL9: 1.1961216 | AM9: 613.05027 | AN9: 1.95339e-08 | AO9: 4.7905208e-08 | AP9: 3.1997909 | AQ9: 4.2805479e-05 | AR9: 8.7300076e-06 | AS9: 19.089344 | AT9: 11.695651 | AU9: 2.94561 | AV9: 0.25418088 | AW9: 0.011018142 | AX9: 0.25418088 | AY9: 1.4042972e-09 | AZ9: 1028533.1 | BA9: 1.3377586e-05 | BB9: 2250394.4 | BC9: -9676.3999 | BD9: -0.42814588 | BE9: 3338776.8 | BF9: 0.67401763 | BG9: 0.65432795 | BH9: -0.026417472 | BI9: 0.046 | BJ9: 5625 | BK9: 1.0442198 | BL9: 54.90027 | BM9: 2.2503944 | BN9: 54.90027 | BO9: 1.0442198 | BP9: 222.01804 | BQ9: 1.0133758 | BR9: 2.438
A10: 20_108 | B10: 14410042 | C10: 612.10418 | D10: 90.918182 | E10: 614.04048 | F10: 2627022.6 | G10: 1587051.7 | H10: 2.236639e-05 | I10: 7.0774633e-05 | J10: 0.48408645 | K10: 8073.7157 | L10: 0.0057975807 | M10: 246 | N10: 4145.292 | O10: 0.00010848891 | P10: 0.033674103 | Q10: 0.012886925 | R10: 1.778 | S10: 2018154.6 | T10: 570.65 | U10: 592.42528 | V10: 0.03 | W10: 1972302.6 | X10: 0.015224273 | Y10: 8.1046024 | Z10: 8.1046024 | AA10: -2.7798954e-09 | AB10: 1.306376e-05 | AC10: 632.34339 | AD10: 43019.647 | AE10: 592.42528 | AF10: 3.2343382e-07 | AG10: 1.3096719e-05 | AH10: 53.254933 | AI10: 0.29449737 | AJ10: 33.46288 | AK10: 1.2782021 | AL10: 1.1803972 | AM10: 612.10418 | AN10: 4.9298023e-09 | AO10: 3.2958816e-08 | AP10: 3.528375 | AQ10: 3.6948184e-05 | AR10: 6.5648391e-06 | AS10: 16.773546 | AT10: 11.049015 | AU10: 3.2539058 | AV10: 0.2744692 | AW10: 0.0081897039 | AX10: 0.27446919 | AY10: 1.1770838e-08 | AZ10: 1039970.8 | BA10: 1.0471728e-05 | BB10: 2009885.9 | BC10: -8268.6722 | BD10: -0.40971451 | BE10: 3475986.8 | BF10: 0.57822025 | BG10: 0.65432795 | BH10: 0.011901063 | BI10: 0.046 | BJ10: 5625 | BK10: 1.0459827 | BL10: 41.454175 | BM10: 2.0098859 | BN10: 41.454175 | BO10: 1.0459827 | BP10: 2.1146257 | BQ10: 1.0118388 | BR10: 2.438
A11: 21_108 | B11: 14651359 | C11: 613.42618 | D11: 93.25382 | E11: 609.76673 | F11: 2620453.8 | G11: 1596517 | H11: 2.2506791e-05 | I11: 7.0213281e-05 | J11: 0.48136205 | K11: 8244.8395 | L11: 0.0055330019 | M11: 247 | N11: 4160.208 | O11: 0.00010848891 | P11: 0.033674103 | Q11: 0.012886925 | R11: 1.778 | S11: 1761768.8 | T11: 578.15 | U11: 596.69768 | V11: 0.03 | W11: 1995224.7 | X11: 0.01507591 | Y11: 8.1443839 | Z11: 8.1443839 | AA11: -1.8636932e-08 | AB11: 1.2413154e-05 | AC11: 630.57456 | AD11: 43307.049 | AE11: 596.69768 | AF11: 0 | AG11: 1.2442079e-05 | AH11: 53.488437 | AI11: 0.29617479 | AJ11: 32.002618 | AK11: 1.0775938 | AL11: 1.2026233 | AM11: 613.42618 | AN11: 5.9517333e-09 | AO11: 2.8924789e-08 | AP11: 3.4790035 | AQ11: 3.5511468e-05 | AR11: 6.235502e-06 | AS11: 16.038508 | AT11: 10.824963 | AU11: 3.2060812 | AV11: 0.27292231 | AW11: 0.0079152405 | AX11: 0.2729223 | AY11: 1.2088576e-08 | AZ11: 1023936.8 | BA11: 1.0207368e-05 | BB11: 1769266.7 | BC11: 7497.9173 | BD11: 0.42559032 | BE11: 3121527.6 | BF11: 0.56679514 | BG11: 0.65432795 | BH11: 0.016591549 | BI11: 0.046 | BJ11: 5625 | BK11: 1.0458179 | BL11: 35.276182 | BM11: 1.7692667 | BN11: 35.276182 | BO11: 1.0458179 | BP11: 22.314458 | BQ11: 1.0092778 | BR11: 2.438
A12: 22_108 | B12: 14444516 | C12: 612.29412 | D12: 91.248556 | E12: 613.43232 | F12: 2626093.1 | G12: 1588403.9 | H12: 2.2386246e-05 | I12: 7.0694402e-05 | J12: 0.48369685 | K12: 8097.4886 | L12: 0.0057594463 | M12: 248 | N12: 4122.24 | O12: 0.00010848891 | P12: 0.033674103 | Q12: 0.012886925 | R12: 1.778 | S12: 1156398.9 | T12: 589.53889 | U12: 602.04902 | V12: 0.03 | W12: 1963560.5 | X12: 0.01523423 | Y12: 8.1019534 | Z12: 8.1019534 | AA12: -2.7876883e-09 | AB12: 1.3101818e-05 | AC12: 622.84804 | AD12: 42842.969 | AE12: 602.04902 | AF12: 0 | AG12: 1.3120979e-05 | AH12: 52.750966 | AI12: 0.29324585 | AJ12: 33.387181 | AK12: 0.66564975 | AL12: 1.1834832 | AM12: 612.29412 | AN12: 3.0298679e-09 | AO12: 1.916092e-08 | AP12: 3.5090297 | AQ12: 3.6998689e-05 | AR12: 6.5700699e-06 | AS12: 16.717968 | AT12: 11.03242 | AU12: 3.2352116 | AV12: 0.27381816 | AW12: 0.0082333135 | AX12: 0.27381815 | AY12: 1.2121562e-08 | AZ12: 1037689.2 | BA12: 1.0543852e-05 | BB12: 1156780.7 | BC12: 381.78214 | BD12: 0.033014744 | BE12: 2755634.3 | BF12: 0.41978746 | BG12: 0.65432795 | BH12: 0.069505391 | BI12: 0.046 | BJ12: 5625 | BK12: 1.0436312 | BL12: 22.755233 | BM12: 1.1567807 | BN12: 22.755233 | BO12: 1.0436312 | BP12: 297.38201 | BQ12: 0.99834772 | BR12: 2.438
A13: 26_108 | B13: 16581891 | C13: 623.40834 | D13: 114.24072 | E13: 573.66553 | F13: 2561880.9 | G13: 1673008.5 | H13: 2.3778054e-05 | I13: 6.5676255e-05 | J13: 0.45990285 | K13: 10188.162 | L13: 0.0036065031 | M13: 252 | N13: 4191.396 | O13: 0.00010848891 | P13: 0.033674103 | Q13: 0.012886925 | R13: 1.9304 | S13: 1953061.8 | T13: 577.59444 | U13: 598.43529 | V13: 0.03 | W13: 2149049.2 | X13: 0.013952668 | Y13: 8.4658656 | Z13: 8.4658656 | AA13: -1.4591388e-08 | AB13: 8.1029219e-06 | AC13: 646.39744 | AD13: 44874.538 | AE13: 598.43529 | AF13: 4.639744e-07 | AG13: 8.1377917e-06 | AH13: 53.410409 | AI13: 0.30512906 | AJ13: 21.689049 | AK13: 1.4268205 | AL13: 1.4549166 | AM13: 623.40834 | AN13: 6.8728241e-09 | AO13: 3.4869757e-08 | AP13: 2.9767178 | AQ13: 2.6843579e-05 | AR13: 4.0863307e-06 | AS13: 10.890993 | AT13: 8.8896804 | AU13: 2.7124998 | AV13: 0.26421797 | AW13: 0.006035698 | AX13: 0.26421796 | AY13: 7.4796495e-09 | AZ13: 888872.47 | BA13: 9.0178447e-06 | BB13: 1971716.1 | BC13: 18654.277 | BD13: 0.95512987 | BE13: 3001513.8 | BF13: 0.65690721 | BG13: 0.760494 | BH13: -0.058276004 | BI13: 0.046 | BJ13: 5625 | BK13: 1.0457244 | BL13: 45.813899 | BM13: 1.9717161 | BN13: 45.813899 | BO13: 1.0457244 | BP13: 33.80142 | BQ13: 1.0094312 | BR13: 2.438
... A15: 28_108 | B15: 16650838 | C15: 623.74675 | D15: 115.08175 | E15: 572.29121 | F15: 2559557.8 | G15: 1675797.4 | H15: 2.3829583e-05 | I15: 6.550994e-05 | J15: 0.45915472 | K15: 10285.253 | L15: 0.0035437209 | M15: 254 | N15: 4131.732 | O15: 0.00010848891 | P15: 0.033674103 | Q15: 0.012886925 | R15: 1.778 | S15: 1254442 | T15: 601.48333 | U15: 612.14295 | V15: 0.03 | W15: 2123836 | X15: 0.013974962 | Y15: 8.4591102 | Z15: 8.4591102 | AA15: -1.6394202e-08 | AB15: 8.1608029e-06 | AC15: 634.47232 | AD15: 44383.476 | AE15: 612.14295 | AF15: 0 | AG15: 8.1836287e-06 | AH15: 52.108415 | AI15: 0.30174869 | AJ15: 21.572535 | AK15: 0.66283739 | AL15: 1.4674494 | AM15: 623.74675 | AN15: 2.6032012e-09 | AO15: 2.2825731e-08 | AP15: 2.93486 | AQ15: 2.6979475e-05 | AR15: 4.1032272e-06 | AS15: 10.816352 | AT15: 8.8552955 | AU15: 2.6720738 | AV15: 0.26278623 | AW15: 0.0061176204 | AX15: 0.26278622 | AY15: 4.3819151e-09 | AZ15: 883760.41 | BA15: 9.1927639e-06 | BB15: 1255828.1 | BC15: 1386.0965 | BD15: 0.11049506 | BE15: 2687029.3 | BF15: 0.46736675 | BG15: 0.65432795 | BH15: 0.045215394 | BI15: 0.046 | BJ15: 5625 | BK15: 1.043498 | BL15: 22.263414 | BM15: 1.2558281 | BN15: 22.263414 | BO15: 1.043498 | BP15: 314.58648 | BQ15: 0.98980219 | BR15: 2.438

Sheet tm_161
A1: No_TableNo | B1: P | C1: Ts | D1: rhoG | E1: rhoL | F1: HG | G1: HL | H1: muG | I1: muL | J1: KL | K1: CPL | L1: sigma | M1: No | N1: G | O1: A | P1: Pw | Q1: DH | R1: L_DNB | S1: q_in | T1: Tin | U1: Tf | V1: f(beta) | W1: Re | X1: f | Y1: f_left | Z1: f_rihgt | AA1: f_balance | AB1: DB | AC1: Tw | AD1: y_plus | AE1: Tm | AF1: Tw_balance | AG1: y_star | AH1: tauw | AI1: Utau | AJ1: y_plus2 | AK1: Q | AL1: Pr | AM1: T(y_plus) | AN1: y_star_balance | AO1: delta | AP1: UB | AQ1: LB | AR1: YB | AS1: YB_plus | AT1: Karman_UB | AU1: UBL | AV1: UB_left | AW1: CD | AX1: UB_right | AY1: UB_balance | AZ1: HG-HL | BA1: LB/UB | BB1: q_P | BC1: dq_chf | BD1: dq_ratio | BE1: q_M | BF1: PM_ratio | BG1: F_form | BH1: x_Mes | BI1: A_corr | BJ1: σ_corr | BK1: Fcorr | BL1: Tsub | BM1: q_P_MW | BN1: Tsub2 | BO1: Fcorr2 | BP1: (Tsub-40)^2 | BQ1: F2 | BR1: L
A2: 1_161 | B2: 14582411 | C2: 613.05027 | D2: 92.580958 | E2: 610.99185 | F2: 2622345.6 | G2: 1593812.5 | H2: 2.2466336e-05 | I2: 7.0373615e-05 | J2: 0.48213978 | K2: 8194.8014 | L2: 0.0056080352 | M2: 268 | N2: 2709.288 | O2: 8.7843467e-05 | P2: 0.029843874 | Q2: 0.011773735 | R2: 4.2545 | S2: 309991.24 | T2: 587.81667 | U2: 607.99801 | V2: 0.03 | W2: 1148948.4 | X2: 0.017947229 | Y2: 7.4645099 | Z2: 7.4645099 | AA2: -9.248085e-09 | AB2: 2.4969488e-05 | AC2: 619.32503 | AD2: 27209.729 | AE2: 607.99801 | AF2: 0 | AG2: 2.4978622e-05 | AH2: 26.951463 | AI2: 0.2100262 | AJ2: 45.54781 | AK2: 0.37483184 | AL2: 1.1961216 | AM2: 613.05027 | AN2: 5.9641252e-09 | AO2: 9.134801e-09 | AP2: 2.8777923 | AQ2: 5.2920467e-05 | AR2: 1.2493879e-05 | AS2: 22.782234 | AT2: 12.579905 | AU2: 2.6421096 | AV2: 0.23568268 | AW2: 0.015843937 | AX2: 0.23568268 | AY2: 5.3842503e-10 | AZ2: 1028533.1 | BA2: 1.8389259e-05 | BB2: 312168.11 | BC2: 2176.8744 | BD2: 0.70223739 | BE2: 934294.73 | BF2: 0.33412167 | BG2: 1 | BH2: 0.10800429 | BI2: 0.046 | BJ2: 5625 | BK2: 1.044251 | BL2: 25.233603 | BM2: 0.31216811 | BN2: 25.233603 | BO2: 1.044251 | BP2: 218.04647 | BQ2: 0.97789546 | BR2: 4.267
A3: 2_161 | B3: 16547417 | C3: 623.2387 | D3: 113.823 | E3: 574.34989 | F3: 2563035.6 | G3: 1671616.3 | H3: 2.3752482e-05 | I3: 6.5759232e-05 | J3: 0.46027765 | K3: 10140.6 | L3: 0.0036380462 | M3: 269 | N3: 2737.764 | O3: 8.7843467e-05 | P3: 0.029843874 | Q3: 0.011773735 | R3: 4.2545 | S3: 494270.72 | T3: 588.87222 | U3: 614.60576 | V3: 0.03 | W3: 1242494.5 | X3: 0.016437499 | Y3: 7.7997759 | Z3: 7.799776 | AA3: -1.4043807e-08 | AB3: 1.6281268e-05 | AC3: 633.83431 | AD3: 28160.305 | AE3: 614.60576 | AF3: 0 | AG3: 1.6295907e-05 | AH3: 26.813977 | AI3: 0.21606894 | AJ3: 30.753227 | AK3: 0.59348508 | AL3: 1.4487736 | AM3: 623.2387 | AN3: 1.9019808e-10 | AO3: 1.4639076e-08 | AP3: 2.5166154 | AQ3: 3.7993155e-05 | AR3: 8.1552729e-06 | AS3: 15.390427 | AT3: 10.618728 | AU3: 2.2943774 | AV3: 0.22223798 | AW3: 0.012089362 | AX3: 0.22223796 | AY3: 1.8084581e-08 | AZ3: 891419.3 | BA3: 1.5096925e-05 | BB3: 496459.39 | BC3: 2188.6787 | BD3: 0.44280971 | BE3: 982919.73 | BF3: 0.50508641 | BG3: 1 | BH3: 0.029461923 | BI3: 0.046 | BJ3: 5625 | BK3: 1.0457412 | BL3: 34.366479 | BM3: 0.49645939 | BN3: 34.366479 | BO3: 1.0457412 | BP3: 31.736558 | BQ3: 0.94428405 | BR3: 4.267
A4: 3_161 | B4: 16547417 | C4: 623.2387 | D4: 113.823 | E4: 574.34989 | F4: 2563035.6 | G4: 1671616.3 | H4: 2.3752482e-05 | I4: 6.5759232e-05 | J4: 0.46027765 | K4: 10140.6 | L4: 0.0036380462 | M4: 270 | N4: 2730.984 | O4: 8.7843467e-05 | P4: 0.029843874 | Q4: 0.011773735 | R4: 4.2545 | S4: 916852.12 | T4: 556.42778 | U4: 604.28095 | V4: 0.03 | W4: 1239417.5 | X4: 0.016451586 | Y4: 7.7964359 | Z4: 7.7964359 | AA4: -1.4178999e-08 | AB4: 1.6348198e-05 | AC4: 646.53513 | AD4: 28102.601 | AE4: 604.28095 | AF4: 4.6535115e-07 | AG4: 1.6375472e-05 | AH4: 26.704199 | AI4: 0.21562619 | AJ4: 30.840054 | AK4: 1.3043724 | AL4: 1.4487736 | AM4: 623.2387 | AN4: 4.9789151e-09 | AO4: 2.7273402e-08 | AP4: 2.5154288 | AQ4: 3.8029006e-05 | AR4: 8.2013725e-06 | AS4: 15.445709 | AT4: 10.636656 | AU4: 2.2935417 | AV4: 0.22188719 | AW4: 0.01213906 | AX4: 0.22188718 | AY4: 1.7284878e-09 | AZ4: 891419.3 | BA4: 1.5118299e-05 | BB4: 923623.43 | BC4: 6771.3109 | BD4: 0.73853904 | BE4: 1274669.8 | BF4: 0.72459822 | BG4: 1 | BH4: -0.13139053 | BI4: 0.046 | BJ4: 5625 | BK4: 1.0404817 | BL4: 66.810924 | BM4: 0.92362343 | BN4: 66.810924 | BO4: 1.0404817 | BP4: 718.82562 | BQ4: 0.97937653 | BR4: 4.267
A5: 4_161 | B5: 14478990 | C5: 612.4837 | D5: 91.580012 | E5: 612.8234 | F5: 2625160.7 | G5: 1589756.1 | H5: 2.2406167e-05 | I5: 7.0614186e-05 | J5: 0.48330738 | K5: 8121.4802 | L5: 0.0057214248 | M5: 271 | N5: 2688.948 | O5: 8.7843467e-05 | P5: 0.029843874 | Q5: 0.011773735 | R5: 4.2545 | S5: 647947.73 | T5: 557.53889 | U5: 600.425 | V5: 0.03 | W5: 1136437.7 | X5: 0.018069826 | Y5: 7.4391449 | Z5: 7.4391449 | AA5: -1.7171734e-08 | AB5: 2.5762736e-05 | AC5: 627.52932 | AD5: 27005.215 | AE5: 600.425 | AF5: 0 | AG5: 2.5782022e-05 | AH5: 26.649769 | AI5: 0.20853505 | AJ5: 46.659429 | AK5: 0.89993078 | AL5: 1.1865983 | AM5: 612.4837 | AN5: 7.7294544e-09 | AO5: 1.9286299e-08 | AP5: 2.8848825 | AQ5: 5.4214221e-05 | AR5: 1.2900654e-05 | AS5: 23.347166 | AT5: 12.702378 | AU5: 2.648891 | AV5: 0.23599146 | AW5: 0.016228633 | AX5: 0.23599146 | AY5: 7.8862969e-10 | AZ5: 1035404.6 | BA5: 1.8792523e-05 | BB5: 651192.29 | BC5: 3244.5612 | BD5: 0.50074427 | BE5: 1180893 | BF5: 0.55144057 | BG5: 1 | BH5: 0.0037567661 | BI5: 0.046 | BJ5: 5625 | BK5: 1.0442093 | BL5: 54.944814 | BM5: 0.65119229 | BN5: 54.944814 | BO5: 1.0442093 | BP5: 223.34746 | BQ5: 0.95632728 | BR5: 4.267
A6: 6_161 | B6: 16650838 | C6: 623.74675 | D6: 115.08175 | E6: 572.29121 | F6: 2559557.8 | G6: 1675797.4 | H6: 2.3829583e-05 | I6: 6.550994e-05 | J6: 0.45915472 | K6: 10285.253 | L6: 0.0035437209 | M6: 272 | N6: 2687.592 | O6: 8.7843467e-05 | P6: 0.029843874 | Q6: 0.011773735 | R6: 4.2545 | S6: 1255750.1 | T6: 529.53889 | U6: 595.20165 | V6: 0.03 | W6: 1224366.2 | X6: 0.016462011 | Y6: 7.7939669 | Z6: 7.7939669 | AA6: -1.4266626e-08 | AB6: 1.6373377e-05 | AC6: 659.08469 | AD6: 27770.122 | AE6: 595.20165 | AF6: 0 | AG6: 1.64117e-05 | AH6: 25.971827 | AI6: 0.21303095 | AJ6: 30.542611 | AK6: 1.9647772 | AL6: 1.4674494 | AM6: 623.74675 | AN6: 9.9379349e-09 | AO6: 3.8323637e-08 | AP6: 2.4762128 | AQ6: 3.7899402e-05 | AR6: 8.2250119e-06 | AS6: 15.306966 | AT6: 10.59154 | AU6: 2.2563259 | AV6: 0.2198869 | AW6: 0.01227405 | AX6: 0.21988689 | AY6: 1.1736128e-08 | AZ6: 883760.41 | BA6: 1.530539e-05 | BB6: 1266408.9 | BC6: 10658.808 | BD6: 0.84880012 | BE6: 1500428.7 | BF6: 0.84403135 | BG6: 1 | BH6: -0.27208091 | BI6: 0.046 | BJ6: 5625 | BK6: 1.0272824 | BL6: 94.207858 | BM6: 1.2664089 | BN6: 94.207858 | BO6: 1.0272824 | BP6: 2938.4919 | BQ6: 0.97747277 | BR6: 4.267
A7: 7_161 | B7: 16650838 | C7: 623.74675 | D7: 115.08175 | E7: 572.29121 | F7: 2559557.8 | G7: 1675797.4 | H7: 2.3829583e-05 | I7: 6.550994e-05 | J7: 0.45915472 | K7: 10285.253 | L7: 0.0035437209 | M7: 273 | N7: 2770.308 | O7: 8.7843467e-05 | P7: 0.029843874 | Q7: 0.011773735 | R7: 4.2545 | S7: 1604681.1 | T7: 504.48333 | U7: 585.88625 | V7: 0.03 | W7: 1262048.5 | X7: 0.016290989 | Y7: 7.8347704 | Z7: 7.8347704 | AA7: -1.1498044e-08 | AB7: 1.5571995e-05 | AC7: 669.95858 | AD7: 28475.724 | AE7: 585.88625 | AF7: 6.9958571e-07 | AG7: 1.561856e-05 | AH7: 27.308415 | AI7: 0.21844379 | AJ7: 29.805099 | AK7: 2.5807311 | AL7: 1.4674494 | AM7: 623.74675 | AN7: 7.6067863e-09 | AO7: 4.656506e-08 | AP7: 2.5100933 | AQ7: 3.6883197e-05 | AR7: 7.8325625e-06 | AS7: 14.94698 | AT7: 10.472546 | AU7: 2.2876628 | AV7: 0.22243055 | AW7: 0.011673306 | AX7: 0.22243055 | AY7: 3.6379861e-09 | AZ7: 883760.41 | BA7: 1.4693954e-05 | BB7: 1602777 | BC7: -1904.1035 | BD7: -0.11865931 | BE7: 1757446.6 | BF7: 0.91199186 | BG7: 1 | BH7: -0.40001197 | BI7: 0.046 | BJ7: 5625 | BK7: 1.0150551 | BL7: 119.26341 | BM7: 1.602777 | BN7: 119.26341 | BO7: 1.0150551 | BP7: 6282.6888 | BQ7: 0.98813455 | BR7: 4.267
A8: 8_161 | B8: 14478990 | C8: 612.4837 | D8: 91.580012 | E8: 612.8234 | F8: 2625160.7 | G8: 1589756.1 | H8: 2.2406167e-05 | I8: 7.0614186e-05 | J8: 0.48330738 | K8: 8121.4802 | L8: 0.0057214248 | M8: 274 | N8: 2722.848 | O8: 8.7843467e-05 | P8: 0.029843874 | Q8: 0.011773735 | R8: 4.2545 | S8: 986608.46 | T8: 528.26111 | U8: 592.74935 | V8: 0.03 | W8: 1150765 | X8: 0.017987417 | Y8: 7.4561665 | Z8: 7.4561665 | AA8: -1.127188e-08 | AB8: 2.5240338e-05 | AC8: 636.97797 | AD8: 27283.246 | AE8: 592.74935 | AF8: 0 | AG8: 2.5268834e-05 | AH8: 27.201339 | AI8: 0.21068202 | AJ8: 46.201498 | AK8: 1.4672509 | AL8: 1.1865983 | AM8: 612.4837 | AN8: 1.8250262e-08 | AO8: 2.8496817e-08 | AP8: 2.9030978 | AQ8: 5.3536026e-05 | AR8: 1.2648666e-05 | AS8: 23.126801 | AT8: 12.654961 | AU8: 2.6661727 | AV8: 0.23692514 | AW8: 0.015899561 | AX8: 0.23692514 | AY8: 1.5224644e-09 | AZ8: 1035404.6 | BA8: 1.8441e-05 | BB8: 980521.98 | BC8: -6086.4785 | BD8: -0.61690922 | BE8: 1389285.8 | BF8: 0.70577411 | BG8: 1 | BH8: -0.11111462 | BI8: 0.046 | BJ8: 5625 | BK8: 1.0324913 | BL8: 84.222591 | BM8: 0.98052198 | BN8: 84.222591 | BO8: 1.0324913 | BP8: 1955.6376 | BQ8: 1.0002226 | BR8: 4.267
A9: 9_161 | B9: 14478990 | C9: 612.4837 | D9: 91.580012 | E9: 612.8234 | F9: 2625160.7 | G9: 1589756.1 | H9: 2.2406167e-05 | I9: 7.0614186e-05 | J9: 0.48330738 | K9: 8121.4802 | L9: 0.0057214248 | M9: 275 | N9: 3354.744 | O9: 8.7843467e-05 | P9: 0.029843874 | Q9: 0.011773735 | R9: 4.2545 | S9: 329797.58 | T9: 590.26111 | U9: 607.75745 | V9: 0.03 | W9: 1417825 | X9: 0.016693188 | Y9: 7.7398111 | Z9: 7.7398111 | AA9: -9.4447392e-09 | AB9: 1.7916481e-05 | AC9: 617.85564 | AD9: 32383.014 | AE9: 607.75745 | AF9: 1.7855632e-07 | AG9: 1.7923606e-05 | AH9: 38.320638 | AI9: 0.25006257 | AJ9: 38.897123 | AK9: 0.33030087 | AL9: 1.1865983 | AM9: 612.4837 | AN9: 2.8354634e-09 | AO9: 7.1255889e-09 | AP9: 3.2033073 | AQ9: 4.3971599e-05 | AR9: 8.965366e-06 | AS9: 19.456293 | AT9: 11.790853 | AU9: 2.948451 | AV9: 0.25485634 | AW9: 0.011286068 | AX9: 0.25485634 | AY9: 1.5031936e-09 | AZ9: 1035404.6 | BA9: 1.3726937e-05 | BB9: 329376.46 | BC9: -421.12326 | BD9: -0.12769143 | BE9: 1041964.4 | BF9: 0.31611106 | BG9: 1 | BH9: 0.099644021 | BI9: 0.046 | BJ9: 5625 | BK9: 1.0434868 | BL9: 22.222591 | BM9: 0.32937646 | BN9: 22.222591 | BO9: 1.0434868 | BP9: 316.03626 | BQ9: 0.97819367 | BR9: 4.267
A10: 10_161 | B10: 16547417 | C10: 623.2387 | D10: 113.823 | E10: 574.34989 | F10: 2563035.6 | G10: 1671616.3 | H10: 2.3752482e-05 | I10: 6.5759232e-05 | J10: 0.46027765 | K10: 10140.6 | L10: 0.0036380462 | M10: 276 | N10: 3404.916 | O10: 8.7843467e-05 | P10: 0.029843874 | Q10: 0.011773735 | R10: 4.2545 | S10: 580584.88 | T10: 589.70556 | U10: 614.01024 | V10: 0.03 | W10: 1545271.7 | X10: 0.01526755 | Y10: 8.0931079 | Z10: 8.0931079 | AA10: -2.7372948e-09 | AB10: 1.1332712e-05 | AC10: 633.09212 | AD10: 33753.168 | AE10: 614.01024 | AF10: 3.3092124e-07 | AG10: 1.13456e-05 | AH10: 38.522602 | AI10: 0.25898198 | AJ10: 25.663555 | AK10: 0.58083001 | AL10: 1.4487736 | AM10: 623.2387 | AN10: 1.4738362e-09 | AO10: 1.2888631e-08 | AP10: 2.7590571 | AQ10: 3.1609503e-05 | AR10: 5.6792444e-06 | AS10: 12.846355 | AT10: 9.7153004 | AU10: 2.5160877 | AV10: 0.24296942 | AW10: 0.0084149009 | AX10: 0.24296941 | AY10: 9.3387474e-09 | AZ10: 891419.3 | BA10: 1.1456632e-05 | BB10: 575981.28 | BC10: -4603.6013 | BD10: -0.79292476 | BE10: 1142687.6 | BF10: 0.5040584 | BG10: 1 | BH10: 0.014274736 | BI10: 0.046 | BJ10: 5625 | BK10: 1.0456593 | BL10: 33.533146 | BM10: 0.57598128 | BN10: 33.533146 | BO10: 1.0456593 | BP10: 41.820204 | BQ10: 0.94959993 | BR10: 4.267
A11: 11_161 | B11: 14478990 | C11: 612.4837 | D11: 91.580012 | E11: 612.8234 | F11: 2625160.7 | G11: 1589756.1 | H11: 2.2406167e-05 | I11: 7.0614186e-05 | J11: 0.48330738 | K11: 8121.4802 | L11: 0.0057214248 | M11: 277 | N11: 4065.288 | O11: 8.7843467e-05 | P11: 0.029843874 | Q11: 0.011773735 | R11: 4.2545 | S11: 438229.17 | T11: 587.53889 | U11: 606.72421 | V11: 0.03 | W11: 1718124.2 | X11: 0.0156218 | Y11: 8.0008192 | Z11: 8.0008192 | AA11: -4.7537725e-09 | AB11: 1.3037582e-05 | AC11: 618.53425 | AD11: 37961.652 | AE11: 606.72421 | AF11: 0 | AG11: 1.3044927e-05 | AH11: 52.660915 | AI11: 0.29314098 | AJ11: 33.186509 | AK11: 0.38133353 | AL11: 1.1865983 | AM11: 612.4837 | AN11: 8.8675733e-10 | AO11: 7.3454557e-09 | AP11: 3.4975324 | AQ11: 3.6884677e-05 | AR11: 6.5261362e-06 | AS11: 16.602598 | AT11: 10.997796 | AU11: 3.2239046 | AV11: 0.27362776 | AW11: 0.0082127197 | AX11: 0.27362775 | AY11: 1.2217039e-08 | AZ11: 1035404.6 | BA11: 1.0545914e-05 | BB11: 441956.93 | BC11: 3727.768 | BD11: 0.85064353 | BE11: 1226044.8 | BF11: 0.36047374 | BG11: 1 | BH11: 0.075098927 | BI11: 0.046 | BJ11: 5625 | BK11: 1.0441833 | BL11: 24.944814 | BM11: 0.44195693 | BN11: 24.944814 | BO11: 1.0441833 | BP11: 226.65864 | BQ11: 0.98252974 | BR11: 4.267
A12: 12_161 | B12: 16547417 | C12: 623.2387 | D12: 113.823 | E12: 574.34989 | F12: 2563035.6 | G12: 1671616.3 | H12: 2.3752482e-05 | I12: 6.5759232e-05 | J12: 0.46027765 | K12: 10140.6 | L12: 0.0036380462 | M12: 278 | N12: 4065.288 | O12: 8.7843467e-05 | P12: 0.029843874 | Q12: 0.011773735 | R12: 4.2545 | S12: 648207.79 | T12: 591.03889 | U12: 613.76649 | V12: 0.03 | W12: 1844972 | X12: 0.014409274 | Y12: 8.3306512 | Z12: 8.3306512 | AA12: -5.3704561e-09 | AB12: 8.4234741e-06 | AC12: 632.22266 | AD12: 39150.367 | AE12: 613.76649 | AF12: 0 | AG12: 8.4352962e-06 | AH12: 51.827255 | AI12: 0.30039371 | AJ12: 22.131507 | AK12: 0.55550769 | AL12: 1.4487736 | AM12: 623.2387 | AN12: -2.7512215e-09 | AO12: 1.1822089e-08 | AP12: 2.9591792 | AQ12: 2.747872e-05 | AR12: 4.2235592e-06 | AS12: 11.081262 | AT12: 8.9762779 | AU12: 2.6964174 | AV12: 0.26276185 | AW12: 0.006254699 | AX12: 0.26276185 | AY12: 6.1256981e-09 | AZ12: 891419.3 | BA12: 9.2859263e-06 | BB12: 651819.8 | BC12: 3612.0115 | BD12: 0.5572305 | BE12: 1316348.3 | BF12: 0.49517274 | BG12: 1 | BH12: 0.014204433 | BI12: 0.046 | BJ12: 5625 | BK12: 1.0455051 | BL12: 32.199812 | BM12: 0.6518198 | BN12: 32.199812 | BO12: 1.0455051 | BP12: 60.842926 | BQ12: 0.95766359 | BR12: 4.267
A13: 15_161 | B13: 16547417 | C13: 623.2387 | D13: 113.823 | E13: 574.34989 | F13: 2563035.6 | G13: 1671616.3 | H13: 2.3752482e-05 | I13: 6.5759232e-05 | J13: 0.46027765 | K13: 10140.6 | L13: 0.0036380462 | M13: 281 | N13: 3395.424 | O13: 8.7843467e-05 | P13: 0.029843874 | Q13: 0.011773735 | R13: 4.2545 | S13: 1008061.5 | T13: 562.26111 | U13: 604.57896 | V13: 0.03 | W13: 1540963.9 | X13: 0.015281702 | Y13: 8.0893595 | Z13: 8.0893595 | AA13: -2.654323e-09 | AB13: 1.1385608e-05 | AC13: 643.2105 | AD13: 33674.67 | AE13: 604.57896 | AF13: 4.321048e-07 | AG13: 1.1408219e-05 | AH13: 38.34363 | AI13: 0.25837967 | AJ13: 25.745185 | AK13: 1.1761066 | AL13: 1.4487736 | AM13: 623.2387 | AN13: 4.1719659e-09 | AO13: 2.2611431e-08 | AP13: 2.7579332 | AQ13: 3.163527e-05 | AR13: 5.7154154e-06 | AS13: 12.898106 | AT13: 9.7354025 | AU13: 2.5154301 | AV13: 0.24250313 | AW13: 0.0084541782 | AX13: 0.24250312 | AY13: 8.9059064e-09 | AZ13: 891419.3 | BA13: 1.1470644e-05 | BB13: 1009250.1 | BC13: 1188.6396 | BD13: 0.1179134 | BE13: 1444857.3 | BF13: 0.69851199 | BG13: 1 | BH13: -0.12366381 | BI13: 0.046 | BJ13: 5625 | BK13: 1.0425385 | BL13: 60.97759 | BM13: 1.0092501 | BN13: 60.97759 | BO13: 1.0425385 | BP13: 440.05929 | BQ13: 1.0011043 | BR13: 4.267
... A24: 70_161 | B24: 14444516 | C24: 612.29412 | D24: 91.248556 | E24: 613.43232 | F24: 2626093.1 | G24: 1588403.9 | H24: 2.2386246e-05 | I24: 7.0694402e-05 | J24: 0.48369685 | K24: 8097.4886 | L24: 0.0057594463 | M24: 317 | N24: 2699.796 | O24: 8.7843467e-05 | P24: 0.029843874 | Q24: 0.011773735 | R24: 4.2545 | S24: 647388.73 | T24: 557.48333 | U24: 600.28672 | V24: 0.03 | W24: 1139727.7 | X24: 0.018067593 | Y24: 7.4396046 | Z24: 7.4396046 | AA24: -1.5627847e-08 | AB24: 2.5754696e-05 | AC24: 627.25639 | AD24: 27081.722 | AE24: 600.28672 | AF24: 0 | AG24: 2.5773657e-05 | AH24: 26.835244 | AI24: 0.20915558 | AJ24: 46.776435 | AK24: 0.89604711 | AL24: 1.1834832 | AM24: 612.29412 | AN24: 7.3645197e-09 | AO24: 1.8960704e-08 | AP24: 2.896018 | AQ24: 5.4319768e-05 | AR24: 1.2896309e-05 | AS24: 23.405423 | AT24: 12.714839 | AU24: 2.6593794 | AV24: 0.2366386 | AW24: 0.016184509 | AX24: 0.2366386 | AY24: 1.2239091e-09 | AZ24: 1037689.2 | BA24: 1.8756709e-05 | BB24: 643475.13 | BC24: -3913.5983 | BD24: -0.60452061 | BE24: 1184366.2 | BF24: 0.54330759 | BG24: 1 | BH24: 0.0048574531 | BI24: 0.046 | BJ24: 5625 | BK24: 1.0442407 | BL24: 54.810788 | BM24: 0.64347513 | BN24: 54.810788 | BO24: 1.0442407 | BP24: 219.35944 | BQ24: 0.95702792 | BR24: 4.267

Sheet tm_164
A1: No_TableNo | B1: P | C1: Ts | D1: rhoG | E1: rhoL | F1: HG | G1: HL | H1: muG | I1: muL | J1: KL | K1: CPL | L1: sigma | M1: No | N1: G | O1: A | P1: Pw | Q1: DH | R1: L_DNB | S1: q_in | T1: Tin | U1: Tf | V1: f(beta) | W1: Re | X1: f | Y1: f_left | Z1: f_rihgt | AA1: f_balance | AB1: DB | AC1: Tw | AD1: y_plus | AE1: Tm | AF1: Tw_balance | AG1: y_star | AH1: tauw | AI1: Utau | AJ1: y_plus2 | AK1: Q | AL1: Pr | AM1: T(y_plus) | AN1: y_star_balance | AO1: delta | AP1: UB | AQ1: LB | AR1: YB | AS1: YB_plus | AT1: Karman_UB | AU1: UBL | AV1: UB_left | AW1: CD | AX1: UB_right | AY1: UB_balance | AZ1: HG-HL | BA1: LB/UB | BB1: q_P | BC1: dq_chf | BD1: dq_ratio | BE1: q_M | BF1: PM_ratio | BG1: F_form | BH1: x_Mes | BI1: A_corr | BJ1: σ_corr | BK1: Fcorr | BL1: Tsub | BM1: q_P_MW | BN1: Tsub2 | BO1: Fcorr2 | BP1: (Tsub-40)^2 | BQ1: F2 | BR1: L
A2: 2_164 | B2: 14513463 | C2: 612.67292 | D2: 91.912559 | E2: 612.21368 | F2: 2624225.3 | G2: 1591108.2 | H2: 2.2426156e-05 | I2: 7.0533984e-05 | J2: 0.48291805 | K2: 8145.6939 | L2: 0.0056835159 | M2: 319 | N2: 2668.608 | O2: 8.7843467e-05 | P2: 0.029843874 | Q2: 0.011773735 | R2: 3.4036 | S2: 775495.56 | T2: 535.26111 | U2: 591.48832 | V2: 0.03 | W2: 1129123.8 | X2: 0.018095543 | Y2: 7.4338567 | Z2: 7.4338567 | AA2: -3.1531222e-10 | AB2: 2.5920904e-05 | AC2: 639.18079 | AD2: 26850.501 | AE2: 591.48832 | AF2: 0 | AG2: 2.5944188e-05 | AH2: 26.311656 | AI2: 0.20731111 | AJ2: 46.683916 | AK2: 1.5828424 | AL2: 1.1897427 | AM2: 612.67292 | AN2: 2.6805878e-08 | AO2: 2.3284321e-08 | AP2: 2.869087 | AQ2: 5.4285291e-05 | AR2: 1.2983736e-05 | AS2: 23.362907 | AT2: 12.705748 | AU2: 2.6340427 | AV2: 0.23504425 | AW2: 0.016367817 | AX2: 0.23504423 | AY2: 1.589534e-08 | AZ2: 1033117.1 | BA2: 1.8920755e-05 | BB2: 778354.98 | BC2: 2859.4159 | BD2: 0.36872111 | BE2: 1183347.1 | BF2: 0.65775714 | BG2: 1.363 | BH2: -0.19727053 | BI2: 0.046 | BJ2: 5625 | BK2: 1.0358669 | BL2: 77.411809 | BM2: 0.77835498 | BN2: 77.411809 | BO2: 1.0358669 | BP2: 1399.6435 | BQ2: 0.95197733 | BR2: 4.267
A3: 3_164 | B3: 14478990 | C3: 612.4837 | D3: 91.580012 | E3: 612.8234 | F3: 2625160.7 | G3: 1589756.1 | H3: 2.2406167e-05 | I3: 7.0614186e-05 | J3: 0.48330738 | K3: 8121.4802 | L3: 0.0057214248 | M3: 320 | N3: 3390 | O3: 8.7843467e-05 | P3: 0.029843874 | Q3: 0.011773735 | R3: 3.4036 | S3: 959887.43 | T3: 534.31667 | U3: 589.26639 | V3: 0.03 | W3: 1432725.3 | X3: 0.016632062 | Y3: 7.7540206 | Z3: 7.7540206 | AA3: -1.2308996e-08 | AB3: 1.761024e-05 | AC3: 638.76537 | AD3: 32663.37 | AE3: 589.26639 | AF3: 0 | AG3: 1.7630869e-05 | AH3: 38.987032 | AI3: 0.25222749 | AJ3: 38.593088 | AK3: 1.6179173 | AL3: 1.1865983 | AM3: 612.4837 | AN3: 3.2766707e-08 | AO3: 2.0629653e-08 | AP3: 3.2207269 | AQ3: 4.3497238e-05 | AR3: 8.8257495e-06 | AS3: 19.319122 | AT3: 11.755477 | AU3: 2.9650544 | AV3: 0.25567242 | AW3: 0.011093159 | AX3: 0.25567241 | AY3: 1.959085e-09 | AZ3: 1035404.6 | BA3: 1.350541e-05 | BB3: 969236.1 | BC3: 9348.6727 | BD3: 0.97393428 | BE3: 1430613.6 | BF3: 0.67749677 | BG3: 1.363 | BH3: -0.21427781 | BI3: 0.046 | BJ3: 5625 | BK3: 1.0355048 | BL3: 78.167036 | BM3: 0.9692361 | BN3: 78.167036 | BO3: 1.0355048 | BP3: 1456.7226 | BQ3: 0.97649211 | BR3: 4.267
A4: 5_164 | B4: 16650838 | C4: 623.74675 | D4: 115.08175 | E4: 572.29121 | F4: 2559557.8 | G4: 1675797.4 | H4: 2.3829583e-05 | I4: 6.550994e-05 | J4: 0.45915472 | K4: 10285.253 | L4: 0.0035437209 | M4: 322 | N4: 2614.368 | O4: 8.7843467e-05 | P4: 0.029843874 | Q4: 0.011773735 | R4: 3.4036 | S4: 965291.16 | T4: 537.15 | U4: 593.72919 | V4: 0.03 | W4: 1191008.1 | X4: 0.016620263 | Y4: 7.7567725 | Z4: 7.7567725 | AA4: -1.2778107e-08 | AB4: 1.7138645e-05 | AC4: 661.31449 | AD4: 27143.051 | AE4: 593.72919 | AF4: 0 | AG4: 1.7169136e-05 | AH4: 24.812142 | AI4: 0.20822055 | AJ4: 31.230714 | AK4: 2.0823046 | AL4: 1.4674494 | AM4: 623.74675 | AN4: 5.9103513e-09 | AO4: 3.0491231e-08 | AP4: 2.4456021 | AQ4: 3.8854085e-05 | AR4: 8.5998138e-06 | AS4: 15.643089 | AT4: 10.700146 | AU4: 2.2279903 | AV4: 0.21761179 | AW4: 0.012847722 | AX4: 0.21761177 | AY4: 1.4732215e-08 | AZ4: 883760.41 | BA4: 1.5887329e-05 | BB4: 970679.12 | BC4: 5387.9581 | BD4: 0.55816922 | BE4: 1280487.5 | BF4: 0.75805436 | BG4: 1.363 | BH4: -0.36717616 | BI4: 0.046 | BJ4: 5625 | BK4: 1.0312694 | BL4: 86.596747 | BM4: 0.97067912 | BN4: 86.596747 | BO4: 1.0312694 | BP4: 2171.2569 | BQ4: 0.90537682 | BR4: 4.267
A5: 6_164 | B5: 16650838 | C5: 623.74675 | D5: 115.08175 | E5: 572.29121 | F5: 2559557.8 | G5: 1675797.4 | H5: 2.3829583e-05 | I5: 6.550994e-05 | J5: 0.45915472 | K5: 10285.253 | L5: 0.0035437209 | M5: 323 | N5: 3376.44 | O5: 8.7843467e-05 | P5: 0.029843874 | Q5: 0.011773735 | R5: 3.4036 | S5: 1156605.9 | T5: 539.03889 | U5: 591.53069 | V5: 0.03 | W5: 1538179.5 | X5: 0.015239011 | Y5: 8.1006826 | Z5: 8.1006826 | AA5: -2.807921e-09 | AB5: 1.1206577e-05 | AC5: 658.12564 | AD5: 33566.837 | AE5: 591.53069 | AF5: 5.8125636e-07 | AG5: 1.1233073e-05 | AH5: 37.946155 | AI5: 0.25749888 | AJ5: 25.268752 | AK5: 2.0187252 | AL5: 1.4674494 | AM5: 623.74675 | AN5: 2.4556357e-09 | AO5: 2.6495737e-08 | AP5: 2.7248256 | AQ5: 3.1299028e-05 | AR5: 5.6297841e-06 | AS5: 12.664177 | AT5: 9.6438864 | AU5: 2.48329 | AV5: 0.24153564 | AW5: 0.0084008379 | AX5: 0.24153564 | AY5: 1.3827866e-09 | AZ5: 883760.41 | BA5: 1.1486617e-05 | BB5: 1166636.3 | BC5: 10030.396 | BD5: 0.86722675 | BE5: 1524810.4 | BF5: 0.76510253 | BG5: 1.363 | BH5: -0.3811865 | BI5: 0.046 | BJ5: 5625 | BK5: 1.032243 | BL5: 84.707858 | BM5: 1.1666363 | BN5: 84.707858 | BO5: 1.032243 | BP5: 1998.7926 | BQ5: 0.94220713 | BR5: 4.267
A6: 8_164 | B6: 16719786 | C6: 624.08398 | D6: 115.93036 | E6: 570.90924 | F6: 2557216.1 | G6: 1678592.8 | H6: 2.3881636e-05 | I6: 6.5343121e-05 | J6: 0.45840869 | K6: 10385.059 | L6: 0.003481343 | M6: 325 | N6: 2714.712 | O6: 8.7843467e-05 | P6: 0.029843874 | Q6: 0.011773735 | R6: 3.4036 | S6: 715313.77 | T6: 564.03889 | U6: 604.0282 | V6: 0.03 | W6: 1239878.4 | X6: 0.016351058 | Y6: 7.8203658 | Z6: 7.8203658 | AA6: -1.2739128e-08 | AB6: 1.5834039e-05 | AC6: 648.75797 | AD6: 28027.027 | AE6: 604.0282 | AF6: 4.8757965e-07 | AG6: 1.5855751e-05 | AH6: 26.383738 | AI6: 0.21497335 | AJ6: 29.780957 | AK6: 1.3703982 | AL6: 1.4803213 | AM6: 624.08398 | AN6: 1.5853516e-08 | AO6: 2.1711574e-08 | AP6: 2.469341 | AQ6: 3.722679e-05 | AR6: 7.9387313e-06 | AS6: 14.910868 | AT6: 10.460452 | AU6: 2.2487184 | AV6: 0.22062264 | AW6: 0.011946363 | AX6: 0.22062263 | AY6: 1.3028817e-08 | AZ6: 878623.27 | BA6: 1.5075597e-05 | BB6: 722414.7 | BC6: 7100.9326 | BD6: 0.9927018 | BE6: 1068544.7 | BF6: 0.67607343 | BG6: 1.363 | BH6: -0.23077825 | BI6: 0.046 | BJ6: 5625 | BK6: 1.0428287 | BL6: 60.045095 | BM6: 0.7224147 | BN6: 60.045095 | BO6: 1.0428287 | BP6: 401.80585 | BQ6: 0.95793758 | BR6: 4.267
A7: 9_164 | B7: 16547417 | C7: 623.2387 | D7: 113.823 | E7: 574.34989 | F7: 2563035.6 | G7: 1671616.3 | H7: 2.3752482e-05 | I7: 6.5759232e-05 | J7: 0.46027765 | K7: 10140.6 | L7: 0.0036380462 | M7: 326 | N7: 3383.22 | O7: 8.7843467e-05 | P7: 0.029843874 | Q7: 0.011773735 | R7: 3.4036 | S7: 837925.57 | T7: 563.48333 | U7: 601.97721 | V7: 0.03 | W7: 1535425.3 | X7: 0.015299986 | Y7: 8.0845245 | Z7: 8.0845245 | AA7: -2.0972948e-08 | AB7: 1.1454192e-05 | AC7: 646.04556 | AD7: 33573.702 | AE7: 601.97721 | AF7: 0 | AG7: 1.147321e-05 | AH7: 38.114041 | AI7: 0.25760496 | AJ7: 25.814219 | AK7: 1.3419333 | AL7: 1.4487736 | AM7: 623.2387 | AN7: 6.4030701e-09 | AO7: 1.9018221e-08 | AP7: 2.7531189 | AQ7: 3.1746008e-05 | AR7: 5.7461142e-06 | AS7: 12.928505 | AT7: 9.7471726 | AU7: 2.51092 | AV7: 0.24219882 | AW7: 0.008505104 | AX7: 0.24219881 | AY7: 7.246274e-09 | AZ7: 891419.3 | BA7: 1.1530925e-05 | BB7: 844431.27 | BC7: 6505.7027 | BD7: 0.7764058 | BE7: 1245163.7 | BF7: 0.67816888 | BG7: 1.363 | BH7: -0.23592696 | BI7: 0.046 | BJ7: 5625 | BK7: 1.0429166 | BL7: 59.755368 | BM7: 0.84443127 | BN7: 59.755368 | BO7: 1.0429166 | BP7: 390.27456 | BQ7: 0.98823261 | BR7: 4.267
A8: 10_164 | B8: 16581891 | C8: 623.40834 | D8: 114.24072 | E8: 573.66553 | F8: 2561880.9 | G8: 1673008.5 | H8: 2.3778054e-05 | I8: 6.5676255e-05 | J8: 0.45990285 | K8: 10188.162 | L8: 0.0036065031 | M8: 327 | N8: 4040.88 | O8: 8.7843467e-05 | P8: 0.029843874 | Q8: 0.011773735 | R8: 3.4036 | S8: 956114.67 | T8: 564.26111 | U8: 600.86425 | V8: 0.03 | W8: 1836211.7 | X8: 0.014415782 | Y8: 8.3287705 | Z8: 8.3287705 | AA8: -5.6623186e-09 | AB8: 8.4377409e-06 | AC8: 644.83713 | AD8: 38973.273 | AE8: 600.86425 | AF8: 4.4837111e-07 | AG8: 8.4552132e-06 | AH8: 51.291025 | AI8: 0.29901385 | AJ8: 22.083415 | AK8: 1.3220179 | AL8: 1.4549166 | AM8: 623.40834 | AN8: -5.7953002e-09 | AO8: 1.7472266e-08 | AP8: 2.9436067 | AQ8: 2.7450874e-05 | AR8: 4.2363427e-06 | AS8: 11.064525 | AT8: 8.9687202 | AU8: 2.6817716 | AV8: 0.26183516 | AW8: 0.0062850977 | AX8: 0.26183515 | AY8: 4.9430032e-09 | AZ8: 888872.47 | BA8: 9.3255915e-06 | BB8: 955368.81 | BC8: -745.85244 | BD8: -0.07800868 | BE8: 1483599.3 | BF8: 0.6439534 | BG8: 1.363 | BH8: -0.23405491 | BI8: 0.046 | BJ8: 5625 | BK8: 1.0430975 | BL8: 59.147232 | BM8: 0.95536881 | BN8: 59.147232 | BO8: 1.0430975 | BP8: 366.6165 | BQ8: 0.99152205 | BR8: 4.267
A9: 12_164 | B9: 14547937 | C9: 612.86178 | D9: 92.246205 | E9: 611.60317 | F9: 2623287 | G9: 1592460.4 | H9: 2.2446212e-05 | I9: 7.0453794e-05 | J9: 0.48252885 | K9: 8170.1332 | L9: 0.0056457195 | M9: 329 | N9: 2770.308 | O9: 8.7843467e-05 | P9: 0.029843874 | Q9: 0.011773735 | R9: 3.4036 | S9: 543597.63 | T9: 561.48333 | U9: 599.33635 | V9: 0.03 | W9: 1173488.6 | X9: 0.017826663 | Y9: 7.4897094 | Z9: 7.4897094 | AA9: -4.1813735e-09 | AB9: 2.4228921e-05 | AC9: 629.50989 | AD9: 27697.394 | AE9: 599.33635 | AF9: 2.9509886e-07 | AG9: 2.4244421e-05 | AH9: 27.961886 | AI9: 0.21382002 | AJ9: 45.001349 | AK9: 0.99793795 | AL9: 1.192917 | AM9: 612.86178 | AN9: 2.7206397e-08 | AO9: 1.549991e-08 | AP9: 2.9149671 | AQ9: 5.2082683e-05 | AR9: 1.2129961e-05 | AS9: 22.515059 | AT9: 12.520922 | AU9: 2.6772238 | AV9: 0.23774327 | AW9: 0.015336603 | AX9: 0.23774327 | AY9: 2.0707789e-09 | AZ9: 1030826.6 | BA9: 1.7867332e-05 | BB9: 546921.28 | BC9: 3323.6419 | BD9: 0.61141582 | BE9: 965517 | BF9: 0.56645432 | BG9: 1.363 | BH9: -0.10561999 | BI9: 0.046 | BJ9: 5625 | BK9: 1.0449533 | BL9: 51.378442 | BM9: 0.54692128 | BN9: 51.378442 | BO9: 1.0449533 | BP9: 129.46894 | BQ9: 0.97565557 | BR9: 4.267
A10: 13_164 | B10: 14513463 | C10: 612.67292 | D10: 91.912559 | E10: 612.21368 | F10: 2624225.3 | G10: 1591108.2 | H10: 2.2426156e-05 | I10: 7.0533984e-05 | J10: 0.48291805 | K10: 8145.6939 | L10: 0.0056835159 | M10: 330 | N10: 3388.644 | O10: 8.7843467e-05 | P10: 0.029843874 | Q10: 0.011773735 | R10: 3.4036 | S10: 657159.61 | T10: 560.37222 | U10: 597.89517 | V10: 0.03 | W10: 1433780.7 | X10: 0.016612978 | Y10: 7.7584729 | Z10: 7.7584729 | AA10: -1.2911508e-08 | AB10: 1.7510234e-05 | AC10: 629.39613 | AD10: 32668.672 | AE10: 597.89517 | AF10: 0 | AG10: 1.7524282e-05 | AH10: 38.949903 | AI10: 0.25223286 | AJ10: 38.366001 | AK10: 1.0287133 | AL10: 1.1897427 | AM10: 612.67292 | AN10: 1.5773708e-08 | AO10: 1.4048307e-08 | AP10: 3.2126071 | AQ10: 4.3296657e-05 | AR10: 8.7691653e-06 | AS10: 19.198378 | AT10: 11.724129 | AU10: 2.9572107 | AV10: 0.25539642 | AW10: 0.011056879 | AX10: 0.25539642 | AY10: 1.7435941e-09 | AZ10: 1033117.1 | BA10: 1.3477109e-05 | BB10: 659295.08 | BC10: 2135.4633 | BD10: 0.32495353 | BE10: 1139192.3 | BF10: 0.57873905 | BG10: 1.363 | BH10: -0.11832822 | BI10: 0.046 | BJ10: 5625 | BK10: 1.0447791 | BL10: 52.300698 | BM10: 0.65929508 | BN10: 52.300698 | BO10: 1.0447791 | BP10: 151.30717 | BQ10: 0.99934588 | BR10: 4.267
A11: 14_164 | B11: 14582411 | C11: 613.05027 | D11: 92.580958 | E11: 610.99185 | F11: 2622345.6 | G11: 1593812.5 | H11: 2.2466336e-05 | I11: 7.0373615e-05 | J11: 0.48213978 | K11: 8194.8014 | L11: 0.0056080352 | M11: 331 | N11: 4065.288 | O11: 8.7843467e-05 | P11: 0.029843874 | Q11: 0.011773735 | R11: 3.4036 | S11: 778800.47 | T11: 560.26111 | U11: 597.10594 | V11: 0.03 | W11: 1723997.6 | X11: 0.01556367 | Y11: 8.0157468 | Z11: 8.0157468 | AA11: -2.1229468e-08 | AB11: 1.2788592e-05 | AC11: 629.78897 | AD11: 38020.487 | AE11: 597.10594 | AF11: 2.9788964e-07 | AG11: 1.2801605e-05 | AH11: 52.622231 | AI11: 0.29347217 | AJ11: 32.617968 | AK11: 1.0523876 | AL11: 1.1961216 | AM11: 613.05027 | AN11: 3.4997356e-09 | AO11: 1.301347e-08 | AP11: 3.4755389 | AQ11: 3.6282587e-05 | AR11: 6.4073093e-06 | AS11: 16.325563 | AT11: 10.913661 | AU11: 3.2028557 | AV11: 0.27268323 | AW11: 0.0081147695 | AX11: 0.27268322 | AY11: 1.2018682e-08 | AZ11: 1028533.1 | BA11: 1.0439413e-05 | BB11: 783376.8 | BC11: 4576.3235 | BD11: 0.5876118 | BE11: 1357022.4 | BF11: 0.57727626 | BG11: 1.363 | BH11: -0.12475207 | BI11: 0.046 | BJ11: 5625 | BK11: 1.0446817 | BL11: 52.789159 | BM11: 0.7833768 | BN11: 52.789159 | BO11: 1.0446817 | BP11: 163.56258 | BQ11: 1.0026263 | BR11: 4.267
A12: 17_164 | B12: 16547417 | C12: 623.2387 | D12: 113.823 | E12: 574.34989 | F12: 2563035.6 | G12: 1671616.3 | H12: 2.3752482e-05 | I12: 6.5759232e-05 | J12: 0.46027765 | K12: 10140.6 | L12: 0.0036380462 | M12: 334 | N12: 2703.864 | O12: 8.7843467e-05 | P12: 0.029843874 | Q12: 0.011773735 | R12: 3.4036 | S12: 435280.13 | T12: 587.59444 | U12: 612.6152 | V12: 0.03 | W12: 1227109.5 | X12: 0.016508472 | Y12: 7.7829915 | Z12: 7.7829915 | AA12: -1.4409593e-08 | AB12: 1.6620321e-05 | AC12: 636.3422 | AD12: 27871.591 | AE12: 612.6152 | AF12: 0 | AG12: 1.6633302e-05 | AH12: 26.266974 | AI12: 0.21385369 | AJ12: 31.068125 | AK12: 0.73291193 | AL12: 1.4487736 | AM12: 623.2387 | AN12: 1.5326123e-09 | AO12: 1.2981413e-08 | AP12: 2.5027955 | AQ12: 3.8413893e-05 | AR12: 8.3231418e-06 | AS12: 15.546186 | AT12: 10.669077 | AU12: 2.2816214 | AV12: 0.22117404 | AW12: 0.01234112 | AX12: 0.22117403 | AY12: 5.8306541e-09 | AZ12: 891419.3 | BA12: 1.5348395e-05 | BB12: 433029.59 | BC12: -2250.5347 | BD12: -0.51703134 | BE12: 835996.43 | BF12: 0.51798019 | BG12: 1.363 | BH12: -0.085063308 | BI12: 0.046 | BJ12: 5625 | BK12: 1.0458451 | BL12: 35.644257 | BM12: 0.43302959 | BN12: 35.644257 | BO12: 1.0458451 | BP12: 18.972498 | BQ12: 0.97423237 | BR12: 4.267
A13: 18_164 | B13: 16581891 | C13: 623.40834 | D13: 114.24072 | E13: 573.66553 | F13: 2561880.9 | G13: 1673008.5 | H13: 2.3778054e-05 | I13: 6.5676255e-05 | J13: 0.45990285 | K13: 10188.162 | L13: 0.0036065031 | M13: 335 | N13: 3330.336 | O13: 8.7843467e-05 | P13: 0.029843874 | Q13: 0.011773735 | R13: 3.4036 | S13: 460135.25 | T13: 592.03889 | U13: 613.41269 | V13: 0.03 | W13: 1513334.2 | X13: 0.015356531 | Y13: 8.0696266 | Z13: 8.0696266 | AA13: -1.1959896e-08 | AB13: 1.1661303e-05 | AC13: 634.21423 | AD13: 33151.748 | AE13: 613.41269 | AF13: 3.4214224e-07 | AG13: 1.167189e-05 | AH13: 37.112523 | AI13: 0.25434949 | AJ13: 25.931189 | AK13: 0.63309108 | AL13: 1.4549166 | AM13: 623.40834 | AN13: 8.5265128e-10 | AO13: 1.0587338e-08 | AP13: 2.7246108 | AQ13: 3.2041055e-05 | AR13: 5.8412388e-06 | AS13: 12.977355 | AT13: 9.7660297 | AU13: 2.4839846 | AV13: 0.24062615 | AW13: 0.0086862619 | AX13: 0.24062615 | AY13: 1.4177275e-09 | AZ13: 888872.47 | BA13: 1.1759865e-05 | BB13: 459073.96 | BC13: -1061.298 | BD13: -0.23064913 | BE13: 959629.7 | BF13: 0.47838656 | BG13: 1.363 | BH13: -0.066745541 | BI13: 0.046 | BJ13: 5625 | BK13: 1.0453949 | BL13: 31.369454 | BM13: 0.45907396 | BN13: 31.369454 | BO13: 1.0453949 | BP13: 74.486317 | BQ13: 0.98033522 | BR13: 4.267
... A22: 72_164 | B22: 14513463 | C22: 612.67292 | D22: 91.912559 | E22: 612.21368 | F22: 2624225.3 | G22: 1591108.2 | H22: 2.2426156e-05 | I22: 7.0533984e-05 | J22: 0.48291805 | K22: 8145.6939 | L22: 0.0056835159 | M22: 381 | N22: 2743.188 | O22: 8.7843467e-05 | P22: 0.029843874 | Q22: 0.011773735 | R22: 3.4036 | S22: 780623.67 | T22: 536.65 | U22: 591.71025 | V22: 0.03 | W22: 1160679.6 | X22: 0.017914606 | Y22: 7.4713033 | Z22: 7.4713033 | AA22: -7.708719e-09 | AB22: 2.4778381e-05 | AC22: 638.59648 | AD22: 27462.558 | AE22: 591.71025 | AF22: 3.8596477e-07 | AG22: 2.4800743e-05 | AH22: 27.524877 | AI22: 0.21203677 | AJ22: 45.643663 | AK22: 1.553177 | AL22: 1.1897427 | AM22: 612.67292 | AN22: 3.6151732e-08 | AO22: 2.2361577e-08 | AP22: 2.9074306 | AQ22: 5.2862885e-05 | AR22: 1.2411552e-05 | AS22: 22.842409 | AT22: 12.593094 | AU22: 2.670199 | AV22: 0.23723161 | AW22: 0.015646368 | AX22: 0.23723161 | AY22: 1.7170565e-09 | AZ22: 1033117.1 | BA22: 1.8181994e-05 | BB22: 777881.64 | BC22: -2742.029 | BD22: -0.35126132 | BE22: 1183347.1 | BF22: 0.65735714 | BG22: 1.363 | BH22: -0.19698049 | BI22: 0.046 | BJ22: 5625 | BK22: 1.0365232 | BL22: 76.02292 | BM22: 0.77788164 | BN22: 76.02292 | BO22: 1.0365232 | BP22: 1297.6508 | BQ22: 0.95922976 | BR22: 4.267

Sheet tm_F1_ST
A1: No_TableNo | B1: P | C1: Ts | D1: rhoG | E1: rhoL | F1: HG | G1: HL | H1: muG | I1: muL | J1: KL | K1: CPL | L1: sigma | M1: No | N1: G | O1: A | P1: Pw | Q1: DH | R1: L_DNB | S1: q_in | T1: Tin | U1: Tf | V1: f(beta) | W1: Re | X1: f | Y1: f_left | Z1: f_rihgt | AA1: f_balance | AB1: DB | AC1: Tw | AD1: y_plus | AE1: Tm | AF1: Tw_balance | AG1: y_star | AH1: tauw | AI1: Utau | AJ1: y_plus2 | AK1: Q | AL1: Pr | AM1: T(y_plus) | AN1: y_star_balance | AO1: delta | AP1: UB | AQ1: LB | AR1: YB | AS1: YB_plus | AT1: Karman_UB | AU1: UBL | AV1: UB_left | AW1: CD | AX1: UB_right | AY1: UB_balance | AZ1: HG-HL | BA1: LB/UB | BB1: q_P | BC1: dq_chf | BD1: dq_ratio | BE1: q_M | BF1: PM_ratio | BG1: F_form | BH1: x_Mes | BI1: A_corr | BJ1: σ_corr | BK1: Fcorr | BL1: Tsub | BM1: q_P_MW | BN1: Tsub2 | BO1: Fcorr2 | BP1: (Tsub-40)^2 | BQ1: F2 | BR1: L
A2: 9.01_10 | B2: 13789520 | C2: 608.62111 | D2: 85.147894 | E2: 624.86627 | F2: 2643264.4 | G2: 1562687 | H2: 2.2019594e-05 | I2: 7.2223253e-05 | J2: 0.49112125 | K2: 7679.7516 | L2: 0.0065036383 | M2: 1 | N2: 2440.8 | O2: 2.8502296e-06 | P2: 0.005984734 | Q2: 0.001905 | R2: 0.1524 | S2: 4672272.8 | T2: 499.9514 | U2: 579.7139 | V2: 0.03 | W2: 64379.875 | X2: 0.035268931 | Y2: 5.3248068 | Z2: 5.3248068 | AA2: -9.2647987e-09 | AB2: 1.8567696e-05 | AC2: 702.32732 | AD2: 2137.3286 | AE2: 579.7139 | AF2: 0 | AG2: 1.8661842e-05 | AH2: 42.031957 | AI2: 0.25935598 | AJ2: 41.875577 | AK2: 5.8745145 | AL2: 1.129368 | AM2: 608.62111 | AN2: 5.2953055e-09 | AO2: 9.4145806e-08 | AP2: 3.4252145 | AQ2: 4.6480064e-05 | AR2: 9.3779937e-06 | AS2: 21.043416 | AT2: 12.182939 | AU2: 3.159718 | AV2: 0.26549654 | AW2: 0.01116311 | AX2: 0.26549653 | AY2: 9.7554658e-09 | AZ2: 1080577.4 | BA2: 1.3569972e-05 | BB2: 4684519.1 | BC2: 12246.303 | BD2: 0.26210591 | BE2: 4038400 | BF2: 1.1599938 | BG2: 1 | BH2: -0.05 | BI2: 0.046 | BJ2: 5625 | BK2: 1.0198921 | BL2: 108.66971 | BM2: 4.6845191 | BN2: 108.66971 | BO2: 1.0198921 | BP2: 4715.529 | BQ2: Not calculated | BR2: 0.1524
A3: 10.01_10 | B3: 13789520 | C3: 608.62111 | D3: 85.147894 | E3: 624.86627 | F3: 2643264.4 | G3: 1562687 | H3: 2.2019594e-05 | I3: 7.2223253e-05 | J3: 0.49112125 | K3: 7679.7516 | L3: 0.0065036383 | M3: 2 | N3: 2454.36 | O3: 2.8502296e-06 | P3: 0.005984734 | Q3: 0.001905 | R3: 0.1524 | S3: 4703655.8 | T3: 499.3915 | U3: 579.24612 | V3: 0.03 | W3: 64737.541 | X3: 0.035176483 | Y3: 5.3317993 | Z3: 5.3317993 | AA3: -4.9712446e-08 | AB3: 1.8411355e-05 | AC3: 702.61252 | AD3: 2146.384 | AE3: 579.24612 | AF3: 0 | AG3: 1.8506041e-05 | AH3: 42.388874 | AI3: 0.26045482 | AJ3: 41.70191 | AK3: 5.8962345 | AL3: 1.129368 | AM3: 608.62111 | AN3: 8.8290449e-08 | AO3: 9.4685701e-08 | AP3: 3.4337449 | AQ3: 4.6249412e-05 | AR3: 9.3003631e-06 | AS3: 20.957638 | AT3: 12.162516 | AU3: 3.1677859 | AV3: 0.26595904 | AW3: 0.011069116 | AX3: 0.26595903 | AY3: 1.0054543e-08 | AZ3: 1080577.4 | BA3: 1.3469088e-05 | BB3: 4746671.6 | BC3: 43015.826 | BD3: 0.91451901 | BE3: 4038400 | BF3: 1.1753842 | BG3: 1 | BH3: -0.055 | BI3: 0.046 | BJ3: 5625 | BK3: 1.019621 | BL3: 109.22961 | BM3: 4.7466716 | BN3: 109.22961 | BO3: 1.019621 | BP3: 4792.7389 | BQ3: Not calculated | BR3: 0.1524
A4: 11.01_10 | B4: 13789520 | C4: 608.62111 | D4: 85.147894 | E4: 624.86627 | F4: 2643264.4 | G4: 1562687 | H4: 2.2019594e-05 | I4: 7.2223253e-05 | J4: 0.49112125 | K4: 7679.7516 | L4: 0.0065036383 | M4: 3 | N4: 3037.44 | O4: 2.8502296e-06 | P4: 0.005984734 | Q4: 0.001905 | R4: 0.1524 | S4: 5584453.6 | T4: 495.51146 | U4: 572.11975 | V4: 0.03 | W4: 80117.178 | X4: 0.031869501 | Y4: 5.6016036 | Z4: 5.6016036 | AA4: -2.5984783e-08 | AB4: 1.3268567e-05 | AC4: 702.10302 | AD4: 2528.3563 | AE4: 572.11975 | AF4: 0 | AG4: 1.3353168e-05 | AH4: 58.818453 | AI4: 0.30680558 | AJ4: 35.445215 | AK4: 6.0176875 | AL4: 1.129368 | AM4: 608.62111 | AN4: 9.2328492e-09 | AO4: 8.4600969e-08 | AP4: 3.7694089 | AQ4: 3.8379186e-05 | AR4: 6.7188845e-06 | AS4: 17.834892 | AT4: 11.355784 | AU4: 3.4840178 | AV4: 0.28539107 | AW4: 0.0079772136 | AX4: 0.28539106 | AY4: 3.8588525e-09 | AZ4: 1080577.4 | BA4: 1.0181752e-05 | BB4: 5610425.5 | BC4: 25971.858 | BD4: 0.46507429 | BE4: 5395050 | BF4: 1.0399209 | BG4: 1 | BH4: -0.033 | BI4: 0.046 | BJ4: 5625 | BK4: 1.0177861 | BL4: 113.10965 | BM4: 5.6104255 | BN4: 113.10965 | BO4: 1.0177861 | BP4: 5345.021 | BQ4: Not calculated | BR4: 0.1524
A5: 12.01_10 | B5: 13789520 | C5: 608.62111 | D5: 85.147894 | E5: 624.86627 | F5: 2643264.4 | G5: 1562687 | H5: 2.2019594e-05 | I5: 7.2223253e-05 | J5: 0.49112125 | K5: 7679.7516 | L5: 0.0065036383 | M5: 4 | N5: 3118.8 | O5: 2.8502296e-06 | P5: 0.005984734 | Q5: 0.001905 | R5: 0.1524 | S5: 6821250.1 | T5: 458.88286 | U5: 550.01661 | V5: 0.03 | W5: 82263.174 | X5: 0.03149114 | Y5: 5.6351543 | Z5: 5.6351543 | AA5: -3.3351511e-08 | AB5: 1.2736534e-05 | AC5: 726.14192 | AD5: 2580.6236 | AE5: 550.01661 | AF5: 1.2682399e-06 | AG5: 1.2835299e-05 | AH5: 61.275429 | AI5: 0.313148 | AJ5: 34.774884 | AK5: 7.5884539 | AL5: 1.129368 | AM5: 608.62111 | AN5: 4.8685024e-08 | AO5: 9.8765281e-08 | AP5: 3.8159944 | AQ5: 3.7447842e-05 | AR5: 6.4670324e-06 | AS5: 17.521235 | AT5: 11.267068 | AU5: 3.5282597 | AV5: 0.28773472 | AW5: 0.0076573493 | AX5: 0.28773472 | AY5: 6.1053302e-09 | AZ5: 1080577.4 | BA5: 9.8133902e-06 | BB5: 6795606.3 | BC5: -25643.833 | BD5: -0.37594037 | BE5: 6688600 | BF5: 1.0159983 | BG5: 1 | BH5: -0.075 | BI5: 0.046 | BJ5: 5625 | BK5: 1.0054073 | BL5: 149.73825 | BM5: 6.7956063 | BN5: 149.73825 | BO5: 1.0054073 | BP5: 12042.483 | BQ5: Not calculated | BR5: 0.1524
A6: 13.01_10 | B6: 13789520 | C6: 608.62111 | D6: 85.147894 | E6: 624.86627 | F6: 2643264.4 | G6: 1562687 | H6: 2.2019594e-05 | I6: 7.2223253e-05 | J6: 0.49112125 | K6: 7679.7516 | L6: 0.0065036383 | M6: 5 | N6: 3118.8 | O6: 2.8502296e-06 | P6: 0.005984734 | Q6: 0.001905 | R6: 0.1524 | S6: 5796588.6 | T6: 491.66308 | U6: 569.10708 | V6: 0.03 | W6: 82263.174 | X6: 0.03149114 | Y6: 5.6351543 | Z6: 5.6351543 | AA6: -3.3351511e-08 | AB6: 1.2736534e-05 | AC6: 704.07293 | AD6: 2580.6236 | AE6: 569.10708 | AF6: 0 | AG6: 1.2820957e-05 | AH6: 61.275429 | AI6: 0.313148 | AJ6: 34.736026 | AK6: 6.1645463 | AL6: 1.129368 | AM6: 608.62111 | AN6: 3.1021273e-08 | AO6: 8.4423197e-08 | AP6: 3.8127621 | AQ6: 3.7511363e-05 | AR6: 6.4526903e-06 | AS6: 17.482378 | AT6: 11.255967 | AU6: 3.5247835 | AV6: 0.28797865 | AW6: 0.0076573493 | AX6: 0.28797865 | AY6: 5.977281e-09 | AZ6: 1080577.4 | BA6: 9.8383695e-06 | BB6: 5794042 | BC6: -2546.5667 | BD6: -0.043932162 | BE6: 5679000 | BF6: 1.0202574 | BG6: 1 | BH6: -0.036 | BI6: 0.046 | BJ6: 5625 | BK6: 1.0160506 | BL6: 116.95802 | BM6: 5.794042 | BN6: 116.95802 | BO6: 1.0160506 | BP6: 5922.5376 | BQ6: Not calculated | BR6: 0.1524
A7: 14.01_10 | B7: 13789520 | C7: 608.62111 | D7: 85.147894 | E7: 624.86627 | F7: 2643264.4 | G7: 1562687 | H7: 2.2019594e-05 | I7: 7.2223253e-05 | J7: 0.49112125 | K7: 7679.7516 | L7: 0.0065036383 | M7: 6 | N7: 3118.8 | O7: 2.8502296e-06 | P7: 0.005984734 | Q7: 0.001905 | R7: 0.1524 | S7: 5780887.2 | T7: 492.22869 | U7: 569.46291 | V7: 0.03 | W7: 82263.174 | X7: 0.03149114 | Y7: 5.6351543 | Z7: 5.6351543 | AA7: -3.3351511e-08 | AB7: 1.2736534e-05 | AC7: 703.7233 | AD7: 2580.6236 | AE7: 569.46291 | AF7: 0 | AG7: 1.2820846e-05 | AH7: 61.275429 | AI7: 0.313148 | AJ7: 34.735725 | AK7: 6.141975 | AL7: 1.129368 | AM7: 608.62111 | AN7: 3.0844603e-08 | AO7: 8.4312086e-08 | AP7: 3.8127371 | AQ7: 3.7511856e-05 | AR7: 6.4525792e-06 | AS7: 17.482077 | AT7: 11.255881 | AU7: 3.5247565 | AV7: 0.28798055 | AW7: 0.0076573493 | AX7: 0.28798054 | AY7: 5.9762856e-09 | AZ7: 1080577.4 | BA7: 9.8385635e-06 | BB7: 5786302.2 | BC7: 5415.015 | BD7: 0.093671002 | BE7: 5521250 | BF7: 1.0480058 | BG7: 1 | BH7: -0.048 | BI7: 0.046 | BJ7: 5625 | BK7: 1.0163 | BL7: 116.39242 | BM7: 5.7863022 | BN7: 116.39242 | BO7: 1.0163 | BP7: 5835.8019 | BQ7: Not calculated | BR7: 0.1524
A8: 15.01_10 | B8: 13789520 | C8: 608.62111 | D8: 85.147894 | E8: 624.86627 | F8: 2643264.4 | G8: 1562687 | H8: 2.2019594e-05 | I8: 7.2223253e-05 | J8: 0.49112125 | K8: 7679.7516 | L8: 0.0065036383 | M8: 7 | N8: 3132.36 | O8: 2.8502296e-06 | P8: 0.005984734 | Q8: 0.001905 | R8: 0.1524 | S8: 6842307 | T8: 458.88286 | U8: 549.9022 | V8: 0.03 | W8: 82620.84 | X8: 0.031429667 | Y8: 5.6406625 | Z8: 5.6406625 | AA8: -2.4900442e-08 | AB8: 1.2651196e-05 | AC8: 726.05712 | AD8: 2589.3127 | AE8: 549.9022 | AF8: 0 | AG8: 1.2750638e-05 | AH8: 61.68876 | AI8: 0.31420239 | AJ8: 34.661827 | AK8: 7.5869666 | AL8: 1.129368 | AM8: 608.62111 | AN8: 4.2675424e-08 | AO8: 9.9442362e-08 | AP8: 3.8233354 | AQ8: 3.7304178e-05 | AR8: 6.4250403e-06 | AS8: 17.466077 | AT8: 11.251303 | AU8: 3.5351862 | AV8: 0.28814922 | AW8: 0.007606043 | AX8: 0.28814922 | AY8: 6.512748e-09 | AZ8: 1080577.4 | BA8: 9.7569723e-06 | BB8: 6881757 | BC8: 39449.962 | BD8: 0.57655936 | BE8: 6751700 | BF8: 1.0192628 | BG8: 1 | BH8: -0.071 | BI8: 0.046 | BJ8: 5625 | BK8: 1.0054073 | BL8: 149.73825 | BM8: 6.881757 | BN8: 149.73825 | BO8: 1.0054073 | BP8: 12042.483 | BQ8: Not calculated | BR8: 0.1524
A9: 16.01_10 | B9: 13789520 | C9: 608.62111 | D9: 85.147894 | E9: 624.86627 | F9: 2643264.4 | G9: 1562687 | H9: 2.2019594e-05 | I9: 7.2223253e-05 | J9: 0.49112125 | K9: 7679.7516 | L9: 0.0065036383 | M9: 8 | N9: 3145.92 | O9: 2.8502296e-06 | P9: 0.005984734 | Q9: 0.001905 | R9: 0.1524 | S9: 4882495.9 | T9: 527.87377 | U9: 592.5429 | V9: 0.03 | W9: 82978.506 | X9: 0.031368633 | Y9: 5.6461473 | Z9: 5.6461473 | AA9: -1.7290978e-08 | AB9: 1.2566773e-05 | AC9: 682.29284 | AD9: 2597.9956 | AE9: 592.5429 | AF9: 0 | AG9: 1.2637255e-05 | AH9: 62.103184 | AI9: 0.31525602 | AJ9: 34.468802 | AK9: 4.7638668 | AL9: 1.129368 | AM9: 608.62111 | AN9: 5.4976681e-09 | AO9: 7.048264e-08 | AP9: 3.8238373 | AQ9: 3.7294385e-05 | AR9: 6.3538689e-06 | AS9: 17.330524 | AT9: 11.212347 | AU9: 3.5347598 | AV9: 0.28907754 | AW9: 0.0075552867 | AX9: 0.28907754 | AY9: 6.6502946e-09 | AZ9: 1080577.4 | BA9: 9.7531306e-06 | BB9: 4879564.9 | BC9: -2931.0368 | BD9: -0.060031526 | BE9: 4164600 | BF9: 1.1716767 | BG9: 1 | BH9: -0.027 | BI9: 0.046 | BJ9: 5625 | BK9: 1.0342425 | BL9: 80.747335 | BM9: 4.8795649 | BN9: 80.747335 | BO9: 1.0342425 | BP9: 1660.3453 | BQ9: Not calculated | BR9: 0.1524
A10: 17.01_10 | B10: 13789520 | C10: 608.62111 | D10: 85.147894 | E10: 624.86627 | F10: 2643264.4 | G10: 1562687 | H10: 2.2019594e-05 | I10: 7.2223253e-05 | J10: 0.49112125 | K10: 7679.7516 | L10: 0.0065036383 | M10: 9 | N10: 3145.92 | O10: 2.8502296e-06 | P10: 0.005984734 | Q10: 0.001905 | R10: 0.1524 | S10: 4746579.9 | T10: 532.84871 | U10: 595.71762 | V10: 0.03 | W10: 82978.506 | X10: 0.031368633 | Y10: 5.6461473 | Z10: 5.6461473 | AA10: -1.7290978e-08 | AB10: 1.2566773e-05 | AC10: 679.20281 | AD10: 2597.9956 | AE10: 595.71762 | AF10: 8.2104805e-07 | AG10: 1.2635624e-05 | AH10: 62.103184 | AI10: 0.31525602 | AJ10: 34.464353 | AK10: 4.5641502 | AL10: 1.129368 | AM10: 608.62111 | AN10: 5.2750693e-09 | AO10: 6.8851507e-08 | AP10: 3.8234611 | AQ10: 3.7301725e-05 | AR10: 6.3522378e-06 | AS10: 17.326075 | AT10: 11.211063 | AU10: 3.5343551 | AV10: 0.28910599 | AW10: 0.0075552867 | AX10: 0.28910599 | AY10: 6.6347027e-09 | AZ10: 1080577.4 | BA10: 9.7560102e-06 | BB10: 4765233.4 | BC10: 18653.502 | BD10: 0.39298826 | BE10: 3943750 | BF10: 1.2083001 | BG10: 1 | BH10: -0.026 | BI10: 0.046 | BJ10: 5625 | BK10: 1.0366402 | BL10: 75.772395 | BM10: 4.7652334 | BN10: 75.772395 | BO10: 1.0366402 | BP10: 1279.6642 | BQ10: Not calculated | BR10: 0.1524
A11: 18.01_10 | B11: 13789520 | C11: 608.62111 | D11: 85.147894 | E11: 624.86627 | F11: 2643264.4 | G11: 1562687 | H11: 2.2019594e-05 | I11: 7.2223253e-05 | J11: 0.49112125 | K11: 7679.7516 | L11: 0.0065036383 | M11: 10 | N11: 3634.08 | O11: 2.8502296e-06 | P11: 0.005984734 | Q11: 0.001905 | R11: 0.1524 | S11: 4995306.7 | T11: 541.31775 | U11: 598.59346 | V11: 0.03 | W11: 95854.481 | X11: 0.029426133 | Y11: 5.8295281 | Z11: 5.8295281 | AA11: -1.1375949e-08 | AB11: 1.0039048e-05 | AC11: 672.36144 | AD11: 2906.7256 | AE11: 598.59346 | AF11: 7.5276898e-07 | AG11: 1.0099601e-05 | AH11: 77.740099 | AI11: 0.35271912 | AJ11: 30.820754 | AK11: 4.1975785 | AL11: 1.129368 | AM11: 608.62111 | AN11: 1.9440449e-11 | AO11: 6.0552996e-08 | AP11: 4.0626716 | AQ11: 3.3038388e-05 | AR11: 5.080077e-06 | AS11: 15.502771 | AT11: 10.655094 | AU11: 3.7582554 | AV11: 0.30441616 | AW11: 0.00603559 | AX11: 0.30441613 | AY11: 2.9691387e-08 | AZ11: 1080577.4 | BA11: 8.1321828e-06 | BB11: 5027724.6 | BC11: 32417.899 | BD11: 0.64896713 | BE11: 4417000 | BF11: 1.1382668 | BG11: 1 | BH11: 0.001 | BI11: 0.046 | BJ11: 5625 | BK11: 1.0402904 | BL11: 67.303354 | BM11: 5.0277246 | BN11: 67.303354 | BO11: 1.0402904 | BP11: 745.47312 | BQ11: Not calculated | BR11: 0.1524
A12: 19.01_10 | B12: 13789520 | C12: 608.62111 | D12: 85.147894 | E12: 624.86627 | F12: 2643264.4 | G12: 1562687 | H12: 2.2019594e-05 | I12: 7.2223253e-05 | J12: 0.49112125 | K12: 7679.7516 | L12: 0.0065036383 | M12: 11 | N12: 3851.04 | O12: 2.8502296e-06 | P12: 0.005984734 | Q12: 0.001905 | R12: 0.1524 | S12: 5441965.2 | T12: 534.00031 | U12: 592.88204 | V12: 0.03 | W12: 101577.14 | X12: 0.028694843 | Y12: 5.9033437 | Z12: 5.9033438 | AA12: -2.692234e-08 | AB12: 9.1675816e-06 | AC12: 675.99184 | AD12: 3041.7457 | AE12: 592.88204 | AF12: 0 | AG12: 9.2286585e-06 | AH12: 85.130041 | AI12: 0.36910326 | AJ12: 29.47111 | AK12: 4.4833522 | AL12: 1.129368 | AM12: 608.62111 | AN12: 7.7393452e-09 | AO12: 6.1076909e-08 | AP12: 4.1622675 | AQ12: 3.1476199e-05 | AR12: 4.6448677e-06 | AS12: 14.833078 | AT12: 10.434298 | AU12: 3.8513335 | AV12: 0.31093403 | AW12: 0.0055116544 | AX12: 0.31093403 | AY12: 4.3665214e-09 | AZ12: 1080577.4 | BA12: 7.562272e-06 | BB12: 5453404.7 | BC12: 11439.455 | BD12: 0.21020817 | BE12: 4858700 | BF12: 1.1224 | BG12: 1 | BH12: -0.018 | BI12: 0.046 | BJ12: 5625 | BK12: 1.037172 | BL12: 74.620793 | BM12: 5.4534047 | BN12: 74.620793 | BO12: 1.037172 | BP12: 1198.5993 | BQ12: Not calculated | BR12: 0.1524
A13: 20.01_10 | B13: 13789520 | C13: 608.62111 | D13: 85.147894 | E13: 624.86627 | F13: 2643264.4 | G13: 1562687 | H13: 2.2019594e-05 | I13: 7.2223253e-05 | J13: 0.49112125 | K13: 7679.7516 | L13: 0.0065036383 | M13: 12 | N13: 3905.28 | O13: 2.8502296e-06 | P13: 0.005984734 | Q13: 0.001905 | R13: 0.1524 | S13: 5526348.1 | T13: 532.84871 | U13: 591.81297 | V13: 0.03 | W13: 103007.8 | X13: 0.02852248 | Y13: 5.921154 | Z13: 5.921154 | AA13: -8.2254532e-09 | AB13: 8.9685669e-06 | AC13: 676.31326 | AD13: 3075.3091 | AE13: 591.81297 | AF13: 0 | AG13: 9.0296211e-06 | AH13: 87.019097 | AI13: 0.37317603 | AJ13: 29.153675 | AK13: 4.5213585 | AL13: 1.129368 | AM13: 608.62111 | AN13: 3.3916194e-09 | AO13: 6.105419e-08 | AP13: 4.1864391 | AQ13: 3.1113775e-05 | AR13: 4.5453377e-06 | AS13: 14.6754 | AT13: 10.380863 | AU13: 3.8738893 | AV13: 0.31254988 | AW13: 0.0053920045 | AX13: 0.31254987 | AY13: 4.830728e-09 | AZ13: 1080577.4 | BA13: 7.432038e-06 | BB13: 5546902.3 | BC13: 20554.201 | BD13: 0.37193098 | BE13: 4890250 | BF13: 1.1342779 | BG13: 1 | BH13: -0.026 | BI13: 0.046 | BJ13: 5625 | BK13: 1.0366402 | BL13: 75.772395 | BM13: 5.5469023 | BN13: 75.772395 | BO13: 1.0366402 | BP13: 1279.6642 | BQ13: Not calculated | BR13: 0.1524
... A87: 498.01_10 | B87: 13789520 | C87: 608.62111 | D87: 85.147894 | E87: 624.86627 | F87: 2643264.4 | G87: 1562687 | H87: 2.2019594e-05 | I87: 7.2223253e-05 | J87: 0.49112125 | K87: 7679.7516 | L87: 0.0065036383 | M87: 86 | N87: 3051 | O87: 4.7446062e-05 | P87: 0.024417715 | Q87: 0.0077724 | R87: 0.59055 | S87: 2756416.6 | T87: 572.54323 | U87: 608.2966 | V87: 0.03 | W87: 328337.36 | X87: 0.023180309 | Y87: 6.5681096 | Z87: 6.5681096 | AA87: -1.1745966e-08 | AB87: 1.8080526e-05 | AC87: 652.76924 | AD87: 8837.0014 | AE87: 608.2966 | AF87: 5.5189992e-07 | AG87: 1.8134451e-05 | AH87: 43.164484 | AI87: 0.26282685 | AJ87: 41.236727 | AK87: 2.774365 | AL87: 1.129368 | AM87: 608.62111 | AN87: 5.9953322e-08 | AO87: 5.3924417e-08 | AP87: 3.4464792 | AQ87: 4.5908273e-05 | AR87: 9.0941876e-06 | AS87: 20.679674 | AT87: 12.095756 | AU87: 3.1790896 | AV87: 0.26738957 | AW87: 0.010870218 | AX87: 0.26738956 | AY87: 1.059358e-08 | AZ87: 1080577.4 | BA87: 1.332034e-05 | BB87: 2733462.6 | BC87: -22953.968 | BD87: -0.8327467 | BE87: 2618650 | BF87: 1.0438442 | BG87: 1 | BH87: 0.033 | BI87: 0.046 | BJ87: 5625 | BK87: 1.0458744 | BL87: 36.07788 | BM87: 2.7334626 | BN87: 36.07788 | BO87: 1.0458744 | BP87: 15.383025 | BQ87: Not calculated | BR87: 0.59055

Sheet tm_F1_108
A1: No_TableNo | B1: P | C1: Ts | D1: rhoG | E1: rhoL | F1: HG | G1: HL | H1: muG | I1: muL | J1: KL | K1: CPL | L1: sigma | M1: No | N1: G | O1: A | P1: Pw | Q1: DH | R1: L_DNB | S1: q_in | T1: Tin | U1: Tf | V1: f(beta) | W1: Re | X1: f | Y1: f_left | Z1: f_rihgt | AA1: f_balance | AB1: DB | AC1: Tw | AD1: y_plus | AE1: Tm | AF1: Tw_balance | AG1: y_star | AH1: tauw | AI1: Utau | AJ1: y_plus2 | AK1: Q | AL1: Pr | AM1: T(y_plus) | AN1: y_star_balance | AO1: delta | AP1: UB | AQ1: LB | AR1: YB | AS1: YB_plus | AT1: Karman_UB | AU1: UBL | AV1: UB_left | AW1: CD | AX1: UB_right | AY1: UB_balance | AZ1: HG-HL | BA1: LB/UB | BB1: q_P | BC1: dq_chf | BD1: dq_ratio | BE1: q_M | BF1: PM_ratio | BG1: F_form | BH1: x_Mes | BI1: A_corr | BJ1: σ_corr | BK1: Fcorr | BL1: Tsub | BM1: q_P_MW | BN1: Tsub2 | BO1: Fcorr2 | BP1: (Tsub-40)^2 | BQ1: F2 | BR1: L
A2: 3_108 | B2: 14927149 | C2: 614.91567 | D2: 95.991296 | E2: 604.83147 | F2: 2612762.6 | G2: 1607339.5 | H2: 2.2671477e-05 | I2: 6.9572023e-05 | J2: 0.47825678 | K2: 8454.9053 | L2: 0.0052373024 | M2: 229 | N2: 3507.972 | O2: 0.00010848891 | P2: 0.033674103 | Q2: 0.012886925 | R2: 1.778 | S2: 2952672.7 | T2: 579.81667 | U2: 615.76579 | V2: 0.03 | W2: 1697921.2 | X2: 0.015808189 | Y2: 7.9535119 | Z2: 7.9535119 | AA2: -1.3886858e-08 | AB2: 1.5632157e-05 | AC2: 646.44549 | AD2: 37738.411 | AE2: 615.76579 | AF2: 4.8572872e-07 | AG2: 1.5692695e-05 | AH2: 40.204068 | AI2: 0.25782071 | AJ2: 35.173461 | AK2: 1.9245751 | AL2: 1.2299352 | AM2: 614.91567 | AN2: 5.4360498e-09 | AO2: 6.0538304e-08 | AP2: 3.1679908 | AQ2: 3.9578713e-05 | AR2: 7.8766167e-06 | AS2: 17.654575 | AT2: 11.304975 | AU2: 2.9146567 | AV2: 0.25333409 | AW2: 0.010168984 | AX2: 0.25333407 | AY2: 2.119739e-08 | AZ2: 1005423.1 | BA2: 1.2493317e-05 | BB2: 2946698.8 | BC2: -5973.8471 | BD2: -0.20231999 | BE2: 2915712.6 | BF2: 1.0106273 | BG2: 0.65432795 | BH2: 0.041827592 | BI2: 0.046 | BJ2: 5625 | BK2: 1.045804 | BL2: 35.098999 | BM2: 2.9466988 | BN2: 35.098999 | BO2: 1.045804 | BP2: 24.019806 | BQ2: 1.0093755 | BR2: 2.438
A3: 4_108 | B3: 14582411 | C3: 613.05027 | D3: 92.580958 | E3: 610.99185 | F3: 2622345.6 | G3: 1593812.5 | H3: 2.2466336e-05 | I3: 7.0373615e-05 | J3: 0.48213978 | K3: 8194.8014 | L3: 0.0056080352 | M3: 230 | N3: 3444.24 | O3: 0.00010848891 | P3: 0.033674103 | Q3: 0.012886925 | R3: 1.778 | S3: 3140856.2 | T3: 570.37222 | U3: 610.55631 | V3: 0.03 | W3: 1648084.9 | X3: 0.016115584 | Y3: 7.8772926 | Z3: 7.8772926 | AA3: -7.4168653e-09 | AB3: 1.7206182e-05 | AC3: 648.82302 | AD3: 36985.17 | AE3: 610.55631 | AF3: 0 | AG3: 1.7272893e-05 | AH3: 39.111769 | AI3: 0.25300903 | AJ3: 37.942563 | AK3: 2.1968738 | AL3: 1.1961216 | AM3: 613.05027 | AN3: 1.5794967e-08 | AO3: 6.6710802e-08 | AP3: 3.2106179 | AQ3: 4.2517265e-05 | AR3: 8.6698019e-06 | AS3: 19.044552 | AT3: 11.683905 | AU3: 2.9561335 | AV3: 0.25448433 | AW3: 0.010917872 | AX3: 0.25448433 | AY3: 1.6668842e-09 | AZ3: 1028533.1 | BA3: 1.3242705e-05 | BB3: 3165724.7 | BC3: 24868.533 | BD3: 0.79177562 | BE3: 3184415.5 | BF3: 0.99413053 | BG3: 0.65432795 | BH3: 0.030903006 | BI3: 0.046 | BJ3: 5625 | BK3: 1.0459414 | BL3: 42.678048 | BM3: 3.1657247 | BN3: 42.678048 | BO3: 1.0459414 | BP3: 7.1719393 | BQ3: 1.0111623 | BR3: 2.438
A4: 5_108 | B4: 16650838 | C4: 623.74675 | D4: 115.08175 | E4: 572.29121 | F4: 2559557.8 | G4: 1675797.4 | H4: 2.3829583e-05 | I4: 6.550994e-05 | J4: 0.45915472 | K4: 10285.253 | L4: 0.0035437209 | M4: 231 | N4: 3437.46 | O4: 0.00010848891 | P4: 0.033674103 | Q4: 0.012886925 | R4: 1.778 | S4: 3594887.1 | T4: 575.92778 | U4: 612.64506 | V4: 0.03 | W4: 1766959.1 | X4: 0.014827407 | Y4: 8.2123491 | Z4: 8.2123491 | AA4: -3.4636383e-09 | AB4: 1.1112386e-05 | AC4: 667.1555 | AD4: 38035.059 | AE4: 612.64506 | AF4: 7.0211252e-07 | AG4: 1.1192438e-05 | AH4: 38.267795 | AI4: 0.25858789 | AJ4: 25.283823 | AK4: 2.5484817 | AL4: 1.4674494 | AM4: 623.74675 | AN4: 2.1980213e-09 | AO4: 8.0051769e-08 | AP4: 2.7417882 | AQ4: 3.0912953e-05 | AR4: 5.6362447e-06 | AS4: 12.73233 | AT4: 9.6707222 | AU4: 2.5007316 | AV4: 0.24105652 | AW4: 0.0083302291 | AX4: 0.24105652 | AY4: 3.476829e-09 | AZ4: 883760.41 | BA4: 1.1274742e-05 | BB4: 3591004.6 | BC4: -3882.5924 | BD4: -0.10800318 | BE4: 3144395.9 | BF4: 1.1420332 | BG4: 0.65432795 | BH4: -0.065763841 | BI4: 0.046 | BJ4: 5625 | BK4: 1.0455027 | BL4: 47.81897 | BM4: 3.5910046 | BN4: 47.81897 | BO4: 1.0455027 | BP4: 61.136284 | BQ4: 1.0083258 | BR4: 2.438
A5: 6_108 | B5: 16650838 | C5: 623.74675 | D5: 115.08175 | E5: 572.29121 | F5: 2559557.8 | G5: 1675797.4 | H5: 2.3829583e-05 | I5: 6.550994e-05 | J5: 0.45915472 | K5: 10285.253 | L5: 0.0035437209 | M5: 232 | N5: 2798.784 | O5: 0.00010848891 | P5: 0.033674103 | Q5: 0.012886925 | R5: 1.778 | S5: 3382832.3 | T5: 565.92778 | U5: 608.36374 | V5: 0.03 | W5: 1438660.2 | X5: 0.015879997 | Y5: 7.9355091 | Z5: 7.9355091 | AA5: -1.9045393e-08 | AB5: 1.5651596e-05 | AC5: 677.60033 | AD5: 32048.554 | AE5: 608.36374 | AF5: 8.0974019e-07 | AG5: 1.5749618e-05 | AH5: 27.169529 | AI5: 0.2178876 | AJ5: 29.978674 | AK5: 3.0023475 | AL5: 1.4674494 | AM5: 623.74675 | AN5: 4.9398068e-09 | AO5: 9.8022088e-08 | AP5: 2.5132646 | AQ5: 3.6790176e-05 | AR5: 7.9238202e-06 | AS5: 15.082627 | AT5: 10.517718 | AU5: 2.2916803 | AV5: 0.22158426 | AW5: 0.011732978 | AX5: 0.22158426 | AY5: 2.4908735e-09 | AZ5: 883760.41 | BA5: 1.4638401e-05 | BB5: 3386740.5 | BC5: 3908.132 | BD5: 0.1155284 | BE5: 2955732.2 | BF5: 1.1458212 | BG5: 0.65432795 | BH5: -0.092078771 | BI5: 0.046 | BJ5: 5625 | BK5: 1.0434754 | BL5: 57.81897 | BM5: 3.3867405 | BN5: 57.81897 | BO5: 1.0434754 | BP5: 317.51567 | BQ5: 1.0087754 | BR5: 2.438
A6: 16_108 | B6: 14582411 | C6: 613.05027 | D6: 92.580958 | E6: 610.99185 | F6: 2622345.6 | G6: 1593812.5 | H6: 2.2466336e-05 | I6: 7.0373615e-05 | J6: 0.48213978 | K6: 8194.8014 | L6: 0.0056080352 | M6: 242 | N6: 2740.476 | O6: 0.00010848891 | P6: 0.033674103 | Q6: 0.012886925 | R6: 1.778 | S6: 3464611.8 | T6: 534.53889 | U6: 590.24823 | V6: 0.03 | W6: 1311330.6 | X6: 0.017469075 | Y6: 7.5659775 | Z6: 7.5659775 | AA6: -1.0260209e-08 | AB6: 2.5072374e-05 | AC6: 669.62213 | AD6: 30638.828 | AE6: 590.24823 | AF6: 7.2082457e-07 | AG6: 2.5174164e-05 | AH6: 26.840866 | AI6: 0.20959482 | AJ6: 45.810093 | AK6: 3.3765063 | AL6: 1.1961216 | AM6: 613.05027 | AN6: 9.6291046e-08 | AO6: 1.0179033e-07 | AP6: 2.8814464 | AQ6: 5.2786331e-05 | AR6: 1.2637977e-05 | AS6: 22.997662 | AT6: 12.626963 | AU6: 2.646546 | AV6: 0.23490035 | AW6: 0.015909221 | AX6: 0.23490035 | AY6: 6.5504235e-10 | AZ6: 1028533.1 | BA6: 1.8319387e-05 | BB6: 3491799.2 | BC6: 27187.466 | BD6: 0.78471898 | BE6: 3264454.7 | BF6: 1.0696424 | BG6: 0.65432795 | BH6: -0.094205149 | BI6: 0.046 | BJ6: 5625 | BK6: 1.0353386 | BL6: 78.511381 | BM6: 3.4917992 | BN6: 78.511381 | BO6: 1.0353386 | BP6: 1483.1265 | BQ6: 1.0122802 | BR6: 2.438
A7: 17_108 | B7: 14582411 | C7: 613.05027 | D7: 92.580958 | E7: 610.99185 | F7: 2622345.6 | G7: 1593812.5 | H7: 2.2466336e-05 | I7: 7.0373615e-05 | J7: 0.48213978 | K7: 8194.8014 | L7: 0.0056080352 | M7: 243 | N7: 2759.46 | O7: 0.00010848891 | P7: 0.033674103 | Q7: 0.012886925 | R7: 1.778 | S7: 3320478.8 | T7: 542.87222 | U7: 595.89666 | V7: 0.03 | W7: 1320414.5 | X7: 0.017425744 | Y7: 7.5753784 | Z7: 7.5753784 | AA7: -9.3748644e-09 | AB7: 2.4790074e-05 | AC7: 665.47837 | AD7: 30812.786 | AE7: 595.89666 | AF7: 0 | AG7: 2.4886059e-05 | AH7: 27.146519 | AI7: 0.21078484 | AJ7: 45.542938 | AK7: 3.131918 | AL7: 1.1961216 | AM7: 613.05027 | AN7: 6.3442144e-08 | AO7: 9.5984685e-08 | AP7: 2.8906908 | AQ7: 5.2449248e-05 | AR7: 1.2491022e-05 | AS7: 22.859298 | AT7: 12.59679 | AU7: 2.6552123 | AV7: 0.23547856 | AW7: 0.015730093 | AX7: 0.23547856 | AY7: 9.9608269e-10 | AZ7: 1028533.1 | BA7: 1.8144192e-05 | BB7: 3324436.2 | BC7: 3957.3675 | BD7: 0.11918063 | BE7: 3144395.9 | BF7: 1.0572575 | BG7: 0.65432795 | BH7: -0.062186969 | BI7: 0.046 | BJ7: 5625 | BK7: 1.039124 | BL7: 70.178048 | BM7: 3.3244362 | BN7: 70.178048 | BO7: 1.039124 | BP7: 910.71456 | BQ7: 1.010908 | BR7: 2.438
A8: 18_108 | B8: 14582411 | C8: 613.05027 | D8: 92.580958 | E8: 610.99185 | F8: 2622345.6 | G8: 1593812.5 | H8: 2.2466336e-05 | I8: 7.0373615e-05 | J8: 0.48213978 | K8: 8194.8014 | L8: 0.0056080352 | M8: 244 | N8: 2747.256 | O8: 0.00010848891 | P8: 0.033674103 | Q8: 0.012886925 | R8: 1.778 | S8: 3014251.9 | T8: 556.20556 | U8: 604.55371 | V8: 0.03 | W8: 1314574.8 | X8: 0.017453547 | Y8: 7.5693423 | Z8: 7.5693424 | AA8: -1.0018897e-08 | AB8: 2.497097e-05 | AC8: 658.39879 | AD8: 30700.976 | AE8: 604.55371 | AF8: 6.0952982e-07 | AG8: 2.5057796e-05 | AH8: 26.949863 | AI8: 0.21001996 | AJ8: 45.690825 | AK8: 2.7076916 | AL8: 1.1961216 | AM8: 613.05027 | AN8: 3.0297656e-08 | AO8: 8.6826121e-08 | AP8: 2.8837596 | AQ8: 5.2701679e-05 | AR8: 1.2572311e-05 | AS8: 22.924573 | AT8: 12.611047 | AU8: 2.6485716 | AV8: 0.23518801 | AW8: 0.015844877 | AX8: 0.23518801 | AY8: 7.3880382e-10 | AZ8: 1028533.1 | BA8: 1.8275337e-05 | BB8: 2985648.5 | BC8: -28603.389 | BD8: -0.94893826 | BE8: 2898561.3 | BF8: 1.030045 | BG8: 0.65432795 | BH8: -0.010917306 | BI8: 0.046 | BJ8: 5625 | BK8: 1.0437372 | BL8: 56.844714 | BM8: 2.9856485 | BN8: 56.844714 | BO8: 1.0437372 | BP8: 283.7444 | BQ8: 1.0093126 | BR8: 2.438
A9: 19_108 | B9: 14582411 | C9: 613.05027 | D9: 92.580958 | E9: 610.99185 | F9: 2622345.6 | G9: 1593812.5 | H9: 2.2466336e-05 | I9: 7.0373615e-05 | J9: 0.48213978 | K9: 8194.8014 | L9: 0.0056080352 | M9: 245 | N9: 3425.256 | O9: 0.00010848891 | P9: 0.033674103 | Q9: 0.012886925 | R9: 1.778 | S9: 3520047 | T9: 558.15 | U9: 603.43505 | V9: 0.03 | W9: 1639001 | X9: 0.016146426 | Y9: 7.8697656 | Z9: 7.8697656 | AA9: -8.1061771e-09 | AB9: 1.7364205e-05 | AC9: 655.92229 | AD9: 36816.494 | AE9: 603.43505 | AF9: 0 | AG9: 1.743849e-05 | AH9: 38.755833 | AI9: 0.25185515 | AJ9: 38.13162 | AK9: 2.6308462 | AL9: 1.1961216 | AM9: 613.05027 | AN9: 3.1631203e-08 | AO9: 7.4284802e-08 | AP9: 3.203311 | AQ9: 4.2711453e-05 | AR9: 8.7563872e-06 | AS9: 19.147027 | AT9: 11.710737 | AU9: 2.9494094 | AV9: 0.25390156 | AW9: 0.011018142 | AX9: 0.25390156 | AY9: 1.477675e-09 | AZ9: 1028533.1 | BA9: 1.3333533e-05 | BB9: 3501131.4 | BC9: -18915.614 | BD9: -0.53736822 | BE9: 3338776.8 | BF9: 1.048627 | BG9: 0.65432795 | BH9: -0.026417472 | BI9: 0.046 | BJ9: 5625 | BK9: 1.0442198 | BL9: 54.90027 | BM9: 3.5011314 | BN9: 54.90027 | BO9: 1.0442198 | BP9: 222.01804 | BQ9: 1.0133758 | BR9: 2.438
A10: 20_108 | B10: 14410042 | C10: 612.10418 | D10: 90.918182 | E10: 614.04048 | F10: 2627022.6 | G10: 1587051.7 | H10: 2.236639e-05 | I10: 7.0774633e-05 | J10: 0.48408645 | K10: 8073.7157 | L10: 0.0057975807 | M10: 246 | N10: 4145.292 | O10: 0.00010848891 | P10: 0.033674103 | Q10: 0.012886925 | R10: 1.778 | S10: 3551175.2 | T10: 570.65 | U10: 608.96611 | V10: 0.03 | W10: 1972302.6 | X10: 0.015224273 | Y10: 8.1046024 | Z10: 8.1046024 | AA10: -2.7798954e-09 | AB10: 1.306376e-05 | AC10: 645.89782 | AD10: 43019.647 | AE10: 608.96611 | AF10: 0 | AG10: 1.3121478e-05 | AH10: 53.254933 | AI10: 0.29449737 | AJ10: 33.526139 | AK10: 2.1335918 | AL10: 1.1803972 | AM10: 612.10418 | AN10: 9.961127e-09 | AO10: 5.771732e-08 | AP10: 3.5335184 | AQ10: 3.6840699e-05 | AR10: 6.5895976e-06 | AS10: 16.836805 | AT10: 11.067836 | AU10: 3.2594487 | AV10: 0.27406969 | AW10: 0.0081897039 | AX10: 0.27406967 | AY10: 1.1508595e-08 | AZ10: 1039970.8 | BA10: 1.0426067e-05 | BB10: 3535117.2 | BC10: -16058.053 | BD10: -0.45218984 | BE10: 3475986.8 | BF10: 1.0170111 | BG10: 0.65432795 | BH10: 0.011901063 | BI10: 0.046 | BJ10: 5625 | BK10: 1.0459827 | BL10: 41.454175 | BM10: 3.5351172 | BN10: 41.454175 | BO10: 1.0459827 | BP10: 2.1146257 | BQ10: 1.0118388 | BR10: 2.438
A11: 21_108 | B11: 14651359 | C11: 613.42618 | D11: 93.25382 | E11: 609.76673 | F11: 2620453.8 | G11: 1596517 | H11: 2.2506791e-05 | I11: 7.0213281e-05 | J11: 0.48136205 | K11: 8244.8395 | L11: 0.0055330019 | M11: 247 | N11: 4160.208 | O11: 0.00010848891 | P11: 0.033674103 | Q11: 0.012886925 | R11: 1.778 | S11: 3333306.7 | T11: 578.15 | U11: 613.24263 | V11: 0.03 | W11: 1995224.7 | X11: 0.01507591 | Y11: 8.1443839 | Z11: 8.1443839 | AA11: -1.8636932e-08 | AB11: 1.2413154e-05 | AC11: 643.87591 | AD11: 43307.049 | AE11: 613.24263 | AF11: 0 | AG11: 1.2467922e-05 | AH11: 53.488437 | AI11: 0.29617479 | AJ11: 32.069089 | AK11: 1.9128197 | AL11: 1.2026233 | AM11: 613.42618 | AN11: 1.8085643e-08 | AO11: 5.4767634e-08 | AP11: 3.4846834 | AQ11: 3.5395798e-05 | AR11: 6.2613449e-06 | AS11: 16.104979 | AT11: 10.845643 | AU11: 3.2122059 | AV11: 0.27247746 | AW11: 0.0079152405 | AX11: 0.27247744 | AY11: 1.2020424e-08 | AZ11: 1023936.8 | BA11: 1.0157536e-05 | BB11: 3366452.2 | BC11: 33145.536 | BD11: 0.99437402 | BE11: 3121527.6 | BF11: 1.0784631 | BG11: 0.65432795 | BH11: 0.016591549 | BI11: 0.046 | BJ11: 5625 | BK11: 1.0458179 | BL11: 35.276182 | BM11: 3.3664522 | BN11: 35.276182 | BO11: 1.0458179 | BP11: 22.314458 | BQ11: 1.0092778 | BR11: 2.438
A12: 22_108 | B12: 14444516 | C12: 612.29412 | D12: 91.248556 | E12: 613.43232 | F12: 2626093.1 | G12: 1588403.9 | H12: 2.2386246e-05 | I12: 7.0694402e-05 | J12: 0.48369685 | K12: 8097.4886 | L12: 0.0057594463 | M12: 248 | N12: 4122.24 | O12: 0.00010848891 | P12: 0.033674103 | Q12: 0.012886925 | R12: 1.778 | S12: 2663558 | T12: 589.53889 | U12: 618.35374 | V12: 0.03 | W12: 1963560.5 | X12: 0.01523423 | Y12: 8.1019534 | Z12: 8.1019534 | AA12: -2.7876883e-09 | AB12: 1.3101818e-05 | AC12: 634.58785 | AD12: 42842.969 | AE12: 618.35374 | AF12: 3.6096958e-07 | AG12: 1.3145921e-05 | AH12: 52.750966 | AI12: 0.29324585 | AJ12: 33.450649 | AK12: 1.4056743 | AL12: 1.1834832 | AM12: 612.29412 | AN12: 7.6807964e-09 | AO12: 4.4103443e-08 | AP12: 3.514184 | AQ12: 3.6890237e-05 | AR12: 6.5950124e-06 | AS12: 16.781436 | AT12: 11.051366 | AU12: 3.2407674 | AV12: 0.27341655 | AW12: 0.0082333135 | AX12: 0.27341654 | AY12: 1.1947871e-08 | AZ12: 1037689.2 | BA12: 1.0497526e-05 | BB12: 2674357.7 | BC12: 10799.718 | BD12: 0.40546211 | BE12: 2755634.3 | BF12: 0.97050531 | BG12: 0.65432795 | BH12: 0.069505391 | BI12: 0.046 | BJ12: 5625 | BK12: 1.0436312 | BL12: 22.755233 | BM12: 2.6743577 | BN12: 22.755233 | BO12: 1.0436312 | BP12: 297.38201 | BQ12: 0.99834772 | BR12: 2.438
A13: 26_108 | B13: 16581891 | C13: 623.40834 | D13: 114.24072 | E13: 573.66553 | F13: 2561880.9 | G13: 1673008.5 | H13: 2.3778054e-05 | I13: 6.5676255e-05 | J13: 0.45990285 | K13: 10188.162 | L13: 0.0036065031 | M13: 252 | N13: 4191.396 | O13: 0.00010848891 | P13: 0.033674103 | Q13: 0.012886925 | R13: 1.9304 | S13: 3344237.8 | T13: 577.59444 | U13: 613.28032 | V13: 0.03 | W13: 2149049.2 | X13: 0.013952668 | Y13: 8.4658656 | Z13: 8.4658656 | AA13: -1.4591388e-08 | AB13: 8.1029219e-06 | AC13: 660.60773 | AD13: 44874.538 | AE13: 613.28032 | AF13: 0 | AG13: 8.1616113e-06 | AH13: 53.410409 | AI13: 0.30512906 | AJ13: 21.752534 | AK13: 2.3065292 | AL13: 1.4549166 | AM13: 623.40834 | AN13: 1.0042527e-08 | AO13: 5.8689374e-08 | AP13: 2.984864 | AQ13: 2.6697257e-05 | AR13: 4.1101503e-06 | AS13: 10.954477 | AT13: 8.9187412 | AU13: 2.7213672 | AV13: 0.26349687 | AW13: 0.006035698 | AX13: 0.26349687 | AY13: 7.9255764e-09 | AZ13: 888872.47 | BA13: 8.9442122e-06 | BB13: 3345920.3 | BC13: 1682.5452 | BD13: 0.050311768 | BE13: 3001513.8 | BF13: 1.1147443 | BG13: 0.760494 | BH13: -0.058276004 | BI13: 0.046 | BJ13: 5625 | BK13: 1.0457244 | BL13: 45.813899 | BM13: 3.3459203 | BN13: 45.813899 | BO13: 1.0457244 | BP13: 33.80142 | BQ13: 1.0094312 | BR13: 2.438
... A15: 28_108 | B15: 16650838 | C15: 623.74675 | D15: 115.08175 | E15: 572.29121 | F15: 2559557.8 | G15: 1675797.4 | H15: 2.3829583e-05 | I15: 6.550994e-05 | J15: 0.45915472 | K15: 10285.253 | L15: 0.0035437209 | M15: 254 | N15: 4131.732 | O15: 0.00010848891 | P15: 0.033674103 | Q15: 0.012886925 | R15: 1.778 | S15: 3009318.8 | T15: 601.48333 | U15: 627.055 | V15: 0.03 | W15: 2123836 | X15: 0.013974962 | Y15: 8.4591102 | Z15: 8.4591102 | AA15: -1.6394202e-08 | AB15: 8.1608029e-06 | AC15: 646.74845 | AD15: 44383.476 | AE15: 627.055 | AF15: 0 | AG15: 8.2150406e-06 | AH15: 52.108415 | AI15: 0.30174869 | AJ15: 21.655339 | AK15: 1.4196849 | AL15: 1.4674494 | AM15: 623.74675 | AN15: 4.501544e-09 | AO15: 5.4237719e-08 | AP15: 2.9454237 | AQ15: 2.6786301e-05 | AR15: 4.1346392e-06 | AS15: 10.899156 | AT15: 8.8934269 | AU15: 2.6835799 | AV15: 0.26184376 | AW15: 0.0061176204 | AX15: 0.26184375 | AY15: 5.0728484e-09 | AZ15: 883760.41 | BA15: 9.0942099e-06 | BB15: 3016394 | BC15: 7075.1361 | BD15: 0.23510756 | BE15: 2687029.3 | BF15: 1.1225758 | BG15: 0.65432795 | BH15: 0.045215394 | BI15: 0.046 | BJ15: 5625 | BK15: 1.043498 | BL15: 22.263414 | BM15: 3.016394 | BN15: 22.263414 | BO15: 1.043498 | BP15: 314.58648 | BQ15: 0.98980219 | BR15: 2.438

Sheet tm_F1_161
A1: No_TableNo | B1: P | C1: Ts | D1: rhoG | E1: rhoL | F1: HG | G1: HL | H1: muG | I1: muL | J1: KL | K1: CPL | L1: sigma | M1: No | N1: G | O1: A | P1: Pw | Q1: DH | R1: L_DNB | S1: q_in | T1: Tin | U1: Tf | V1: f(beta) | W1: Re | X1: f | Y1: f_left | Z1: f_rihgt | AA1: f_balance | AB1: DB | AC1: Tw | AD1: y_plus | AE1: Tm | AF1: Tw_balance | AG1: y_star | AH1: tauw | AI1: Utau | AJ1: y_plus2 | AK1: Q | AL1: Pr | AM1: T(y_plus) | AN1: y_star_balance | AO1: delta | AP1: UB | AQ1: LB | AR1: YB | AS1: YB_plus | AT1: Karman_UB | AU1: UBL | AV1: UB_left | AW1: CD | AX1: UB_right | AY1: UB_balance | AZ1: HG-HL | BA1: LB/UB | BB1: q_P | BC1: dq_chf | BD1: dq_ratio | BE1: q_M | BF1: PM_ratio | BG1: F_form | BH1: x_Mes | BI1: A_corr | BJ1: σ_corr | BK1: Fcorr | BL1: Tsub | BM1: q_P_MW | BN1: Tsub2 | BO1: Fcorr2 | BP1: (Tsub-40)^2 | BQ1: F2 | BR1: L
A2: 1_161 | B2: 14582411 | C2: 613.05027 | D2: 92.580958 | E2: 610.99185 | F2: 2622345.6 | G2: 1593812.5 | H2: 2.2466336e-05 | I2: 7.0373615e-05 | J2: 0.48213978 | K2: 8194.8014 | L2: 0.0056080352 | M2: 268 | N2: 2709.288 | O2: 8.7843467e-05 | P2: 0.029843874 | Q2: 0.011773735 | R2: 4.2545 | S2: 668421.48 | T2: 587.81667 | U2: 631.33287 | V2: 0.03 | W2: 1148948.4 | X2: 0.017947229 | Y2: 7.4645099 | Z2: 7.4645099 | AA2: -9.248085e-09 | AB2: 2.4969488e-05 | AC2: 624.67669 | AD2: 27209.729 | AE2: 631.33287 | AF2: 2.5768657e-07 | AG2: 2.4989124e-05 | AH2: 26.951463 | AI2: 0.2100262 | AJ2: 45.566959 | AK2: 0.69447764 | AL2: 1.1961216 | AM2: 613.05027 | AN2: 1.0654048e-08 | AO2: 1.9636188e-08 | AP2: 2.8786078 | AQ2: 5.2890487e-05 | AR2: 1.250438e-05 | AS2: 22.801383 | AT2: 12.584106 | AU2: 2.6429919 | AV2: 0.23561591 | AW2: 0.015843937 | AX2: 0.23561591 | AY2: 5.6527022e-10 | AZ2: 1028533.1 | BA2: 1.8373634e-05 | BB2: 671607.9 | BC2: 3186.4202 | BD2: 0.47670822 | BE2: 934294.73 | BF2: 0.71883945 | BG2: 1 | BH2: 0.10800429 | BI2: 0.046 | BJ2: 5625 | BK2: 1.044251 | BL2: 25.233603 | BM2: 0.6716079 | BN2: 25.233603 | BO2: 1.044251 | BP2: 218.04647 | BQ2: 0.97789546 | BR2: 4.267
A3: 2_161 | B3: 16547417 | C3: 623.2387 | D3: 113.823 | E3: 574.34989 | F3: 2563035.6 | G3: 1671616.3 | H3: 2.3752482e-05 | I3: 6.5759232e-05 | J3: 0.46027765 | K3: 10140.6 | L3: 0.0036380462 | M3: 269 | N3: 2737.764 | O3: 8.7843467e-05 | P3: 0.029843874 | Q3: 0.011773735 | R3: 4.2545 | S3: 955010.77 | T3: 588.87222 | U3: 638.59356 | V3: 0.03 | W3: 1242494.5 | X3: 0.016437499 | Y3: 7.7997759 | Z3: 7.799776 | AA3: -1.4043807e-08 | AB3: 1.6281268e-05 | AC3: 640.34659 | AD3: 28160.305 | AE3: 638.59356 | AF3: 4.2192062e-07 | AG3: 1.6309275e-05 | AH3: 26.813977 | AI3: 0.21606894 | AJ3: 30.778456 | AK3: 0.95814259 | AL3: 1.4487736 | AM3: 623.2387 | AN3: 2.145191e-08 | AO3: 2.8007721e-08 | AP3: 2.5182414 | AQ3: 3.7944107e-05 | AR3: 8.1686415e-06 | AS3: 15.415656 | AT3: 10.626918 | AU3: 2.2961469 | AV3: 0.22209447 | AW3: 0.012089362 | AX3: 0.22209446 | AY3: 9.4737584e-09 | AZ3: 891419.3 | BA3: 1.50677e-05 | BB3: 951676.56 | BC3: -3334.2108 | BD3: -0.34912808 | BE3: 982919.73 | BF3: 0.96821392 | BG3: 1 | BH3: 0.029461923 | BI3: 0.046 | BJ3: 5625 | BK3: 1.0457412 | BL3: 34.366479 | BM3: 0.95167656 | BN3: 34.366479 | BO3: 1.0457412 | BP3: 31.736558 | BQ3: 0.94428405 | BR3: 4.267
A4: 3_161 | B4: 16547417 | C4: 623.2387 | D4: 113.823 | E4: 574.34989 | F4: 2563035.6 | G4: 1671616.3 | H4: 2.3752482e-05 | I4: 6.5759232e-05 | J4: 0.46027765 | K4: 10140.6 | L4: 0.0036380462 | M4: 270 | N4: 2730.984 | O4: 8.7843467e-05 | P4: 0.029843874 | Q4: 0.011773735 | R4: 4.2545 | S4: 1303284.4 | T4: 556.42778 | U4: 624.44997 | V4: 0.03 | W4: 1239417.5 | X4: 0.016451586 | Y4: 7.7964359 | Z4: 7.7964359 | AA4: -1.4178999e-08 | AB4: 1.6348198e-05 | AC4: 654.30604 | AD4: 28102.601 | AE4: 624.44997 | AF4: 5.6504439e-07 | AG4: 1.6386418e-05 | AH4: 26.704199 | AI4: 0.21562619 | AJ4: 30.86067 | AK4: 1.739305 | AL4: 1.4487736 | AM4: 623.2387 | AN4: 7.6755668e-09 | AO4: 3.8220064e-08 | AP4: 2.5167504 | AQ4: 3.7989078e-05 | AR4: 8.2123191e-06 | AS4: 15.466325 | AT4: 10.643325 | AU4: 2.2949797 | AV4: 0.22177069 | AW4: 0.01213906 | AX4: 0.22177067 | AY4: 1.7248833e-08 | AZ4: 891419.3 | BA4: 1.5094496e-05 | BB4: 1296377.2 | BC4: -6907.1961 | BD4: -0.52998381 | BE4: 1274669.8 | BF4: 1.0170298 | BG4: 1 | BH4: -0.13139053 | BI4: 0.046 | BJ4: 5625 | BK4: 1.0404817 | BL4: 66.810924 | BM4: 1.2963772 | BN4: 66.810924 | BO4: 1.0404817 | BP4: 718.82562 | BQ4: 0.97937653 | BR4: 4.267
A5: 4_161 | B5: 14478990 | C5: 612.4837 | D5: 91.580012 | E5: 612.8234 | F5: 2625160.7 | G5: 1589756.1 | H5: 2.2406167e-05 | I5: 7.0614186e-05 | J5: 0.48330738 | K5: 8121.4802 | L5: 0.0057214248 | M5: 271 | N5: 2688.948 | O5: 8.7843467e-05 | P5: 0.029843874 | Q5: 0.011773735 | R5: 4.2545 | S5: 993451.99 | T5: 557.53889 | U5: 623.2931 | V5: 0.03 | W5: 1136437.7 | X5: 0.018069826 | Y5: 7.4391449 | Z5: 7.4391449 | AA5: -1.7171734e-08 | AB5: 2.5762736e-05 | AC5: 633.96925 | AD5: 27005.215 | AE5: 623.2931 | AF5: 0 | AG5: 2.5791875e-05 | AH5: 26.649769 | AI5: 0.20853505 | AJ5: 46.677259 | AK5: 1.2850518 | AL5: 1.1865983 | AM5: 612.4837 | AN5: 1.1610382e-08 | AO5: 2.9138652e-08 | AP5: 2.8856183 | AQ5: 5.4186575e-05 | AR5: 1.2910507e-05 | AS5: 23.364997 | AT5: 12.706195 | AU5: 2.649687 | AV5: 0.23593128 | AW5: 0.016228633 | AX5: 0.23593128 | AY5: 8.1453927e-10 | AZ5: 1035404.6 | BA5: 1.8778151e-05 | BB5: 984605.11 | BC5: -8846.8793 | BD5: -0.89051905 | BE5: 1180893 | BF5: 0.83378015 | BG5: 1 | BH5: 0.0037567661 | BI5: 0.046 | BJ5: 5625 | BK5: 1.0442093 | BL5: 54.944814 | BM5: 0.98460511 | BN5: 54.944814 | BO5: 1.0442093 | BP5: 223.34746 | BQ5: 0.95632728 | BR5: 4.267
A6: 6_161 | B6: 16650838 | C6: 623.74675 | D6: 115.08175 | E6: 572.29121 | F6: 2559557.8 | G6: 1675797.4 | H6: 2.3829583e-05 | I6: 6.550994e-05 | J6: 0.45915472 | K6: 10285.253 | L6: 0.0035437209 | M6: 272 | N6: 2687.592 | O6: 8.7843467e-05 | P6: 0.029843874 | Q6: 0.011773735 | R6: 4.2545 | S6: 1509189 | T6: 529.53889 | U6: 608.45389 | V6: 0.03 | W6: 1224366.2 | X6: 0.016462011 | Y6: 7.7939669 | Z6: 7.7939669 | AA6: -1.4266626e-08 | AB6: 1.6373377e-05 | AC6: 665.14984 | AD6: 27770.122 | AE6: 608.45389 | AF6: 0 | AG6: 1.6418984e-05 | AH6: 25.971827 | AI6: 0.21303095 | AJ6: 30.556166 | AK6: 2.3018556 | AL6: 1.4674494 | AM6: 623.74675 | AN6: 1.1470433e-08 | AO6: 4.560715e-08 | AP6: 2.4770787 | AQ6: 3.7872909e-05 | AR6: 8.2322954e-06 | AS6: 15.320521 | AT6: 10.595966 | AU6: 2.2572687 | AV6: 0.21981004 | AW6: 0.01227405 | AX6: 0.21981002 | AY6: 1.1566927e-08 | AZ6: 883760.41 | BA6: 1.5289344e-05 | BB6: 1508675 | BC6: -514.01057 | BD6: -0.034058727 | BE6: 1500428.7 | BF6: 1.005496 | BG6: 1 | BH6: -0.27208091 | BI6: 0.046 | BJ6: 5625 | BK6: 1.0272824 | BL6: 94.207858 | BM6: 1.508675 | BN6: 94.207858 | BO6: 1.0272824 | BP6: 2938.4919 | BQ6: 0.97747277 | BR6: 4.267
A7: 7_161 | B7: 16650838 | C7: 623.74675 | D7: 115.08175 | E7: 572.29121 | F7: 2559557.8 | G7: 1675797.4 | H7: 2.3829583e-05 | I7: 6.550994e-05 | J7: 0.45915472 | K7: 10285.253 | L7: 0.0035437209 | M7: 273 | N7: 2770.308 | O7: 8.7843467e-05 | P7: 0.029843874 | Q7: 0.011773735 | R7: 4.2545 | S7: 1746530.2 | T7: 504.48333 | U7: 593.08203 | V7: 0.03 | W7: 1262048.5 | X7: 0.016290989 | Y7: 7.8347704 | Z7: 7.8347704 | AA7: -1.1498044e-08 | AB7: 1.5571995e-05 | AC7: 673.56224 | AD7: 28475.724 | AE7: 593.08203 | AF7: 7.466972e-07 | AG7: 1.5623012e-05 | AH7: 27.308415 | AI7: 0.21844379 | AJ7: 29.813595 | AK7: 2.781746 | AL7: 1.4674494 | AM7: 623.74675 | AN7: 9.0773256e-09 | AO7: 5.1017109e-08 | AP7: 2.5106634 | AQ7: 3.6866448e-05 | AR7: 7.8370146e-06 | AS7: 14.955476 | AT7: 10.475388 | AU7: 2.2882834 | AV7: 0.22238004 | AW7: 0.011673306 | AX7: 0.22238004 | AY7: 3.4399186e-09 | AZ7: 883760.41 | BA7: 1.4683946e-05 | BB7: 1757214.1 | BC7: 10683.909 | BD7: 0.61172199 | BE7: 1757446.6 | BF7: 0.99986769 | BG7: 1 | BH7: -0.40001197 | BI7: 0.046 | BJ7: 5625 | BK7: 1.0150551 | BL7: 119.26341 | BM7: 1.7572141 | BN7: 119.26341 | BO7: 1.0150551 | BP7: 6282.6888 | BQ7: 0.98813455 | BR7: 4.267
A8: 8_161 | B8: 14478990 | C8: 612.4837 | D8: 91.580012 | E8: 612.8234 | F8: 2625160.7 | G8: 1589756.1 | H8: 2.2406167e-05 | I8: 7.0614186e-05 | J8: 0.48330738 | K8: 8121.4802 | L8: 0.0057214248 | M8: 274 | N8: 2722.848 | O8: 8.7843467e-05 | P8: 0.029843874 | Q8: 0.011773735 | R8: 4.2545 | S8: 1240031.6 | T8: 528.26111 | U8: 609.31398 | V8: 0.03 | W8: 1150765 | X8: 0.017987417 | Y8: 7.4561665 | Z8: 7.4561665 | AA8: -1.127188e-08 | AB8: 2.5240338e-05 | AC8: 642.32473 | AD8: 27283.246 | AE8: 609.31398 | AF8: 0 | AG8: 2.5276383e-05 | AH8: 27.201339 | AI8: 0.21068202 | AJ8: 46.215299 | AK8: 1.7874519 | AL8: 1.1865983 | AM8: 612.4837 | AN8: 2.4798965e-08 | AO8: 3.6044986e-08 | AP8: 2.9036789 | AQ8: 5.3514603e-05 | AR8: 1.2656214e-05 | AS8: 23.140602 | AT8: 12.657944 | AU8: 2.6668011 | AV8: 0.23687774 | AW8: 0.015899561 | AX8: 0.23687773 | AY8: 1.5460108e-09 | AZ8: 1035404.6 | BA8: 1.8429932e-05 | BB8: 1240985.1 | BC8: 953.52421 | BD8: 0.076895154 | BE8: 1389285.8 | BF8: 0.89325399 | BG8: 1 | BH8: -0.11111462 | BI8: 0.046 | BJ8: 5625 | BK8: 1.0324913 | BL8: 84.222591 | BM8: 1.2409851 | BN8: 84.222591 | BO8: 1.0324913 | BP8: 1955.6376 | BQ8: 1.0002226 | BR8: 4.267
A9: 9_161 | B9: 14478990 | C9: 612.4837 | D9: 91.580012 | E9: 612.8234 | F9: 2625160.7 | G9: 1589756.1 | H9: 2.2406167e-05 | I9: 7.0614186e-05 | J9: 0.48330738 | K9: 8121.4802 | L9: 0.0057214248 | M9: 275 | N9: 3354.744 | O9: 8.7843467e-05 | P9: 0.029843874 | Q9: 0.011773735 | R9: 4.2545 | S9: 754742.11 | T9: 590.26111 | U9: 630.3015 | V9: 0.03 | W9: 1417825 | X9: 0.016693188 | Y9: 7.7398111 | Z9: 7.7398111 | AA9: -9.4447392e-09 | AB9: 1.7916481e-05 | AC9: 623.02837 | AD9: 32383.014 | AE9: 630.3015 | AF9: 2.4029794e-07 | AG9: 1.7932712e-05 | AH9: 38.320638 | AI9: 0.25006257 | AJ9: 38.916883 | AK9: 0.64830338 | AL9: 1.1865983 | AM9: 612.4837 | AN9: 5.6817271e-09 | AO9: 1.6231286e-08 | AP9: 3.2044831 | AQ9: 4.3939338e-05 | AR9: 8.9744717e-06 | AS9: 19.476054 | AT9: 11.795929 | AU9: 2.9497202 | AV9: 0.25476283 | AW9: 0.011286068 | AX9: 0.25476283 | AY9: 1.5283015e-09 | AZ9: 1035404.6 | BA9: 1.3711833e-05 | BB9: 751108.78 | BC9: -3633.3298 | BD9: -0.48140017 | BE9: 1041964.4 | BF9: 0.7208584 | BG9: 1 | BH9: 0.099644021 | BI9: 0.046 | BJ9: 5625 | BK9: 1.0434868 | BL9: 22.222591 | BM9: 0.75110878 | BN9: 22.222591 | BO9: 1.0434868 | BP9: 316.03626 | BQ9: 0.97819367 | BR9: 4.267
A10: 10_161 | B10: 16547417 | C10: 623.2387 | D10: 113.823 | E10: 574.34989 | F10: 2563035.6 | G10: 1671616.3 | H10: 2.3752482e-05 | I10: 6.5759232e-05 | J10: 0.46027765 | K10: 10140.6 | L10: 0.0036380462 | M10: 276 | N10: 3404.916 | O10: 8.7843467e-05 | P10: 0.029843874 | Q10: 0.011773735 | R10: 4.2545 | S10: 1137258.4 | T10: 589.70556 | U10: 637.31393 | V10: 0.03 | W10: 1545271.7 | X10: 0.01526755 | Y10: 8.0931079 | Z10: 8.0931079 | AA10: -2.7372948e-09 | AB10: 1.1332712e-05 | AC10: 639.39318 | AD10: 33753.168 | AE10: 637.31393 | AF10: 4.1191834e-07 | AG10: 1.1358183e-05 | AH10: 38.522602 | AI10: 0.25898198 | AJ10: 25.692017 | AK10: 0.95192743 | AL10: 1.4487736 | AM10: 623.2387 | AN10: 2.5939926e-09 | AO10: 2.547127e-08 | AP10: 2.7616911 | AQ10: 3.1549236e-05 | AR10: 5.691827e-06 | AS10: 12.874816 | AT10: 9.7263659 | AU10: 2.5189535 | AV10: 0.24273768 | AW10: 0.0084149009 | AX10: 0.24273767 | AY10: 1.0210446e-08 | AZ10: 891419.3 | BA10: 1.1423883e-05 | BB10: 1141551.3 | BC10: 4292.8825 | BD10: 0.37747643 | BE10: 1142687.6 | BF10: 0.99900558 | BG10: 1 | BH10: 0.014274736 | BI10: 0.046 | BJ10: 5625 | BK10: 1.0456593 | BL10: 33.533146 | BM10: 1.1415513 | BN10: 33.533146 | BO10: 1.0456593 | BP10: 41.820204 | BQ10: 0.94959993 | BR10: 4.267
A11: 11_161 | B11: 14478990 | C11: 612.4837 | D11: 91.580012 | E11: 612.8234 | F11: 2625160.7 | G11: 1589756.1 | H11: 2.2406167e-05 | I11: 7.0614186e-05 | J11: 0.48330738 | K11: 8121.4802 | L11: 0.0057214248 | M11: 277 | N11: 4065.288 | O11: 8.7843467e-05 | P11: 0.029843874 | Q11: 0.011773735 | R11: 4.2545 | S11: 950901.03 | T11: 587.53889 | U11: 629.16857 | V11: 0.03 | W11: 1718124.2 | X11: 0.0156218 | Y11: 8.0008192 | Z11: 8.0008192 | AA11: -4.7537725e-09 | AB11: 1.3037582e-05 | AC11: 623.91788 | AD11: 37961.652 | AE11: 629.16857 | AF11: 2.4974645e-07 | AG11: 1.3053378e-05 | AH11: 52.660915 | AI11: 0.29314098 | AJ11: 33.208007 | AK11: 0.72056127 | AL11: 1.1865983 | AM11: 612.4837 | AN11: 1.826379e-09 | AO11: 1.5796028e-08 | AP11: 3.4992915 | AQ11: 3.6847602e-05 | AR11: 6.5345868e-06 | AS11: 16.624096 | AT11: 11.004266 | AU11: 3.2258013 | AV11: 0.27349021 | AW11: 0.0082127197 | AX11: 0.27349019 | AY11: 1.2175659e-08 | AZ11: 1035404.6 | BA11: 1.0530018e-05 | BB11: 951840.6 | BC11: 939.5773 | BD11: 0.098809158 | BE11: 1226044.8 | BF11: 0.77635062 | BG11: 1 | BH11: 0.075098927 | BI11: 0.046 | BJ11: 5625 | BK11: 1.0441833 | BL11: 24.944814 | BM11: 0.9518406 | BN11: 24.944814 | BO11: 1.0441833 | BP11: 226.65864 | BQ11: 0.98252974 | BR11: 4.267
A12: 12_161 | B12: 16547417 | C12: 623.2387 | D12: 113.823 | E12: 574.34989 | F12: 2563035.6 | G12: 1671616.3 | H12: 2.3752482e-05 | I12: 6.5759232e-05 | J12: 0.46027765 | K12: 10140.6 | L12: 0.0036380462 | M12: 278 | N12: 4065.288 | O12: 8.7843467e-05 | P12: 0.029843874 | Q12: 0.011773735 | R12: 4.2545 | S12: 1293178.5 | T12: 591.03889 | U12: 636.38058 | V12: 0.03 | W12: 1844972 | X12: 0.014409274 | Y12: 8.3306512 | Z12: 8.3306512 | AA12: -5.3704561e-09 | AB12: 8.4234741e-06 | AC12: 638.33806 | AD12: 39150.367 | AE12: 636.38058 | AF12: 0 | AG12: 8.4469261e-06 | AH12: 51.827255 | AI12: 0.30039371 | AJ12: 22.16202 | AK12: 0.93321533 | AL12: 1.4487736 | AM12: 623.2387 | AN12: -4.2774673e-09 | AO12: 2.345192e-08 | AP12: 2.9629729 | AQ12: 2.7408401e-05 | AR12: 4.235189e-06 | AS12: 11.111775 | AT12: 8.9900268 | AU12: 2.7005475 | AV12: 0.26242542 | AW12: 0.006254699 | AX12: 0.26242542 | AY12: 6.363267e-09 | AZ12: 891419.3 | BA12: 9.2503042e-06 | BB12: 1298018.7 | BC12: 4840.2424 | BD12: 0.37429036 | BE12: 1316348.3 | BF12: 0.98607542 | BG12: 1 | BH12: 0.014204433 | BI12: 0.046 | BJ12: 5625 | BK12: 1.0455051 | BL12: 32.199812 | BM12: 1.2980187 | BN12: 32.199812 | BO12: 1.0455051 | BP12: 60.842926 | BQ12: 0.95766359 | BR12: 4.267
A13: 15_161 | B13: 16547417 | C13: 623.2387 | D13: 113.823 | E13: 574.34989 | F13: 2563035.6 | G13: 1671616.3 | H13: 2.3752482e-05 | I13: 6.5759232e-05 | J13: 0.46027765 | K13: 10140.6 | L13: 0.0036380462 | M13: 281 | N13: 3395.424 | O13: 8.7843467e-05 | P13: 0.029843874 | Q13: 0.011773735 | R13: 4.2545 | S13: 1497704.6 | T13: 562.26111 | U13: 625.1339 | V13: 0.03 | W13: 1540963.9 | X13: 0.015281702 | Y13: 8.0893595 | Z13: 8.0893595 | AA13: -2.654323e-09 | AB13: 1.1385608e-05 | AC13: 650.86064 | AD13: 33674.67 | AE13: 625.1339 | AF13: 5.3024166e-07 | AG13: 1.1419056e-05 | AH13: 38.34363 | AI13: 0.25837967 | AJ13: 25.76964 | AK13: 1.6261272 | AL13: 1.4487736 | AM13: 623.2387 | AN13: 6.0798584e-09 | AO13: 3.3447889e-08 | AP13: 2.7601827 | AQ13: 3.1583727e-05 | AR13: 5.7262519e-06 | AS13: 12.922561 | AT13: 9.7448736 | AU13: 2.5178772 | AV13: 0.2423055 | AW13: 0.0084541782 | AX13: 0.24230549 | AY13: 9.6485013e-09 | AZ13: 891419.3 | BA13: 1.1442622e-05 | BB13: 1496586.2 | BC13: -1118.3442 | BD13: -0.074670546 | BE13: 1444857.3 | BF13: 1.0358021 | BG13: 1 | BH13: -0.12366381 | BI13: 0.046 | BJ13: 5625 | BK13: 1.0425385 | BL13: 60.97759 | BM13: 1.4965862 | BN13: 60.97759 | BO13: 1.0425385 | BP13: 440.05929 | BQ13: 1.0011043 | BR13: 4.267
... A24: 70_161 | B24: 14444516 | C24: 612.29412 | D24: 91.248556 | E24: 613.43232 | F24: 2626093.1 | G24: 1588403.9 | H24: 2.2386246e-05 | I24: 7.0694402e-05 | J24: 0.48369685 | K24: 8097.4886 | L24: 0.0057594463 | M24: 317 | N24: 2699.796 | O24: 8.7843467e-05 | P24: 0.029843874 | Q24: 0.011773735 | R24: 4.2545 | S24: 993438.86 | T24: 557.48333 | U24: 623.1665 | V24: 0.03 | W24: 1139727.7 | X24: 0.018067593 | Y24: 7.4396046 | Z24: 7.4396046 | AA24: -1.5627847e-08 | AB24: 2.5754696e-05 | AC24: 633.68255 | AD24: 27081.722 | AE24: 623.1665 | AF24: 3.5172684e-07 | AG24: 2.5784059e-05 | AH24: 26.835244 | AI24: 0.20915558 | AJ24: 46.795314 | AK24: 1.2808139 | AL24: 1.1834832 | AM24: 612.29412 | AN24: 1.1117663e-08 | AO24: 2.9362835e-08 | AP24: 2.8967975 | AQ24: 5.4290538e-05 | AR24: 1.2906711e-05 | AS24: 23.424302 | AT24: 12.71887 | AU24: 2.6602226 | AV24: 0.23657492 | AW24: 0.016184509 | AX24: 0.23657492 | AY24: 1.2540377e-09 | AZ24: 1037689.2 | BA24: 1.8741572e-05 | BB24: 997300.26 | BC24: 3861.3957 | BD24: 0.38868982 | BE24: 1184366.2 | BF24: 0.84205398 | BG24: 1 | BH24: 0.0048574531 | BI24: 0.046 | BJ24: 5625 | BK24: 1.0442407 | BL24: 54.810788 | BM24: 0.99730026 | BN24: 54.810788 | BO24: 1.0442407 | BP24: 219.35944 | BQ24: 0.95702792 | BR24: 4.267

Sheet tm_F1_164
A1: No_TableNo | B1: P | C1: Ts | D1: rhoG | E1: rhoL | F1: HG | G1: HL | H1: muG | I1: muL | J1: KL | K1: CPL | L1: sigma | M1: No | N1: G | O1: A | P1: Pw | Q1: DH | R1: L_DNB | S1: q_in | T1: Tin | U1: Tf | V1: f(beta) | W1: Re | X1: f | Y1: f_left | Z1: f_rihgt | AA1: f_balance | AB1: DB | AC1: Tw | AD1: y_plus | AE1: Tm | AF1: Tw_balance | AG1: y_star | AH1: tauw | AI1: Utau | AJ1: y_plus2 | AK1: Q | AL1: Pr | AM1: T(y_plus) | AN1: y_star_balance | AO1: delta | AP1: UB | AQ1: LB | AR1: YB | AS1: YB_plus | AT1: Karman_UB | AU1: UBL | AV1: UB_left | AW1: CD | AX1: UB_right | AY1: UB_balance | AZ1: HG-HL | BA1: LB/UB | BB1: q_P | BC1: dq_chf | BD1: dq_ratio | BE1: q_M | BF1: PM_ratio | BG1: F_form | BH1: x_Mes | BI1: A_corr | BJ1: σ_corr | BK1: Fcorr | BL1: Tsub | BM1: q_P_MW | BN1: Tsub2 | BO1: Fcorr2 | BP1: (Tsub-40)^2 | BQ1: F2 | BR1: L
A2: 2_164 | B2: 14513463 | C2: 612.67292 | D2: 91.912559 | E2: 612.21368 | F2: 2624225.3 | G2: 1591108.2 | H2: 2.2426156e-05 | I2: 7.0533984e-05 | J2: 0.48291805 | K2: 8145.6939 | L2: 0.0056835159 | M2: 319 | N2: 2668.608 | O2: 8.7843467e-05 | P2: 0.029843874 | Q2: 0.011773735 | R2: 3.4036 | S2: 1017379.4 | T2: 535.26111 | U2: 609.02608 | V2: 0.03 | W2: 1129123.8 | X2: 0.018095543 | Y2: 7.4338567 | Z2: 7.4338567 | AA2: -3.1531222e-10 | AB2: 2.5920904e-05 | AC2: 646.24222 | AD2: 26850.501 | AE2: 609.02608 | AF2: 4.7900789e-07 | AG2: 2.5951097e-05 | AH2: 26.311656 | AI2: 0.20731111 | AJ2: 46.696347 | AK2: 2.0044166 | AL2: 1.1897427 | AM2: 612.67292 | AN2: 3.4706432e-08 | AO2: 3.0192818e-08 | AP2: 2.8695966 | AQ2: 5.426601e-05 | AR2: 1.2990645e-05 | AS2: 23.375338 | AT2: 12.708408 | AU2: 2.6345941 | AV2: 0.23500251 | AW2: 0.016367817 | AX2: 0.23500249 | AY2: 1.6803833e-08 | AZ2: 1033117.1 | BA2: 1.8910675e-05 | BB2: 1009832.2 | BC2: -7547.2197 | BD2: -0.74182942 | BE2: 1183347.1 | BF2: 0.85336941 | BG2: 1.363 | BH2: -0.19727053 | BI2: 0.046 | BJ2: 5625 | BK2: 1.0358669 | BL2: 77.411809 | BM2: 1.0098322 | BN2: 77.411809 | BO2: 1.0358669 | BP2: 1399.6435 | BQ2: 0.95197733 | BR2: 4.267
A3: 3_164 | B3: 14478990 | C3: 612.4837 | D3: 91.580012 | E3: 612.8234 | F3: 2625160.7 | G3: 1589756.1 | H3: 2.2406167e-05 | I3: 7.0614186e-05 | J3: 0.48330738 | K3: 8121.4802 | L3: 0.0057214248 | M3: 320 | N3: 3390 | O3: 8.7843467e-05 | P3: 0.029843874 | Q3: 0.011773735 | R3: 3.4036 | S3: 1253368.9 | T3: 534.31667 | U3: 606.06703 | V3: 0.03 | W3: 1432725.3 | X3: 0.016632062 | Y3: 7.7540206 | Z3: 7.7540206 | AA3: -1.2308996e-08 | AB3: 1.761024e-05 | AC3: 645.7023 | AD3: 32663.37 | AE3: 606.06703 | AF3: 4.7324943e-07 | AG3: 1.7636726e-05 | AH3: 38.987032 | AI3: 0.25222749 | AJ3: 38.605907 | AK3: 2.0448545 | AL3: 1.1865983 | AM3: 612.4837 | AN3: 4.2028091e-08 | AO3: 2.648593e-08 | AP3: 3.2215019 | AQ3: 4.3476312e-05 | AR3: 8.8316058e-06 | AS3: 19.331942 | AT3: 11.758794 | AU3: 2.965891 | AV3: 0.25561091 | AW3: 0.011093159 | AX3: 0.2556109 | AY3: 1.9770784e-09 | AZ3: 1035404.6 | BA3: 1.3495665e-05 | BB3: 1245278.2 | BC3: -8090.6869 | BD3: -0.64551523 | BE3: 1430613.6 | BF3: 0.8704504 | BG3: 1.363 | BH3: -0.21427781 | BI3: 0.046 | BJ3: 5625 | BK3: 1.0355048 | BL3: 78.167036 | BM3: 1.2452782 | BN3: 78.167036 | BO3: 1.0355048 | BP3: 1456.7226 | BQ3: 0.97649211 | BR3: 4.267
A4: 5_164 | B4: 16650838 | C4: 623.74675 | D4: 115.08175 | E4: 572.29121 | F4: 2559557.8 | G4: 1675797.4 | H4: 2.3829583e-05 | I4: 6.550994e-05 | J4: 0.45915472 | K4: 10285.253 | L4: 0.0035437209 | M4: 322 | N4: 2614.368 | O4: 8.7843467e-05 | P4: 0.029843874 | Q4: 0.011773735 | R4: 3.4036 | S4: 1211026.8 | T4: 537.15 | U4: 608.13264 | V4: 0.03 | W4: 1191008.1 | X4: 0.016620263 | Y4: 7.7567725 | Z4: 7.7567725 | AA4: -1.2778107e-08 | AB4: 1.7138645e-05 | AC4: 669.49474 | AD4: 27143.051 | AE4: 608.13264 | AF4: 7.1667785e-07 | AG4: 1.7176624e-05 | AH4: 24.812142 | AI4: 0.20822055 | AJ4: 31.244334 | AK4: 2.5355663 | AL4: 1.4674494 | AM4: 623.74675 | AN4: 7.4611535e-09 | AO4: 3.7978526e-08 | AP4: 2.4464341 | AQ4: 3.8827661e-05 | AR4: 8.6073011e-06 | AS4: 15.656708 | AT4: 10.704497 | AU4: 2.2288964 | AV4: 0.21753778 | AW4: 0.012847722 | AX4: 0.21753776 | AY4: 1.4651087e-08 | AZ4: 883760.41 | BA4: 1.5871125e-05 | BB4: 1210269.3 | BC4: -757.47877 | BD4: -0.062548474 | BE4: 1280487.5 | BF4: 0.94516294 | BG4: 1.363 | BH4: -0.36717616 | BI4: 0.046 | BJ4: 5625 | BK4: 1.0312694 | BL4: 86.596747 | BM4: 1.2102693 | BN4: 86.596747 | BO4: 1.0312694 | BP4: 2171.2569 | BQ4: 0.90537682 | BR4: 4.267
A5: 6_164 | B5: 16650838 | C5: 623.74675 | D5: 115.08175 | E5: 572.29121 | F5: 2559557.8 | G5: 1675797.4 | H5: 2.3829583e-05 | I5: 6.550994e-05 | J5: 0.45915472 | K5: 10285.253 | L5: 0.0035437209 | M5: 323 | N5: 3376.44 | O5: 8.7843467e-05 | P5: 0.029843874 | Q5: 0.011773735 | R5: 3.4036 | S5: 1465851.2 | T5: 539.03889 | U5: 605.56559 | V5: 0.03 | W5: 1538179.5 | X5: 0.015239011 | Y5: 8.1006826 | Z5: 8.1006826 | AA5: -2.807921e-09 | AB5: 1.1206577e-05 | AC5: 666.08328 | AD5: 33566.837 | AE5: 605.56559 | AF5: 0 | AG5: 1.1239803e-05 | AH5: 37.946155 | AI5: 0.25749888 | AJ5: 25.283892 | AK5: 2.4855304 | AL5: 1.4674494 | AM5: 623.74675 | AN5: 3.1857326e-09 | AO5: 3.3226466e-08 | AP5: 2.7262388 | AQ5: 3.1266589e-05 | AR5: 5.6365149e-06 | AS5: 12.679318 | AT5: 9.6498607 | AU5: 2.4848284 | AV5: 0.24141044 | AW5: 0.0084008379 | AX5: 0.24141044 | AY5: 1.0377691e-09 | AZ5: 883760.41 | BA5: 1.1468764e-05 | BB5: 1465275.1 | BC5: -576.05747 | BD5: -0.039298497 | BE5: 1524810.4 | BF5: 0.96095561 | BG5: 1.363 | BH5: -0.3811865 | BI5: 0.046 | BJ5: 5625 | BK5: 1.032243 | BL5: 84.707858 | BM5: 1.4652751 | BN5: 84.707858 | BO5: 1.032243 | BP5: 1998.7926 | BQ5: 0.94220713 | BR5: 4.267
A6: 8_164 | B6: 16719786 | C6: 624.08398 | D6: 115.93036 | E6: 570.90924 | F6: 2557216.1 | G6: 1678592.8 | H6: 2.3881636e-05 | I6: 6.5343121e-05 | J6: 0.45840869 | K6: 10385.059 | L6: 0.003481343 | M6: 325 | N6: 2714.712 | O6: 8.7843467e-05 | P6: 0.029843874 | Q6: 0.011773735 | R6: 3.4036 | S6: 1076355.2 | T6: 564.03889 | U6: 624.21207 | V6: 0.03 | W6: 1239878.4 | X6: 0.016351058 | Y6: 7.8203658 | Z6: 7.8203658 | AA6: -1.2739128e-08 | AB6: 1.5834039e-05 | AC6: 658.64604 | AD6: 28027.027 | AE6: 624.21207 | AF6: 0 | AG6: 1.5866284e-05 | AH6: 26.383738 | AI6: 0.21497335 | AJ6: 29.800741 | AK6: 1.919209 | AL6: 1.4803213 | AM6: 624.08398 | AN6: 2.5366717e-08 | AO6: 3.2244736e-08 | AP6: 2.4706494 | AQ6: 3.7187373e-05 | AR6: 7.9492644e-06 | AS6: 14.930652 | AT6: 10.467081 | AU6: 2.2501436 | AV6: 0.22050581 | AW6: 0.011946363 | AX6: 0.2205058 | AY6: 1.2799307e-08 | AZ6: 878623.27 | BA6: 1.5051659e-05 | BB6: 1074593.5 | BC6: -1761.6756 | BD6: -0.16367047 | BE6: 1068544.7 | BF6: 1.0056608 | BG6: 1.363 | BH6: -0.23077825 | BI6: 0.046 | BJ6: 5625 | BK6: 1.0428287 | BL6: 60.045095 | BM6: 1.0745935 | BN6: 60.045095 | BO6: 1.0428287 | BP6: 401.80585 | BQ6: 0.95793758 | BR6: 4.267
A7: 9_164 | B7: 16547417 | C7: 623.2387 | D7: 113.823 | E7: 574.34989 | F7: 2563035.6 | G7: 1671616.3 | H7: 2.3752482e-05 | I7: 6.5759232e-05 | J7: 0.46027765 | K7: 10140.6 | L7: 0.0036380462 | M7: 326 | N7: 3383.22 | O7: 8.7843467e-05 | P7: 0.029843874 | Q7: 0.011773735 | R7: 3.4036 | S7: 1261061.7 | T7: 563.48333 | U7: 621.41587 | V7: 0.03 | W7: 1535425.3 | X7: 0.015299986 | Y7: 8.0845245 | Z7: 8.0845245 | AA7: -2.0972948e-08 | AB7: 1.1454192e-05 | AC7: 655.38168 | AD7: 33573.702 | AE7: 621.41587 | AF7: 0 | AG7: 1.1482311e-05 | AH7: 38.114041 | AI7: 0.25760496 | AJ7: 25.834696 | AK7: 1.8907923 | AL7: 1.4487736 | AM7: 623.2387 | AN7: 9.3658628e-09 | AO7: 2.8119211e-08 | AP7: 2.7549926 | AQ7: 3.1702841e-05 | AR7: 5.7552152e-06 | AS7: 12.948981 | AT7: 9.7550856 | AU7: 2.5129585 | AV7: 0.2420341 | AW7: 0.008505104 | AX7: 0.24203409 | AY7: 7.8635783e-09 | AZ7: 891419.3 | BA7: 1.1507414e-05 | BB7: 1251076.7 | BC7: -9984.9919 | BD7: -0.79179247 | BE7: 1245163.7 | BF7: 1.0047488 | BG7: 1.363 | BH7: -0.23592696 | BI7: 0.046 | BJ7: 5625 | BK7: 1.0429166 | BL7: 59.755368 | BM7: 1.2510767 | BN7: 59.755368 | BO7: 1.0429166 | BP7: 390.27456 | BQ7: 0.98823261 | BR7: 4.267
A8: 10_164 | B8: 16581891 | C8: 623.40834 | D8: 114.24072 | E8: 573.66553 | F8: 2561880.9 | G8: 1673008.5 | H8: 2.3778054e-05 | I8: 6.5676255e-05 | J8: 0.45990285 | K8: 10188.162 | L8: 0.0036065031 | M8: 327 | N8: 4040.88 | O8: 8.7843467e-05 | P8: 0.029843874 | Q8: 0.011773735 | R8: 3.4036 | S8: 1445298.4 | T8: 564.26111 | U8: 619.59177 | V8: 0.03 | W8: 1836211.7 | X8: 0.014415782 | Y8: 8.3287705 | Z8: 8.3287705 | AA8: -5.6623186e-09 | AB8: 8.4377409e-06 | AC8: 653.84187 | AD8: 38973.273 | AE8: 619.59177 | AF8: 5.616231e-07 | AG8: 8.4641878e-06 | AH8: 51.291025 | AI8: 0.29901385 | AJ8: 22.106855 | AK8: 1.8768916 | AL8: 1.4549166 | AM8: 623.40834 | AN8: -7.7351388e-09 | AO8: 2.6446853e-08 | AP8: 2.9465124 | AQ8: 2.7396759e-05 | AR8: 4.2453173e-06 | AS8: 11.087965 | AT8: 8.9793013 | AU8: 2.6849355 | AV8: 0.26157695 | AW8: 0.0062850977 | AX8: 0.26157694 | AY8: 5.1309983e-09 | AZ8: 888872.47 | BA8: 9.2980293e-06 | BB8: 1450378.3 | BC8: 5079.9248 | BD8: 0.35147931 | BE8: 1483599.3 | BF8: 0.97760785 | BG8: 1.363 | BH8: -0.23405491 | BI8: 0.046 | BJ8: 5625 | BK8: 1.0430975 | BL8: 59.147232 | BM8: 1.4503783 | BN8: 59.147232 | BO8: 1.0430975 | BP8: 366.6165 | BQ8: 0.99152205 | BR8: 4.267
A9: 12_164 | B9: 14547937 | C9: 612.86178 | D9: 92.246205 | E9: 611.60317 | F9: 2623287 | G9: 1592460.4 | H9: 2.2446212e-05 | I9: 7.0453794e-05 | J9: 0.48252885 | K9: 8170.1332 | L9: 0.0056457195 | M9: 329 | N9: 2770.308 | O9: 8.7843467e-05 | P9: 0.029843874 | Q9: 0.011773735 | R9: 3.4036 | S9: 862506.78 | T9: 561.48333 | U9: 621.54335 | V9: 0.03 | W9: 1173488.6 | X9: 0.017826663 | Y9: 7.4897094 | Z9: 7.4897094 | AA9: -4.1813735e-09 | AB9: 2.4228921e-05 | AC9: 637.4503 | AD9: 27697.394 | AE9: 621.54335 | AF9: 0 | AG9: 2.4253571e-05 | AH9: 27.961886 | AI9: 0.21382002 | AJ9: 45.018332 | AK9: 1.4738268 | AL9: 1.192917 | AM9: 612.86178 | AN9: 4.0299028e-08 | AO9: 2.464964e-08 | AP9: 2.9157124 | AQ9: 5.2056059e-05 | AR9: 1.213911e-05 | AS9: 22.532043 | AT9: 12.524692 | AU9: 2.6780299 | AV9: 0.2376825 | AW9: 0.015336603 | AX9: 0.2376825 | AY9: 2.1031087e-09 | AZ9: 1030826.6 | BA9: 1.7853633e-05 | BB9: 870440.98 | BC9: 7934.2063 | BD9: 0.91990075 | BE9: 965517 | BF9: 0.90152839 | BG9: 1.363 | BH9: -0.10561999 | BI9: 0.046 | BJ9: 5625 | BK9: 1.0449533 | BL9: 51.378442 | BM9: 0.87044098 | BN9: 51.378442 | BO9: 1.0449533 | BP9: 129.46894 | BQ9: 0.97565557 | BR9: 4.267
A10: 13_164 | B10: 14513463 | C10: 612.67292 | D10: 91.912559 | E10: 612.21368 | F10: 2624225.3 | G10: 1591108.2 | H10: 2.2426156e-05 | I10: 7.0533984e-05 | J10: 0.48291805 | K10: 8145.6939 | L10: 0.0056835159 | M10: 330 | N10: 3388.644 | O10: 8.7843467e-05 | P10: 0.029843874 | Q10: 0.011773735 | R10: 3.4036 | S10: 1034597.9 | T10: 560.37222 | U10: 619.4464 | V10: 0.03 | W10: 1433780.7 | X10: 0.016612978 | Y10: 7.7584729 | Z10: 7.7584729 | AA10: -1.2911508e-08 | AB10: 1.7510234e-05 | AC10: 637.30649 | AD10: 32668.672 | AE10: 619.4464 | AF10: 0 | AG10: 1.7532447e-05 | AH10: 38.949903 | AI10: 0.25223286 | AJ10: 38.383876 | AK10: 1.5152037 | AL10: 1.1897427 | AM10: 612.67292 | AN10: 2.3758389e-08 | AO10: 2.2213124e-08 | AP10: 3.2136944 | AQ10: 4.3267365e-05 | AR10: 8.7773301e-06 | AS10: 19.216254 | AT10: 11.728782 | AU10: 2.9583844 | AV10: 0.25531001 | AW10: 0.011056879 | AX10: 0.25531001 | AY10: 1.767946e-09 | AZ10: 1033117.1 | BA10: 1.3463435e-05 | BB10: 1043533.4 | BC10: 8935.5057 | BD10: 0.86366942 | BE10: 1139192.3 | BF10: 0.91602919 | BG10: 1.363 | BH10: -0.11832822 | BI10: 0.046 | BJ10: 5625 | BK10: 1.0447791 | BL10: 52.300698 | BM10: 1.0435334 | BN10: 52.300698 | BO10: 1.0447791 | BP10: 151.30717 | BQ10: 0.99934588 | BR10: 4.267
A11: 14_164 | B11: 14582411 | C11: 613.05027 | D11: 92.580958 | E11: 610.99185 | F11: 2622345.6 | G11: 1593812.5 | H11: 2.2466336e-05 | I11: 7.0373615e-05 | J11: 0.48213978 | K11: 8194.8014 | L11: 0.0056080352 | M11: 331 | N11: 4065.288 | O11: 8.7843467e-05 | P11: 0.029843874 | Q11: 0.011773735 | R11: 3.4036 | S11: 1221952.4 | T11: 560.26111 | U11: 618.07133 | V11: 0.03 | W11: 1723997.6 | X11: 0.01556367 | Y11: 8.0157468 | Z11: 8.0157468 | AA11: -2.1229468e-08 | AB11: 1.2788592e-05 | AC11: 637.69643 | AD11: 38020.487 | AE11: 618.07133 | AF11: 0 | AG11: 1.2808772e-05 | AH11: 52.622231 | AI11: 0.29347217 | AJ11: 32.636228 | AK11: 1.5494051 | AL11: 1.1961216 | AM11: 613.05027 | AN11: 5.0025619e-09 | AO11: 2.0179933e-08 | AP11: 3.4770599 | AQ11: 3.6250851e-05 | AR11: 6.4144757e-06 | AS11: 16.343823 | AT11: 10.91925 | AU11: 3.204496 | AV11: 0.27256395 | AW11: 0.0081147695 | AX11: 0.27256394 | AY11: 1.2005662e-08 | AZ11: 1028533.1 | BA11: 1.0425719e-05 | BB11: 1216374.7 | BC11: -5577.6771 | BD11: -0.45645618 | BE11: 1357022.4 | BF11: 0.89635566 | BG11: 1.363 | BH11: -0.12475207 | BI11: 0.046 | BJ11: 5625 | BK11: 1.0446817 | BL11: 52.789159 | BM11: 1.2163747 | BN11: 52.789159 | BO11: 1.0446817 | BP11: 163.56258 | BQ11: 1.0026263 | BR11: 4.267
A12: 17_164 | B12: 16547417 | C12: 623.2387 | D12: 113.823 | E12: 574.34989 | F12: 2563035.6 | G12: 1671616.3 | H12: 2.3752482e-05 | I12: 6.5759232e-05 | J12: 0.46027765 | K12: 10140.6 | L12: 0.0036380462 | M12: 334 | N12: 2703.864 | O12: 8.7843467e-05 | P12: 0.029843874 | Q12: 0.011773735 | R12: 3.4036 | S12: 834452.48 | T12: 587.59444 | U12: 635.56041 | V12: 0.03 | W12: 1227109.5 | X12: 0.016508472 | Y12: 7.7829915 | Z12: 7.7829915 | AA12: -1.4409593e-08 | AB12: 1.6620321e-05 | AC12: 644.48963 | AD12: 27871.591 | AE12: 635.56041 | AF12: 4.6529249e-07 | AG12: 1.6645506e-05 | AH12: 26.266974 | AI12: 0.21385369 | AJ12: 31.09092 | AK12: 1.1884967 | AL12: 1.4487736 | AM12: 623.2387 | AN12: 2.5969484e-09 | AO12: 2.5185222e-08 | AP12: 2.504235 | AQ12: 3.8369743e-05 | AR12: 8.3353456e-06 | AS12: 15.568981 | AT12: 10.676403 | AU12: 2.2831881 | AV12: 0.2210469 | AW12: 0.01234112 | AX12: 0.22104689 | AY12: 5.3880981e-09 | AZ12: 891419.3 | BA12: 1.5321942e-05 | BB12: 841570.59 | BC12: 7118.1059 | BD12: 0.85302711 | BE12: 835996.43 | BF12: 1.0066677 | BG12: 1.363 | BH12: -0.085063308 | BI12: 0.046 | BJ12: 5625 | BK12: 1.0458451 | BL12: 35.644257 | BM12: 0.84157059 | BN12: 35.644257 | BO12: 1.0458451 | BP12: 18.972498 | BQ12: 0.97423237 | BR12: 4.267
A13: 18_164 | B13: 16581891 | C13: 623.40834 | D13: 114.24072 | E13: 573.66553 | F13: 2561880.9 | G13: 1673008.5 | H13: 2.3778054e-05 | I13: 6.5676255e-05 | J13: 0.45990285 | K13: 10188.162 | L13: 0.0036065031 | M13: 335 | N13: 3330.336 | O13: 8.7843467e-05 | P13: 0.029843874 | Q13: 0.011773735 | R13: 3.4036 | S13: 933685.21 | T13: 592.03889 | U13: 635.40962 | V13: 0.03 | W13: 1513334.2 | X13: 0.015356531 | Y13: 8.0696266 | Z13: 8.0696266 | AA13: -1.1959896e-08 | AB13: 1.1661303e-05 | AC13: 641.94859 | AD13: 33151.748 | AE13: 635.40962 | AF13: 0 | AG13: 1.1682582e-05 | AH13: 37.112523 | AI13: 0.25434949 | AJ13: 25.954943 | AK13: 1.0859191 | AL13: 1.4549166 | AM13: 623.40834 | AN13: 1.4982788e-09 | AO13: 2.1279162e-08 | AP13: 2.7267479 | AQ13: 3.199085e-05 | AR13: 5.8519306e-06 | AS13: 13.001109 | AT13: 9.7751734 | AU13: 2.4863103 | AV13: 0.24043756 | AW13: 0.0086862619 | AX13: 0.24043756 | AY13: 8.9788538e-10 | AZ13: 888872.47 | BA13: 1.1732236e-05 | BB13: 924851.36 | BC13: -8833.8505 | BD13: -0.94612728 | BE13: 959629.7 | BF13: 0.96375859 | BG13: 1.363 | BH13: -0.066745541 | BI13: 0.046 | BJ13: 5625 | BK13: 1.0453949 | BL13: 31.369454 | BM13: 0.92485136 | BN13: 31.369454 | BO13: 1.0453949 | BP13: 74.486317 | BQ13: 0.98033522 | BR13: 4.267
... A22: 72_164 | B22: 14513463 | C22: 612.67292 | D22: 91.912559 | E22: 612.21368 | F22: 2624225.3 | G22: 1591108.2 | H22: 2.2426156e-05 | I22: 7.0533984e-05 | J22: 0.48291805 | K22: 8145.6939 | L22: 0.0056835159 | M22: 381 | N22: 2743.188 | O22: 8.7843467e-05 | P22: 0.029843874 | Q22: 0.011773735 | R22: 3.4036 | S22: 1033049.6 | T22: 536.65 | U22: 609.51477 | V22: 0.03 | W22: 1160679.6 | X22: 0.017914606 | Y22: 7.4713033 | Z22: 7.4713033 | AA22: -7.708719e-09 | AB22: 2.4778381e-05 | AC22: 645.74799 | AD22: 27462.558 | AE22: 609.51477 | AF22: 0 | AG22: 2.4808206e-05 | AH22: 27.524877 | AI22: 0.21203677 | AJ22: 45.657398 | AK22: 1.9815617 | AL22: 1.1897427 | AM22: 612.67292 | AN22: 4.5667775e-08 | AO22: 2.9824841e-08 | AP22: 2.9080199 | AQ22: 5.2841465e-05 | AR22: 1.2419016e-05 | AS22: 22.856144 | AT22: 12.5961 | AU22: 2.6708363 | AV22: 0.23718354 | AW22: 0.015646368 | AX22: 0.23718354 | AY22: 1.7416005e-09 | AZ22: 1033117.1 | BA22: 1.8170943e-05 | BB22: 1038133.6 | BC22: 5084.0126 | BD22: 0.49213634 | BE22: 1183347.1 | BF22: 0.87728584 | BG22: 1.363 | BH22: -0.19698049 | BI22: 0.046 | BJ22: 5625 | BK22: 1.0365232 | BL22: 76.02292 | BM22: 1.0381336 | BN22: 76.02292 | BO22: 1.0365232 | BP22: 1297.6508 | BQ22: 0.95922976 | BR22: 4.267

Sheet tm_F1F2_ST
A1: No_TableNo | B1: P | C1: Ts | D1: rhoG | E1: rhoL | F1: HG | G1: HL | H1: muG | I1: muL | J1: KL | K1: CPL | L1: sigma | M1: No | N1: G | O1: A | P1: Pw | Q1: DH | R1: L | S1: q_in | T1: Tin | U1: Tf | V1: f(beta) | W1: Re | X1: f | Y1: f_left | Z1: f_rihgt | AA1: f_balance | AB1: DB | AC1: Tw | AD1: y_plus | AE1: Tm | AF1: Tw_balance | AG1: y_star | AH1: tauw | AI1: Utau | AJ1: y_plus2 | AK1: Q | AL1: Pr | AM1: T(y_plus) | AN1: y_star_balance | AO1: delta | AP1: UB | AQ1: LB | AR1: YB | AS1: YB_plus | AT1: Karman_UB | AU1: UBL | AV1: UB_left | AW1: CD | AX1: UB_right | AY1: UB_balance | AZ1: HG-HL | BA1: LB/UB | BB1: q_P | BC1: dq_chf | BD1: dq_ratio | BE1: q_M | BF1: PM_ratio | BG1: F_form | BH1: x_Mes | BI1: A_corr | BJ1: σ_corr | BK1: Fcorr | BL1: Tsub | BM1: q_P_MW | BN1: Tsub2 | BO1: Fcorr2 | BP1: (Tsub-40)^2 | BQ1: F2 | BR1: ST_F2P_import_key | BS1: P_MPa_import | BT1: F2_P | BU1: F_corr_before_ST_import | BV1: F_corr_with_F2P_candidate | BW1: PM_ratio_before_ST_import | BX1: q_P_before_ST_import | BY1: q_M_ST_import | BZ1: L_over_DH_import | CA1: ST_F2P_status | CB1: ST_F2P_note | CC1: Fcorr_before_STF2P_value | CD1: Fcorr_before_STF2P_formula | CE1: Fcorr2_before_STF2P_value | CF1: Fcorr2_before_STF2P_formula | CG1: PM_ratio_before_STF2P_value | CH1: PM_ratio_before_STF2P_formula | CI1: q_P_before_STF2P_value | CJ1: q_P_before_STF2P_formula | CK1: q_M_before_STF2P_value | CL1: q_P_after_STF2P | CM1: delta_q_P_STF2P | CN1: PM_ratio_after_STF2P | CO1: delta_PM_ratio_STF2P | CP1: PM_ratio_change_pct_STF2P | CQ1: Tw_after_STF2P | CR1: delta_Tw_STF2P | CS1: y_star_after_STF2P | CT1: delta_y_star_STF2P | CU1: delta_after_STF2P | CV1: delta_delta_STF2P | CW1: UB_after_STF2P | CX1: delta_UB_STF2P | CY1: STF2P_result_status | CZ1: STF2P_result_note
A2: 9.01_10 | B2: 13789520 | C2: 608.62111 | D2: 85.147894 | E2: 624.86627 | F2: 2643264.4 | G2: 1562687 | H2: 2.2019594e-05 | I2: 7.2223253e-05 | J2: 0.49112125 | K2: 7679.7516 | L2: 0.0065036383 | M2: 1 | N2: 2440.8 | O2: 2.8502296e-06 | P2: 0.005984734 | Q2: 0.001905 | R2: 0.1524 | S2: 4995542.5 | T2: 499.9514 | U2: 585.23259 | V2: 0.03 | W2: 64379.875 | X2: 0.035268931 | Y2: 5.3248068 | Z2: 5.3248068 | AA2: -9.2647987e-09 | AB2: 1.8567696e-05 | AC2: 708.14059 | AD2: 2137.3286 | AE2: 585.23259 | AF2: 0 | AG2: 1.8667671e-05 | AH2: 42.031957 | AI2: 0.25935598 | AJ2: 41.888659 | AK2: 6.2386478 | AL2: 1.129368 | AM2: 608.62111 | AN2: 5.7211764e-09 | AO2: 9.9975659e-08 | AP2: 3.4259625 | AQ2: 4.6459771e-05 | AR2: 9.3838236e-06 | AS2: 21.056498 | AT2: 12.186046 | AU2: 3.1605239 | AV2: 0.26543858 | AW2: 0.01116311 | AX2: 0.26543857 | AY2: 9.7660329e-09 | AZ2: 1080577.4 | BA2: 1.3561086e-05 | BB2: 4977861.1 | BC2: -17681.418 | BD2: -0.3539439 | BE2: 4038400 | BF2: 1.232632 | BG2: 1 | BH2: -0.05 | BI2: 0.046 | BJ2: 5625 | BK2: 1.0312684 | BL2: 108.66971 | BM2: 4.9778611 | BN2: 108.66971 | BO2: 1.0312684 | BP2: 4715.529 | BQ2: 1 | BR2: 9.01_10 | BS2: 13.78952 | BT2: 1.0111544 | BU2: 1.0198921 | BV2: 1.0312684 | BW2: 1.1599938 | BX2: 4684519.1 | BY2: 4038400 | BZ2: 80 | CA2: MATCHED | CB2: F2P候補係数のみ。PM_afterはマクロCelata再収束後に取得。 | CC2: 1.0198921 | CD2: [式] 1+[@[A_corr]]*EXP(-[@[(Tsub-40)^2]]/[@[σ_corr]]) | CE2: 1.0198921 | CF2: [式] [@Fcorr] | CG2: 1.1599938 | CH2: [式] [@[q_P]]/[@[q_M]] | CI2: 4684519.1 | CJ2: [式] +E2*AO2*AZ2/BA2 | CK2: 4038400 | CL2: 4977861.1 | CM2: 293342.06 | CN2: 1.232632 | CO2: 0.072638189 | CP2: 0.062619462 | CQ2: 708.14059 | CR2: 5.813275 | CS2: 1.8667671e-05 | CT2: 5.8298529e-09 | CU2: 9.9975659e-08 | CV2: 5.8298529e-09 | CW2: 3.4259625 | CX2: 0.00074793444 | CY2: VBA実行後・検証済 | CZ2: PM_ratioは1から遠ざかった(worsened)
A3: 10.01_10 | B3: 13789520 | C3: 608.62111 | D3: 85.147894 | E3: 624.86627 | F3: 2643264.4 | G3: 1562687 | H3: 2.2019594e-05 | I3: 7.2223253e-05 | J3: 0.49112125 | K3: 7679.7516 | L3: 0.0065036383 | M3: 2 | N3: 2454.36 | O3: 2.8502296e-06 | P3: 0.005984734 | Q3: 0.001905 | R3: 0.1524 | S3: 5028046.4 | T3: 499.3915 | U3: 584.75335 | V3: 0.03 | W3: 64737.541 | X3: 0.035176483 | Y3: 5.3317993 | Z3: 5.3317993 | AA3: -4.9712446e-08 | AB3: 1.8411355e-05 | AC3: 708.4305 | AD3: 2146.384 | AE3: 584.75335 | AF3: 0 | AG3: 1.8512162e-05 | AH3: 42.388874 | AI3: 0.26045482 | AJ3: 41.715704 | AK3: 6.2608808 | AL3: 1.129368 | AM3: 608.62111 | AN3: 9.6683834e-08 | AO3: 1.0080721e-07 | AP3: 3.4345402 | AQ3: 4.6227996e-05 | AR3: 9.3064847e-06 | AS3: 20.971433 | AT3: 12.165806 | AU3: 3.1686427 | AV3: 0.26589745 | AW3: 0.011069116 | AX3: 0.26589744 | AY3: 1.0063501e-08 | AZ3: 1080577.4 | BA3: 1.3459733e-05 | BB3: 5057059.8 | BC3: 29013.43 | BD3: 0.57703186 | BE3: 4038400 | BF3: 1.2522434 | BG3: 1 | BH3: -0.055 | BI3: 0.046 | BJ3: 5625 | BK3: 1.0309942 | BL3: 109.22961 | BM3: 5.0570598 | BN3: 109.22961 | BO3: 1.0309942 | BP3: 4792.7389 | BQ3: 1 | BR3: 10.01_10 | BS3: 13.78952 | BT3: 1.0111544 | BU3: 1.019621 | BV3: 1.0309942 | BW3: 1.1753842 | BX3: 4746671.6 | BY3: 4038400 | BZ3: 80 | CA3: MATCHED | CB3: F2P候補係数のみ。PM_afterはマクロCelata再収束後に取得。 | CC3: 1.019621 | CD3: [式] 1+[@[A_corr]]*EXP(-[@[(Tsub-40)^2]]/[@[σ_corr]]) | CE3: 1.019621 | CF3: [式] [@Fcorr] | CG3: 1.1753842 | CH3: [式] [@[q_P]]/[@[q_M]] | CI3: 4746671.6 | CJ3: [式] +E3*AO3*AZ3/BA3 | CK3: 4038400 | CL3: 5057059.8 | CM3: 310388.23 | CN3: 1.2522434 | CO3: 0.076859209 | CP3: 0.065390711 | CQ3: 708.4305 | CR3: 5.817975 | CS3: 1.8512162e-05 | CT3: 6.1215051e-09 | CU3: 1.0080721e-07 | CV3: 6.1215051e-09 | CW3: 3.4345402 | CX3: 0.00079529107 | CY3: VBA実行後・検証済 | CZ3: PM_ratioは1から遠ざかった(worsened)
A4: 11.01_10 | B4: 13789520 | C4: 608.62111 | D4: 85.147894 | E4: 624.86627 | F4: 2643264.4 | G4: 1562687 | H4: 2.2019594e-05 | I4: 7.2223253e-05 | J4: 0.49112125 | K4: 7679.7516 | L4: 0.0065036383 | M4: 3 | N4: 3037.44 | O4: 2.8502296e-06 | P4: 0.005984734 | Q4: 0.001905 | R4: 0.1524 | S4: 5959857.5 | T4: 495.51146 | U4: 577.26959 | V4: 0.03 | W4: 80117.178 | X4: 0.031869501 | Y4: 5.6016036 | Z4: 5.6016036 | AA4: -2.5984783e-08 | AB4: 1.3268567e-05 | AC4: 707.82402 | AD4: 2528.3563 | AE4: 577.26959 | AF4: 0 | AG4: 1.3358884e-05 | AH4: 58.818453 | AI4: 0.30680558 | AJ4: 35.460386 | AK4: 6.3855237 | AL4: 1.129368 | AM4: 608.62111 | AN4: 1.0031727e-08 | AO4: 9.0316432e-08 | AP4: 3.7706215 | AQ4: 3.8354506e-05 | AR4: 6.7246e-06 | AS4: 17.850063 | AT4: 11.360035 | AU4: 3.4853222 | AV4: 0.28529929 | AW4: 0.0079772136 | AX4: 0.28529928 | AY4: 3.8997701e-09 | AZ4: 1080577.4 | BA4: 1.0171932e-05 | BB4: 5995236.2 | BC4: 35378.701 | BD4: 0.59361656 | BE4: 5395050 | BF4: 1.1112476 | BG4: 1 | BH4: -0.033 | BI4: 0.046 | BJ4: 5625 | BK4: 1.0291388 | BL4: 113.10965 | BM4: 5.9952362 | BN4: 113.10965 | BO4: 1.0291388 | BP4: 5345.021 | BQ4: 1 | BR4: 11.01_10 | BS4: 13.78952 | BT4: 1.0111544 | BU4: 1.0177861 | BV4: 1.0291388 | BW4: 1.0399209 | BX4: 5610425.5 | BY4: 5395050 | BZ4: 80 | CA4: MATCHED | CB4: F2P候補係数のみ。PM_afterはマクロCelata再収束後に取得。 | CC4: 1.0177861 | CD4: [式] 1+[@[A_corr]]*EXP(-[@[(Tsub-40)^2]]/[@[σ_corr]]) | CE4: 1.0177861 | CF4: [式] [@Fcorr] | CG4: 1.0399209 | CH4: [式] [@[q_P]]/[@[q_M]] | CI4: 5610425.5 | CJ4: [式] +E4*AO4*AZ4/BA4 | CK4: 5395050 | CL4: 5995236.2 | CM4: 384810.72 | CN4: 1.1112476 | CO4: 0.071326626 | CP4: 0.068588509 | CQ4: 707.82402 | CR4: 5.720993 | CS4: 1.3358884e-05 | CT4: 5.7154634e-09 | CU4: 9.0316432e-08 | CV4: 5.7154634e-09 | CW4: 3.7706215 | CX4: 0.0012125972 | CY4: VBA実行後・検証済 | CZ4: PM_ratioは1から遠ざかった(worsened)
A5: 12.01_10 | B5: 13789520 | C5: 608.62111 | D5: 85.147894 | E5: 624.86627 | F5: 2643264.4 | G5: 1562687 | H5: 2.2019594e-05 | I5: 7.2223253e-05 | J5: 0.49112125 | K5: 7679.7516 | L5: 0.0065036383 | M5: 4 | N5: 3118.8 | O5: 2.8502296e-06 | P5: 0.005984734 | Q5: 0.001905 | R5: 0.1524 | S5: 7198535.6 | T5: 458.88286 | U5: 555.05725 | V5: 0.03 | W5: 82263.174 | X5: 0.03149114 | Y5: 5.6351543 | Z5: 5.6351543 | AA5: -3.3351511e-08 | AB5: 1.2736534e-05 | AC5: 732.19176 | AD5: 2580.6236 | AE5: 555.05725 | AF5: 1.3438905e-06 | AG5: 1.2841877e-05 | AH5: 61.275429 | AI5: 0.313148 | AJ5: 34.792705 | AK5: 7.9784393 | AL5: 1.129368 | AM5: 608.62111 | AN5: 5.6559657e-08 | AO5: 1.0534315e-07 | AP5: 3.8174746 | AQ5: 3.7418808e-05 | AR5: 6.4736102e-06 | AS5: 17.539056 | AT5: 11.272151 | AU5: 3.5298515 | AV5: 0.28762316 | AW5: 0.0076573493 | AX5: 0.28762315 | AY5: 6.1641082e-09 | AZ5: 1080577.4 | BA5: 9.8019794e-06 | BB5: 7256638.2 | BC5: 58102.569 | BD5: 0.80714429 | BE5: 6688600 | BF5: 1.0849263 | BG5: 1 | BH5: -0.075 | BI5: 0.046 | BJ5: 5625 | BK5: 1.016622 | BL5: 149.73825 | BM5: 7.2566382 | BN5: 149.73825 | BO5: 1.016622 | BP5: 12042.483 | BQ5: 1 | BR5: 12.01_10 | BS5: 13.78952 | BT5: 1.0111544 | BU5: 1.0054073 | BV5: 1.016622 | BW5: 1.0159983 | BX5: 6795606.3 | BY5: 6688600 | BZ5: 80 | CA5: MATCHED | CB5: F2P候補係数のみ。PM_afterはマクロCelata再収束後に取得。 | CC5: 1.0054073 | CD5: [式] 1+[@[A_corr]]*EXP(-[@[(Tsub-40)^2]]/[@[σ_corr]]) | CE5: 1.0054073 | CF5: [式] [@Fcorr] | CG5: 1.0159983 | CH5: [式] [@[q_P]]/[@[q_M]] | CI5: 6795606.3 | CJ5: [式] +E5*AO5*AZ5/BA5 | CK5: 6688600 | CL5: 7256638.2 | CM5: 461031.95 | CN5: 1.0849263 | CO5: 0.068928019 | CP5: 0.067842652 | CQ5: 732.19176 | CR5: 6.0498419 | CS5: 1.2841877e-05 | CT5: 6.5778654e-09 | CU5: 1.0534315e-07 | CV5: 6.5778654e-09 | CW5: 3.8174746 | CX5: 0.0014801975 | CY5: VBA実行後・検証済 | CZ5: PM_ratioは1から遠ざかった(worsened)
A6: 13.01_10 | B6: 13789520 | C6: 608.62111 | D6: 85.147894 | E6: 624.86627 | F6: 2643264.4 | G6: 1562687 | H6: 2.2019594e-05 | I6: 7.2223253e-05 | J6: 0.49112125 | K6: 7679.7516 | L6: 0.0065036383 | M6: 5 | N6: 3118.8 | O6: 2.8502296e-06 | P6: 0.005984734 | Q6: 0.001905 | R6: 0.1524 | S6: 6177759.4 | T6: 491.66308 | U6: 574.19962 | V6: 0.03 | W6: 82263.174 | X6: 0.03149114 | Y6: 5.6351543 | Z6: 5.6351543 | AA6: -3.3351511e-08 | AB6: 1.2736534e-05 | AC6: 709.81164 | AD6: 2580.6236 | AE6: 574.19962 | AF6: 0 | AG6: 1.2826555e-05 | AH6: 61.275429 | AI6: 0.313148 | AJ6: 34.751191 | AK6: 6.5347079 | AL6: 1.129368 | AM6: 608.62111 | AN6: 3.6322831e-08 | AO6: 9.0020482e-08 | AP6: 3.8140244 | AQ6: 3.7486538e-05 | AR6: 6.4582876e-06 | AS6: 17.497543 | AT6: 11.260302 | AU6: 3.5261411 | AV6: 0.28788335 | AW6: 0.0076573493 | AX6: 0.28788334 | AY6: 6.0272438e-09 | AZ6: 1080577.4 | BA6: 9.8286045e-06 | BB6: 6184327 | BC6: 6567.6394 | BD6: 0.10631103 | BE6: 5679000 | BF6: 1.0889817 | BG6: 1 | BH6: -0.036 | BI6: 0.046 | BJ6: 5625 | BK6: 1.027384 | BL6: 116.95802 | BM6: 6.184327 | BN6: 116.95802 | BO6: 1.027384 | BP6: 5922.5376 | BQ6: 1 | BR6: 13.01_10 | BS6: 13.78952 | BT6: 1.0111544 | BU6: 1.0160506 | BV6: 1.027384 | BW6: 1.0202574 | BX6: 5794042 | BY6: 5679000 | BZ6: 80 | CA6: MATCHED | CB6: F2P候補係数のみ。PM_afterはマクロCelata再収束後に取得。 | CC6: 1.0160506 | CD6: [式] 1+[@[A_corr]]*EXP(-[@[(Tsub-40)^2]]/[@[σ_corr]]) | CE6: 1.0160506 | CF6: [式] [@Fcorr] | CG6: 1.0202574 | CH6: [式] [@[q_P]]/[@[q_M]] | CI6: 5794042 | CJ6: [式] +E6*AO6*AZ6/BA6 | CK6: 5679000 | CL6: 6184327 | CM6: 390285.03 | CN6: 1.0889817 | CO6: 0.068724252 | CP6: 0.067359716 | CQ6: 709.81164 | CR6: 5.7387123 | CS6: 1.2826555e-05 | CT6: 5.5972846e-09 | CU6: 9.0020482e-08 | CV6: 5.5972846e-09 | CW6: 3.8140244 | CX6: 0.0012622792 | CY6: VBA実行後・検証済 | CZ6: PM_ratioは1から遠ざかった(worsened)
A7: 14.01_10 | B7: 13789520 | C7: 608.62111 | D7: 85.147894 | E7: 624.86627 | F7: 2643264.4 | G7: 1562687 | H7: 2.2019594e-05 | I7: 7.2223253e-05 | J7: 0.49112125 | K7: 7679.7516 | L7: 0.0065036383 | M7: 6 | N7: 3118.8 | O7: 2.8502296e-06 | P7: 0.005984734 | Q7: 0.001905 | R7: 0.1524 | S7: 6162228 | T7: 492.22869 | U7: 574.55772 | V7: 0.03 | W7: 82263.174 | X7: 0.03149114 | Y7: 5.6351543 | Z7: 5.6351543 | AA7: -3.3351511e-08 | AB7: 1.2736534e-05 | AC7: 709.45608 | AD7: 2580.6236 | AE7: 574.55773 | AF7: 1.1248101e-06 | AG7: 1.2826383e-05 | AH7: 61.275429 | AI7: 0.313148 | AJ7: 34.750727 | AK7: 6.5117601 | AL7: 1.129368 | AM7: 608.62111 | AN7: 3.608875e-08 | AO7: 8.9849276e-08 | AP7: 3.8139858 | AQ7: 3.7487296e-05 | AR7: 6.4581164e-06 | AS7: 17.497079 | AT7: 11.26017 | AU7: 3.5260996 | AV7: 0.28788626 | AW7: 0.0076573493 | AX7: 0.28788625 | AY7: 6.0257065e-09 | AZ7: 1080577.4 | BA7: 9.8289029e-06 | BB7: 6172378 | BC7: 10149.923 | BD7: 0.1647119 | BE7: 5521250 | BF7: 1.1179313 | BG7: 1 | BH7: -0.048 | BI7: 0.046 | BJ7: 5625 | BK7: 1.0276362 | BL7: 116.39242 | BM7: 6.172378 | BN7: 116.39242 | BO7: 1.0276362 | BP7: 5835.8019 | BQ7: 1 | BR7: 14.01_10 | BS7: 13.78952 | BT7: 1.0111544 | BU7: 1.0163 | BV7: 1.0276362 | BW7: 1.0480058 | BX7: 5786302.2 | BY7: 5521250 | BZ7: 80 | CA7: MATCHED | CB7: F2P候補係数のみ。PM_afterはマクロCelata再収束後に取得。 | CC7: 1.0163 | CD7: [式] 1+[@[A_corr]]*EXP(-[@[(Tsub-40)^2]]/[@[σ_corr]]) | CE7: 1.0163 | CF7: [式] [@Fcorr] | CG7: 1.0480058 | CH7: [式] [@[q_P]]/[@[q_M]] | CI7: 5786302.2 | CJ7: [式] +E7*AO7*AZ7/BA7 | CK7: 5521250 | CL7: 6172378 | CM7: 386075.73 | CN7: 1.1179313 | CO7: 0.069925421 | CP7: 0.066722358 | CQ7: 709.45608 | CR7: 5.732774 | CS7: 1.2826383e-05 | CT7: 5.5371896e-09 | CU7: 8.9849276e-08 | CV7: 5.5371896e-09 | CW7: 3.8139858 | CX7: 0.0012487526 | CY7: VBA実行後・検証済 | CZ7: PM_ratioは1から遠ざかった(worsened)
A8: 15.01_10 | B8: 13789520 | C8: 608.62111 | D8: 85.147894 | E8: 624.86627 | F8: 2643264.4 | G8: 1562687 | H8: 2.2019594e-05 | I8: 7.2223253e-05 | J8: 0.49112125 | K8: 7679.7516 | L8: 0.0065036383 | M8: 7 | N8: 3132.36 | O8: 2.8502296e-06 | P8: 0.005984734 | Q8: 0.001905 | R8: 0.1524 | S8: 7220616.6 | T8: 458.88286 | U8: 554.93464 | V8: 0.03 | W8: 82620.84 | X8: 0.031429667 | Y8: 5.6406625 | Z8: 5.6406625 | AA8: -2.4900442e-08 | AB8: 1.2651196e-05 | AC8: 732.09921 | AD8: 2589.3127 | AE8: 554.93464 | AF8: 1.3429495e-06 | AG8: 1.2755892e-05 | AH8: 61.68876 | AI8: 0.31420239 | AJ8: 34.676109 | AK8: 7.9767856 | AL8: 1.129368 | AM8: 608.62111 | AN8: 5.1071538e-09 | AO8: 1.046962e-07 | AP8: 3.8245296 | AQ8: 3.7280886e-05 | AR8: 6.4302942e-06 | AS8: 17.48036 | AT8: 11.25539 | AU8: 3.5364703 | AV8: 0.28805925 | AW8: 0.007606043 | AX8: 0.28805925 | AY8: 6.5613117e-09 | AZ8: 1080577.4 | BA8: 9.7478358e-06 | BB8: 7252131.9 | BC8: 31515.306 | BD8: 0.43646281 | BE8: 6751700 | BF8: 1.0741194 | BG8: 1 | BH8: -0.071 | BI8: 0.046 | BJ8: 5625 | BK8: 1.016622 | BL8: 149.73825 | BM8: 7.2521319 | BN8: 149.73825 | BO8: 1.016622 | BP8: 12042.483 | BQ8: 1 | BR8: 15.01_10 | BS8: 13.78952 | BT8: 1.0111544 | BU8: 1.0054073 | BV8: 1.016622 | BW8: 1.0192628 | BX8: 6881757 | BY8: 6751700 | BZ8: 80 | CA8: MATCHED | CB8: F2P候補係数のみ。PM_afterはマクロCelata再収束後に取得。 | CC8: 1.0054073 | CD8: [式] 1+[@[A_corr]]*EXP(-[@[(Tsub-40)^2]]/[@[σ_corr]]) | CE8: 1.0054073 | CF8: [式] [@Fcorr] | CG8: 1.0192628 | CH8: [式] [@[q_P]]/[@[q_M]] | CI8: 6881757 | CJ8: [式] +E8*AO8*AZ8/BA8 | CK8: 6751700 | CL8: 7252131.9 | CM8: 370374.89 | CN8: 1.0741194 | CO8: 0.054856538 | CP8: 0.053819816 | CQ8: 732.09921 | CR8: 6.0420884 | CS8: 1.2755892e-05 | CT8: 5.2538396e-09 | CU8: 1.046962e-07 | CV8: 5.2538396e-09 | CW8: 3.8245296 | CX8: 0.0011941426 | CY8: VBA実行後・検証済 | CZ8: PM_ratioは1から遠ざかった(worsened)
A9: 16.01_10 | B9: 13789520 | C9: 608.62111 | D9: 85.147894 | E9: 624.86627 | F9: 2643264.4 | G9: 1562687 | H9: 2.2019594e-05 | I9: 7.2223253e-05 | J9: 0.49112125 | K9: 7679.7516 | L9: 0.0065036383 | M9: 8 | N9: 3145.92 | O9: 2.8502296e-06 | P9: 0.005984734 | Q9: 0.001905 | R9: 0.1524 | S9: 5281881.6 | T9: 527.87377 | U9: 597.8328 | V9: 0.03 | W9: 82978.506 | X9: 0.031368633 | Y9: 5.6461473 | Z9: 5.6461473 | AA9: -1.7290978e-08 | AB9: 1.2566773e-05 | AC9: 687.58533 | AD9: 2597.9956 | AE9: 597.8328 | AF9: 0 | AG9: 1.2643651e-05 | AH9: 62.103184 | AI9: 0.31525602 | AJ9: 34.486248 | AK9: 5.10568 | AL9: 1.129368 | AM9: 608.62111 | AN9: 5.8385012e-09 | AO9: 7.6878761e-08 | AP9: 3.8253119 | AQ9: 3.7265639e-05 | AR9: 6.360265e-06 | AS9: 17.347969 | AT9: 11.217377 | AU9: 3.5363458 | AV9: 0.28896611 | AW9: 0.0075552867 | AX9: 0.28896611 | AY9: 6.7113523e-09 | AZ9: 1080577.4 | BA9: 9.7418564e-06 | BB9: 5328532.6 | BC9: 46651.015 | BD9: 0.8832272 | BE9: 4164600 | BF9: 1.2794824 | BG9: 1 | BH9: -0.027 | BI9: 0.046 | BJ9: 5625 | BK9: 1.0457789 | BL9: 80.747335 | BM9: 5.3285326 | BN9: 80.747335 | BO9: 1.0457789 | BP9: 1660.3453 | BQ9: 1 | BR9: 16.01_10 | BS9: 13.78952 | BT9: 1.0111544 | BU9: 1.0342425 | BV9: 1.0457789 | BW9: 1.1716767 | BX9: 4879564.9 | BY9: 4164600 | BZ9: 80 | CA9: MATCHED | CB9: F2P候補係数のみ。PM_afterはマクロCelata再収束後に取得。 | CC9: 1.0342425 | CD9: [式] 1+[@[A_corr]]*EXP(-[@[(Tsub-40)^2]]/[@[σ_corr]]) | CE9: 1.0342425 | CF9: [式] [@Fcorr] | CG9: 1.1716767 | CH9: [式] [@[q_P]]/[@[q_M]] | CI9: 4879564.9 | CJ9: [式] +E9*AO9*AZ9/BA9 | CK9: 4164600 | CL9: 5328532.6 | CM9: 448967.71 | CN9: 1.2794824 | CO9: 0.10780572 | CP9: 0.092009784 | CQ9: 687.58533 | CR9: 5.2924937 | CS9: 1.2643651e-05 | CT9: 6.3961211e-09 | CU9: 7.6878761e-08 | CV9: 6.3961211e-09 | CW9: 3.8253119 | CX9: 0.001474534 | CY9: VBA実行後・検証済 | CZ9: PM_ratioは1から遠ざかった(worsened)
A10: 17.01_10 | B10: 13789520 | C10: 608.62111 | D10: 85.147894 | E10: 624.86627 | F10: 2643264.4 | G10: 1562687 | H10: 2.2019594e-05 | I10: 7.2223253e-05 | J10: 0.49112125 | K10: 7679.7516 | L10: 0.0065036383 | M10: 9 | N10: 3145.92 | O10: 2.8502296e-06 | P10: 0.005984734 | Q10: 0.001905 | R10: 0.1524 | S10: 5148662.6 | T10: 532.84871 | U10: 601.04324 | V10: 0.03 | W10: 82978.506 | X10: 0.031368633 | Y10: 5.6461473 | Z10: 5.6461473 | AA10: -1.7290978e-08 | AB10: 1.2566773e-05 | AC10: 684.40882 | AD10: 2597.9956 | AE10: 601.04324 | AF10: 0 | AG10: 1.2641218e-05 | AH10: 62.103184 | AI10: 0.31525602 | AJ10: 34.47961 | AK10: 4.900445 | AL10: 1.129368 | AM10: 608.62111 | AN10: 5.6268163e-09 | AO10: 7.4445199e-08 | AP10: 3.824751 | AQ10: 3.7276569e-05 | AR10: 6.3578315e-06 | AS10: 17.341332 | AT10: 11.215464 | AU10: 3.5357425 | AV10: 0.28900849 | AW10: 0.0075552867 | AX10: 0.28900848 | AY10: 6.6881133e-09 | AZ10: 1080577.4 | BA10: 9.7461426e-06 | BB10: 5157591.1 | BC10: 8928.467 | BD10: 0.17341333 | BE10: 3943750 | BF10: 1.3077885 | BG10: 1 | BH10: -0.026 | BI10: 0.046 | BJ10: 5625 | BK10: 1.0482032 | BL10: 75.772395 | BM10: 5.1575911 | BN10: 75.772395 | BO10: 1.0482032 | BP10: 1279.6642 | BQ10: 1 | BR10: 17.01_10 | BS10: 13.78952 | BT10: 1.0111544 | BU10: 1.0366402 | BV10: 1.0482032 | BW10: 1.2083001 | BX10: 4765233.4 | BY10: 3943750 | BZ10: 80 | CA10: MATCHED | CB10: F2P候補係数のみ。PM_afterはマクロCelata再収束後に取得。 | CC10: 1.0366402 | CD10: [式] 1+[@[A_corr]]*EXP(-[@[(Tsub-40)^2]]/[@[σ_corr]]) | CE10: 1.0366402 | CF10: [式] [@Fcorr] | CG10: 1.2083001 | CH10: [式] [@[q_P]]/[@[q_M]] | CI10: 4765233.4 | CJ10: [式] +E10*AO10*AZ10/BA10 | CK10: 3943750 | CL10: 5157591.1 | CM10: 392357.7 | CN10: 1.3077885 | CO10: 0.099488482 | CP10: 0.082337562 | CQ10: 684.40882 | CR10: 5.2060099 | CS10: 1.2641218e-05 | CT10: 5.5936922e-09 | CU10: 7.4445199e-08 | CV10: 5.5936922e-09 | CW10: 3.824751 | CX10: 0.0012899357 | CY10: VBA実行後・検証済 | CZ10: PM_ratioは1から遠ざかった(worsened)
A11: 18.01_10 | B11: 13789520 | C11: 608.62111 | D11: 85.147894 | E11: 624.86627 | F11: 2643264.4 | G11: 1562687 | H11: 2.2019594e-05 | I11: 7.2223253e-05 | J11: 0.49112125 | K11: 7679.7516 | L11: 0.0065036383 | M11: 10 | N11: 3634.08 | O11: 2.8502296e-06 | P11: 0.005984734 | Q11: 0.001905 | R11: 0.1524 | S11: 5446119 | T11: 541.31775 | U11: 603.76243 | V11: 0.03 | W11: 95854.481 | X11: 0.029426133 | Y11: 5.8295281 | Z11: 5.8295281 | AA11: -1.1375949e-08 | AB11: 1.0039048e-05 | AC11: 677.34106 | AD11: 2906.7256 | AE11: 603.76243 | AF11: 8.1354608e-07 | AG11: 1.0104321e-05 | AH11: 77.740099 | AI11: 0.35271912 | AJ11: 30.835159 | AK11: 4.5251599 | AL11: 1.129368 | AM11: 608.62111 | AN11: 2.6147973e-11 | AO11: 6.5273112e-08 | AP11: 4.0641953 | AQ11: 3.3013619e-05 | AR11: 5.0847972e-06 | AS11: 15.517176 | AT11: 10.659738 | AU11: 3.7598933 | AV11: 0.30430202 | AW11: 0.00603559 | AX11: 0.30430199 | AY11: 2.9789462e-08 | AZ11: 1080577.4 | BA11: 8.1230395e-06 | BB11: 5425736.9 | BC11: -20382.073 | BD11: -0.3742495 | BE11: 4417000 | BF11: 1.228376 | BG11: 1 | BH11: 0.001 | BI11: 0.046 | BJ11: 5625 | BK11: 1.0518942 | BL11: 67.303354 | BM11: 5.4257369 | BN11: 67.303354 | BO11: 1.0518942 | BP11: 745.47312 | BQ11: 1 | BR11: 18.01_10 | BS11: 13.78952 | BT11: 1.0111544 | BU11: 1.0402904 | BV11: 1.0518942 | BW11: 1.1382668 | BX11: 5027724.6 | BY11: 4417000 | BZ11: 80 | CA11: MATCHED | CB11: F2P候補係数のみ。PM_afterはマクロCelata再収束後に取得。 | CC11: 1.0402904 | CD11: [式] 1+[@[A_corr]]*EXP(-[@[(Tsub-40)^2]]/[@[σ_corr]]) | CE11: 1.0402904 | CF11: [式] [@Fcorr] | CG11: 1.1382668 | CH11: [式] [@[q_P]]/[@[q_M]] | CI11: 5027724.6 | CJ11: [式] +E11*AO11*AZ11/BA11 | CK11: 4417000 | CL11: 5425736.9 | CM11: 398012.28 | CN11: 1.228376 | CO11: 0.090109188 | CP11: 0.079163502 | CQ11: 677.34106 | CR11: 4.9796178 | CS11: 1.0104321e-05 | CT11: 4.7201159e-09 | CU11: 6.5273112e-08 | CV11: 4.7201159e-09 | CW11: 4.0641953 | CX11: 0.00152374 | CY11: VBA実行後・検証済 | CZ11: PM_ratioは1から遠ざかった(worsened)
A12: 19.01_10 | B12: 13789520 | C12: 608.62111 | D12: 85.147894 | E12: 624.86627 | F12: 2643264.4 | G12: 1562687 | H12: 2.2019594e-05 | I12: 7.2223253e-05 | J12: 0.49112125 | K12: 7679.7516 | L12: 0.0065036383 | M12: 11 | N12: 3851.04 | O12: 2.8502296e-06 | P12: 0.005984734 | Q12: 0.001905 | R12: 0.1524 | S12: 5905589 | T12: 534.00031 | U12: 597.89842 | V12: 0.03 | W12: 101577.14 | X12: 0.028694843 | Y12: 5.9033437 | Z12: 5.9033438 | AA12: -2.692234e-08 | AB12: 9.1675816e-06 | AC12: 681.05865 | AD12: 3041.7457 | AE12: 597.89842 | AF12: 8.5009526e-07 | AG12: 9.2338951e-06 | AH12: 85.130041 | AI12: 0.36910326 | AJ12: 29.487833 | AK12: 4.8196074 | AL12: 1.129368 | AM12: 608.62111 | AN12: 3.6060328e-09 | AO12: 6.6313537e-08 | AP12: 4.1642025 | AQ12: 3.1446954e-05 | AR12: 4.6501043e-06 | AS12: 14.8498 | AT12: 10.439932 | AU12: 3.853413 | AV12: 0.31078955 | AW12: 0.0055116544 | AX12: 0.31078955 | AY12: 4.379592e-09 | AZ12: 1080577.4 | BA12: 7.551735e-06 | BB12: 5929231.7 | BC12: 23642.691 | BD12: 0.40034434 | BE12: 4858700 | BF12: 1.2203329 | BG12: 1 | BH12: -0.018 | BI12: 0.046 | BJ12: 5625 | BK12: 1.048741 | BL12: 74.620793 | BM12: 5.9292317 | BN12: 74.620793 | BO12: 1.048741 | BP12: 1198.5993 | BQ12: 1 | BR12: 19.01_10 | BS12: 13.78952 | BT12: 1.0111544 | BU12: 1.037172 | BV12: 1.048741 | BW12: 1.1224 | BX12: 5453404.7 | BY12: 4858700 | BZ12: 80 | CA12: MATCHED | CB12: F2P候補係数のみ。PM_afterはマクロCelata再収束後に取得。 | CC12: 1.037172 | CD12: [式] 1+[@[A_corr]]*EXP(-[@[(Tsub-40)^2]]/[@[σ_corr]]) | CE12: 1.037172 | CF12: [式] [@Fcorr] | CG12: 1.1224 | CH12: [式] [@[q_P]]/[@[q_M]] | CI12: 5453404.7 | CJ12: [式] +E12*AO12*AZ12/BA12 | CK12: 4858700 | CL12: 5929231.7 | CM12: 475826.99 | CN12: 1.2203329 | CO12: 0.097932983 | CP12: 0.087253196 | CQ12: 681.05865 | CR12: 5.0668025 | CS12: 9.2338951e-06 | CT12: 5.2366277e-09 | CU12: 6.6313537e-08 | CV12: 5.2366277e-09 | CW12: 4.1642025 | CX12: 0.0019349827 | CY12: VBA実行後・検証済 | CZ12: PM_ratioは1から遠ざかった(worsened)
A13: 20.01_10 | B13: 13789520 | C13: 608.62111 | D13: 85.147894 | E13: 624.86627 | F13: 2643264.4 | G13: 1562687 | H13: 2.2019594e-05 | I13: 7.2223253e-05 | J13: 0.49112125 | K13: 7679.7516 | L13: 0.0065036383 | M13: 12 | N13: 3905.28 | O13: 2.8502296e-06 | P13: 0.005984734 | Q13: 0.001905 | R13: 0.1524 | S13: 5992891.2 | T13: 532.84871 | U13: 596.79083 | V13: 0.03 | W13: 103007.8 | X13: 0.02852248 | Y13: 5.921154 | Z13: 5.921154 | AA13: -8.2254532e-09 | AB13: 8.9685669e-06 | AC13: 681.37272 | AD13: 3075.3091 | AE13: 596.79083 | AF13: 8.5295142e-07 | AG13: 9.0346181e-06 | AH13: 87.019097 | AI13: 0.37317603 | AJ13: 29.169809 | AK13: 4.858379 | AL13: 1.129368 | AM13: 608.62111 | AN13: 3.2966909e-09 | AO13: 6.6051121e-08 | AP13: 4.1883469 | AQ13: 3.1085437e-05 | AR13: 4.5503346e-06 | AS13: 14.691533 | AT13: 10.386357 | AU13: 3.8759394 | AV13: 0.31240751 | AW13: 0.0053920045 | AX13: 0.31240751 | AY13: 4.8429414e-09 | AZ13: 1080577.4 | BA13: 7.4218869e-06 | BB13: 6009091.7 | BC13: 16200.55 | BD13: 0.27032945 | BE13: 4890250 | BF13: 1.2287903 | BG13: 1 | BH13: -0.026 | BI13: 0.046 | BJ13: 5625 | BK13: 1.0482032 | BL13: 75.772395 | BM13: 6.0090917 | BN13: 75.772395 | BO13: 1.0482032 | BP13: 1279.6642 | BQ13: 1 | BR13: 20.01_10 | BS13: 13.78952 | BT13: 1.0111544 | BU13: 1.0366402 | BV13: 1.0482032 | BW13: 1.1342779 | BX13: 5546902.3 | BY13: 4890250 | BZ13: 80 | CA13: MATCHED | CB13: F2P候補係数のみ。PM_afterはマクロCelata再収束後に取得。 | CC13: 1.0366402 | CD13: [式] 1+[@[A_corr]]*EXP(-[@[(Tsub-40)^2]]/[@[σ_corr]]) | CE13: 1.0366402 | CF13: [式] [@Fcorr] | CG13: 1.1342779 | CH13: [式] [@[q_P]]/[@[q_M]] | CI13: 5546902.3 | CJ13: [式] +E13*AO13*AZ13/BA13 | CK13: 4890250 | CL13: 6009091.7 | CM13: 462189.37 | CN13: 1.2287903 | CO13: 0.094512422 | CP13: 0.08332387 | CQ13: 681.37272 | CR13: 5.0594586 | CS13: 9.0346181e-06 | CT13: 4.9969313e-09 | CU13: 6.6051121e-08 | CV13: 4.9969313e-09 | CW13: 4.1883469 | CX13: 0.0019077697 | CY13: VBA実行後・検証済 | CZ13: PM_ratioは1から遠ざかった(worsened)
... A87: 498.01_10 | B87: 13789520 | C87: 608.62111 | D87: 85.147894 | E87: 624.86627 | F87: 2643264.4 | G87: 1562687 | H87: 2.2019594e-05 | I87: 7.2223253e-05 | J87: 0.49112125 | K87: 7679.7516 | L87: 0.0065036383 | M87: 86 | N87: 3051 | O87: 4.7446062e-05 | P87: 0.024417715 | Q87: 0.0077724 | R87: 0.59055 | S87: 3110981.7 | T87: 572.54323 | U87: 612.89565 | V87: 0.03 | W87: 328337.36 | X87: 0.023180309 | Y87: 6.5681096 | Z87: 6.5681096 | AA87: -1.1745966e-08 | AB87: 1.8080526e-05 | AC87: 657.58024 | AD87: 8837.0014 | AE87: 612.89565 | AF87: 0 | AG87: 1.8142303e-05 | AH87: 43.164484 | AI87: 0.26282685 | AJ87: 41.254581 | AK87: 3.0764896 | AL87: 1.129368 | AM87: 608.62111 | AN87: 6.1083938e-10 | AO87: 6.1776224e-08 | AP87: 3.4475316 | AQ87: 4.5880247e-05 | AR87: 9.1020394e-06 | AS87: 20.697528 | AT87: 12.100071 | AU87: 3.1802237 | AV87: 0.26730794 | AW87: 0.010870218 | AX87: 0.26730793 | AY87: 1.0600349e-08 | AZ87: 1080577.4 | BA87: 1.3308144e-05 | BB87: 3134345.3 | BC87: 23363.589 | BD87: 0.75100373 | BE87: 2618650 | BF87: 1.1969318 | BG87: 1 | BH87: 0.033 | BI87: 0.046 | BJ87: 5625 | BK87: 1.0575404 | BL87: 36.07788 | BM87: 3.1343453 | BN87: 36.07788 | BO87: 1.0575404 | BP87: 15.383025 | BQ87: 1 | BR87: 498.01_10 | BS87: 13.78952 | BT87: 1.0111544 | BU87: 1.0458744 | BV87: 1.0575404 | BW87: 1.0438442 | BX87: 2733462.6 | BY87: 2618650 | BZ87: 75.980392 | CA87: MATCHED | CB87: F2P候補係数のみ。PM_afterはマクロCelata再収束後に取得。 | CC87: 1.0458744 | CD87: [式] 1+[@[A_corr]]*EXP(-[@[(Tsub-40)^2]]/[@[σ_corr]]) | CE87: 1.0458744 | CF87: [式] [@Fcorr] | CG87: 1.0438442 | CH87: [式] [@[q_P]]/[@[q_M]] | CI87: 2733462.6 | CJ87: [式] +E87*AO87*AZ87/BA87 | CK87: 2618650 | CL87: 3134345.3 | CM87: 400882.74 | CN87: 1.1969318 | CO87: 0.15308756 | CP87: 0.14665748 | CQ87: 657.58024 | CR87: 4.8110025 | CS87: 1.8142303e-05 | CT87: 7.8518063e-09 | CU87: 6.1776224e-08 | CV87: 7.8518063e-09 | CW87: 3.4475316 | CX87: 0.0010524868 | CY87: VBA実行後・検証済 | CZ87: PM_ratioは1から遠ざかった(worsened)

Sheet tm_F1F2_108
A1: No_TableNo | B1: P | C1: Ts | D1: rhoG | E1: rhoL | F1: HG | G1: HL | H1: muG | I1: muL | J1: KL | K1: CPL | L1: sigma | M1: No | N1: G | O1: A | P1: Pw | Q1: DH | R1: L | S1: q_in | T1: Tin | U1: Tf | V1: f(beta) | W1: Re | X1: f | Y1: f_left | Z1: f_rihgt | AA1: f_balance | AB1: DB | AC1: Tw | AD1: y_plus | AE1: Tm | AF1: Tw_balance | AG1: y_star | AH1: tauw | AI1: Utau | AJ1: y_plus2 | AK1: Q | AL1: Pr | AM1: T(y_plus) | AN1: y_star_balance | AO1: delta | AP1: UB | AQ1: LB | AR1: YB | AS1: YB_plus | AT1: Karman_UB | AU1: UBL | AV1: UB_left | AW1: CD | AX1: UB_right | AY1: UB_balance | AZ1: HG-HL | BA1: LB/UB | BB1: q_P | BC1: dq_chf | BD1: dq_ratio | BE1: q_M | BF1: PM_ratio | BG1: F_form | BH1: x_Mes | BI1: A_corr | BJ1: σ_corr | BK1: Fcorr | BL1: Tsub | BM1: q_P_MW | BN1: Tsub2 | BO1: Fcorr2 | BP1: (Tsub-40)^2 | BQ1: F2 | BR1: F2P_import_key | BS1: F2P_match_status | BT1: P_MPa_import | BU1: P_MPa_tm | BV1: P_MPa_diff | BW1: P_ref_MPa | BX1: a_P | BY1: P_centered_MPa | BZ1: F2_P | CA1: F_corr_original | CB1: F_corr_with_F2P | CC1: F2P_note | CD1: F_corr_before_F2P_value | CE1: F_corr_before_F2P_formula | CF1: PM_ratio_before_F2P_value | CG1: PM_ratio_before_F2P_formula | CH1: F2P_connection_status | CI1: F2P_connection_note | CJ1: q_P_before_F2P_value | CK1: q_P_before_F2P_formula | CL1: q_M_before_F2P_value | CM1: q_M_before_F2P_formula | CN1: q_dependency_note | CO1: y_star_before_F2P_value | CP1: Tw_before_F2P_value | CQ1: UB_before_F2P_value | CR1: delta_before_F2P_value | CS1: q_P_before_macro_value | CT1: PM_ratio_before_macro_value | CU1: F_corr_applied_value | CV1: F2P_apply_status | CW1: F2P_apply_note | CX1: y_star_after_F2P | CY1: delta_y_star | CZ1: Tw_after_F2P | DA1: delta_Tw | DB1: UB_after_F2P | DC1: delta_UB | DD1: delta_after_F2P | DE1: delta_delta | DF1: q_P_after_F2P | DG1: delta_q_P | DH1: PM_ratio_after_F2P | DI1: delta_PM_ratio | DJ1: PM_ratio_change_pct | DK1: F2P_result_status | DL1: F2P_result_note
A2: 3_108 | B2: 14927149 | C2: 614.91567 | D2: 95.991296 | E2: 604.83147 | F2: 2612762.6 | G2: 1607339.5 | H2: 2.2671477e-05 | I2: 6.9572023e-05 | J2: 0.47825678 | K2: 8454.9053 | L2: 0.0052373024 | M2: 229 | N2: 3507.972 | O2: 0.00010848891 | P2: 0.033674103 | Q2: 0.012886925 | R2: 1.778 | S2: 3062358.3 | T2: 579.81667 | U2: 617.10123 | V2: 0.03 | W2: 1697921.2 | X2: 0.015808189 | Y2: 7.9535119 | Z2: 7.9535119 | AA2: -1.3886858e-08 | AB2: 1.5632157e-05 | AC2: 647.40329 | AD2: 37738.411 | AE2: 617.10123 | AF2: 4.9732978e-07 | AG2: 1.5694841e-05 | AH2: 40.204068 | AI2: 0.25782071 | AJ2: 35.178271 | AK2: 1.9829973 | AL2: 1.2299352 | AM2: 614.91567 | AN2: 5.6478484e-09 | AO2: 6.2684601e-08 | AP2: 3.168316 | AQ2: 3.9570588e-05 | AR2: 7.878763e-06 | AS2: 17.659386 | AT2: 11.306337 | AU2: 2.9150079 | AV2: 0.25330809 | AW2: 0.010168984 | AX2: 0.25330807 | AY2: 2.1351015e-08 | AZ2: 1005423.1 | BA2: 1.248947e-05 | BB2: 3052109.5 | BC2: -10248.778 | BD2: -0.33466948 | BE2: 2915712.6 | BF2: 1.04678 | BG2: 0.65432795 | BH2: 0.041827592 | BI2: 0.046 | BJ2: 5625 | BK2: 1.0491464 | BL2: 35.098999 | BM2: 3.0521095 | BN2: 35.098999 | BO2: 1.0491464 | BP2: 24.019806 | BQ2: 1.0093755 | BR2: 3_108 | BS2: OK | BT2: 14.927149 | BU2: 14.927149 | BV2: 0 | BW2: 15.383 | BX2: -0.007 | BY2: -0.45585109 | BZ2: 1.0031961 | CA2: 1.045804 | CB2: 1.0491464 | CC2: 候補列のみ・未接続 | CD2: 1.045804 | CE2: F_corr式: 1+A_corr*EXP(-(Tsub-40)^2/sigma_corr) | CF2: 1.0106273 | CG2: PM式: q_P/q_M | CH2: 未接続 | CI2: H-23時点ではBK未上書き・マクロ未実行。q_P=計算値/q_M=実験値。F_corr変更後の主確認対象はq_PとPM_ratio。q_Mは実験値で基本不変。 | CJ2: 2946698.8 | CK2: q_P式: E*delta*(HG-HL)/(LB/UB) | CL2: 2915712.6 | CM2: 値 | CN2: q_P=計算値、q_M=実験値。F_corr変更で変わるべきはq_P | CO2: 1.5692695e-05 | CP2: 646.44549 | CQ2: 3.1679908 | CR2: 6.0538304e-08 | CS2: 2946698.8 | CT2: 1.0106273 | CU2: 1.0491464 | CV2: BK差し替え済・マクロ未実行 | CW2: BK(F_corr)をCB(F_corr_with_F2P)で値置換。マクロ AdjustSValue_BinarySearch_15_Fast_SaveEachRow_LogSheet_Final は未実行。 | CX2: 1.5694841e-05 | CY2: 2.1462969e-09 | CZ2: 647.40329 | DA2: 0.95779392 | DB2: 3.168316 | DC2: 0.00032521595 | DD2: 6.2684601e-08 | DE2: 2.1462969e-09 | DF2: 3052109.5 | DG2: 105410.66 | DH2: 1.04678 | DI2: 0.036152623 | DJ2: 0.035772458 | DK2: F2P反映済 | DL2: マクロ実行後の現在値とH-24実行前値の差分
A3: 4_108 | B3: 14582411 | C3: 613.05027 | D3: 92.580958 | E3: 610.99185 | F3: 2622345.6 | G3: 1593812.5 | H3: 2.2466336e-05 | I3: 7.0373615e-05 | J3: 0.48213978 | K3: 8194.8014 | L3: 0.0056080352 | M3: 230 | N3: 3444.24 | O3: 0.00010848891 | P3: 0.033674103 | Q3: 0.012886925 | R3: 1.778 | S3: 3323025.9 | T3: 570.37222 | U3: 612.88699 | V3: 0.03 | W3: 1648084.9 | X3: 0.016115584 | Y3: 7.8772926 | Z3: 7.8772926 | AA3: -7.4168653e-09 | AB3: 1.7206182e-05 | AC3: 650.56821 | AD3: 36985.17 | AE3: 612.88699 | AF3: 5.3188626e-07 | AG3: 1.7276517e-05 | AH3: 39.111769 | AI3: 0.25300903 | AJ3: 37.950523 | AK3: 2.3039754 | AL3: 1.1961216 | AM3: 613.05027 | AN3: 1.6775289e-08 | AO3: 7.0334717e-08 | AP3: 3.2111077 | AQ3: 4.2504294e-05 | AR3: 8.6734258e-06 | AS3: 19.052512 | AT3: 11.685995 | AU3: 2.9566622 | AV3: 0.25444551 | AW3: 0.010917872 | AX3: 0.25444551 | AY3: 1.6775863e-09 | AZ3: 1028533.1 | BA3: 1.3236645e-05 | BB3: 3339223.5 | BC3: 16197.641 | BD3: 0.4874365 | BE3: 3184415.5 | BF3: 1.0486143 | BG3: 0.65432795 | BH3: 0.030903006 | BI3: 0.046 | BJ3: 5625 | BK3: 1.0518194 | BL3: 42.678048 | BM3: 3.3392235 | BN3: 42.678048 | BO3: 1.0518194 | BP3: 7.1719393 | BQ3: 1.0111623 | BR3: 4_108 | BS3: OK | BT3: 14.582411 | BU3: 14.582411 | BV3: 0 | BW3: 15.383 | BX3: -0.007 | BY3: -0.80058894 | BZ3: 1.0056199 | CA3: 1.0459414 | CB3: 1.0518194 | CC3: 候補列のみ・未接続 | CD3: 1.0459414 | CE3: F_corr式: 1+A_corr*EXP(-(Tsub-40)^2/sigma_corr) | CF3: 0.99413053 | CG3: PM式: q_P/q_M | CH3: 未接続 | CI3: H-23時点ではBK未上書き・マクロ未実行。q_P=計算値/q_M=実験値。F_corr変更後の主確認対象はq_PとPM_ratio。q_Mは実験値で基本不変。 | CJ3: 3165724.7 | CK3: q_P式: E*delta*(HG-HL)/(LB/UB) | CL3: 3184415.5 | CM3: 値 | CN3: q_P=計算値、q_M=実験値。F_corr変更で変わるべきはq_P | CO3: 1.7272893e-05 | CP3: 648.82302 | CQ3: 3.2106179 | CR3: 6.6710802e-08 | CS3: 3165724.7 | CT3: 0.99413053 | CU3: 1.0518194 | CV3: BK差し替え済・マクロ未実行 | CW3: BK(F_corr)をCB(F_corr_with_F2P)で値置換。マクロ AdjustSValue_BinarySearch_15_Fast_SaveEachRow_LogSheet_Final は未実行。 | CX3: 1.7276517e-05 | CY3: 3.6239147e-09 | CZ3: 650.56821 | DA3: 1.7451958 | DB3: 3.2111077 | DC3: 0.00048984819 | DD3: 7.0334717e-08 | DE3: 3.6239147e-09 | DF3: 3339223.5 | DG3: 173498.83 | DH3: 1.0486143 | DI3: 0.05448373 | DJ3: 0.054805408 | DK3: F2P反映済 | DL3: マクロ実行後の現在値とH-24実行前値の差分
A4: 5_108 | B4: 16650838 | C4: 623.74675 | D4: 115.08175 | E4: 572.29121 | F4: 2559557.8 | G4: 1675797.4 | H4: 2.3829583e-05 | I4: 6.550994e-05 | J4: 0.45915472 | K4: 10285.253 | L4: 0.0035437209 | M4: 231 | N4: 3437.46 | O4: 0.00010848891 | P4: 0.033674103 | Q4: 0.012886925 | R4: 1.778 | S4: 3282787.1 | T4: 575.92778 | U4: 609.45735 | V4: 0.03 | W4: 1766959.1 | X4: 0.014827407 | Y4: 8.2123491 | Z4: 8.2123491 | AA4: -3.4636383e-09 | AB4: 1.1112386e-05 | AC4: 663.90116 | AD4: 38035.059 | AE4: 609.45735 | AF4: 6.6218513e-07 | AG4: 1.118565e-05 | AH4: 38.267795 | AI4: 0.25858789 | AJ4: 25.268489 | AK4: 2.3578709 | AL4: 1.4674494 | AM4: 623.74675 | AN4: 1.9114168e-09 | AO4: 7.3263758e-08 | AP4: 2.7403561 | AQ4: 3.0945272e-05 | AR4: 5.6294567e-06 | AS4: 12.716996 | AT4: 9.6646968 | AU4: 2.4991736 | AV4: 0.2411825 | AW4: 0.0083302291 | AX4: 0.24118249 | AY4: 3.0360409e-09 | AZ4: 883760.41 | BA4: 1.1292427e-05 | BB4: 3281357.2 | BC4: -1429.879 | BD4: -0.043556861 | BE4: 3144395.9 | BF4: 1.0435572 | BG4: 0.65432795 | BH4: -0.065763841 | BI4: 0.046 | BJ4: 5625 | BK4: 1.0362651 | BL4: 47.81897 | BM4: 3.2813572 | BN4: 47.81897 | BO4: 1.0362651 | BP4: 61.136284 | BQ4: 1.0083258 | BR4: 5_108 | BS4: OK | BT4: 16.650838 | BU4: 16.650838 | BV4: 0 | BW4: 15.383 | BX4: -0.007 | BY4: 1.2678382 | BZ4: 0.9911644 | CA4: 1.0455027 | CB4: 1.0362651 | CC4: 候補列のみ・未接続 | CD4: 1.0455027 | CE4: F_corr式: 1+A_corr*EXP(-(Tsub-40)^2/sigma_corr) | CF4: 1.1420332 | CG4: PM式: q_P/q_M | CH4: 未接続 | CI4: H-23時点ではBK未上書き・マクロ未実行。q_P=計算値/q_M=実験値。F_corr変更後の主確認対象はq_PとPM_ratio。q_Mは実験値で基本不変。 | CJ4: 3591004.6 | CK4: q_P式: E*delta*(HG-HL)/(LB/UB) | CL4: 3144395.9 | CM4: 値 | CN4: q_P=計算値、q_M=実験値。F_corr変更で変わるべきはq_P | CO4: 1.1192438e-05 | CP4: 667.1555 | CQ4: 2.7417882 | CR4: 8.0051769e-08 | CS4: 3591004.6 | CT4: 1.1420332 | CU4: 1.0362651 | CV4: BK差し替え済・マクロ未実行 | CW4: BK(F_corr)をCB(F_corr_with_F2P)で値置換。マクロ AdjustSValue_BinarySearch_15_Fast_SaveEachRow_LogSheet_Final は未実行。 | CX4: 1.118565e-05 | CY4: -6.7880107e-09 | CZ4: 663.90116 | DA4: -3.2543414 | DB4: 2.7403561 | DC4: -0.0014321139 | DD4: 7.3263758e-08 | DE4: -6.7880107e-09 | DF4: 3281357.2 | DG4: -309647.38 | DH4: 1.0435572 | DI4: -0.098475952 | DJ4: -0.086228625 | DK4: F2P反映済 | DL4: マクロ実行後の現在値とH-24実行前値の差分
A5: 6_108 | B5: 16650838 | C5: 623.74675 | D5: 115.08175 | E5: 572.29121 | F5: 2559557.8 | G5: 1675797.4 | H5: 2.3829583e-05 | I5: 6.550994e-05 | J5: 0.45915472 | K5: 10285.253 | L5: 0.0035437209 | M5: 232 | N5: 2798.784 | O5: 0.00010848891 | P5: 0.033674103 | Q5: 0.012886925 | R5: 1.778 | S5: 3118226.5 | T5: 565.92778 | U5: 605.04439 | V5: 0.03 | W5: 1438660.2 | X5: 0.015879997 | Y5: 7.9355091 | Z5: 7.9355091 | AA5: -1.9045393e-08 | AB5: 1.5651596e-05 | AC5: 673.91626 | AD5: 32048.554 | AE5: 605.04439 | AF5: 0 | AG5: 1.5741797e-05 | AH5: 27.169529 | AI5: 0.2178876 | AJ5: 29.963786 | AK5: 2.797369 | AL5: 1.4674494 | AM5: 623.74675 | AN5: 4.0493774e-08 | AO5: 9.0200524e-08 | AP5: 2.5122759 | AQ5: 3.6819139e-05 | AR5: 7.9159986e-06 | AS5: 15.06774 | AT5: 10.51278 | AU5: 2.2906044 | AV5: 0.22167146 | AW5: 0.011732978 | AX5: 0.22167146 | AY5: 2.8403342e-09 | AZ5: 883760.41 | BA5: 1.4655691e-05 | BB5: 3112822.7 | BC5: -5403.7774 | BD5: -0.1732965 | BE5: 2955732.2 | BF5: 1.0531477 | BG5: 0.65432795 | BH5: -0.092078771 | BI5: 0.046 | BJ5: 5625 | BK5: 1.0342556 | BL5: 57.81897 | BM5: 3.1128227 | BN5: 57.81897 | BO5: 1.0342556 | BP5: 317.51567 | BQ5: 1.0087754 | BR5: 6_108 | BS5: OK | BT5: 16.650838 | BU5: 16.650838 | BV5: 0 | BW5: 15.383 | BX5: -0.007 | BY5: 1.2678382 | BZ5: 0.9911644 | CA5: 1.0434754 | CB5: 1.0342556 | CC5: 候補列のみ・未接続 | CD5: 1.0434754 | CE5: F_corr式: 1+A_corr*EXP(-(Tsub-40)^2/sigma_corr) | CF5: 1.1458212 | CG5: PM式: q_P/q_M | CH5: 未接続 | CI5: H-23時点ではBK未上書き・マクロ未実行。q_P=計算値/q_M=実験値。F_corr変更後の主確認対象はq_PとPM_ratio。q_Mは実験値で基本不変。 | CJ5: 3386740.5 | CK5: q_P式: E*delta*(HG-HL)/(LB/UB) | CL5: 2955732.2 | CM5: 値 | CN5: q_P=計算値、q_M=実験値。F_corr変更で変わるべきはq_P | CO5: 1.5749618e-05 | CP5: 677.60033 | CQ5: 2.5132646 | CR5: 9.8022088e-08 | CS5: 3386740.5 | CT5: 1.1458212 | CU5: 1.0342556 | CV5: BK差し替え済・マクロ未実行 | CW5: BK(F_corr)をCB(F_corr_with_F2P)で値置換。マクロ AdjustSValue_BinarySearch_15_Fast_SaveEachRow_LogSheet_Final は未実行。 | CX5: 1.5741797e-05 | CY5: -7.8215636e-09 | CZ5: 673.91626 | DA5: -3.6840692 | DB5: 2.5122759 | DC5: -0.00098870521 | DD5: 9.0200524e-08 | DE5: -7.8215636e-09 | DF5: 3112822.7 | DG5: -273917.79 | DH5: 1.0531477 | DI5: -0.092673414 | DJ5: -0.080879475 | DK5: F2P反映済 | DL5: マクロ実行後の現在値とH-24実行前値の差分
A6: 16_108 | B6: 14582411 | C6: 613.05027 | D6: 92.580958 | E6: 610.99185 | F6: 2622345.6 | G6: 1593812.5 | H6: 2.2466336e-05 | I6: 7.0373615e-05 | J6: 0.48213978 | K6: 8194.8014 | L6: 0.0056080352 | M6: 242 | N6: 2740.476 | O6: 0.00010848891 | P6: 0.033674103 | Q6: 0.012886925 | R6: 1.778 | S6: 3606434.8 | T6: 534.53889 | U6: 592.52868 | V6: 0.03 | W6: 1311330.6 | X6: 0.017469075 | Y6: 7.5659775 | Z6: 7.5659775 | AA6: -1.0260209e-08 | AB6: 2.5072374e-05 | AC6: 671.69549 | AD6: 30638.828 | AE6: 592.52868 | AF6: 0 | AG6: 2.5177177e-05 | AH6: 26.840866 | AI6: 0.20959482 | AJ6: 45.815576 | AK6: 3.5001925 | AL6: 1.1961216 | AM6: 613.05027 | AN6: 8.8419824e-08 | AO6: 1.0480352e-07 | AP6: 2.8816774 | AQ6: 5.2777868e-05 | AR6: 1.264099e-05 | AS6: 23.003145 | AT6: 12.628155 | AU6: 2.6467958 | AV6: 0.23488152 | AW6: 0.015909221 | AX6: 0.23488152 | AY6: 6.6279199e-10 | AZ6: 1028533.1 | BA6: 1.8314982e-05 | BB6: 3596027.8 | BC6: -10406.966 | BD6: -0.2885666 | BE6: 3264454.7 | BF6: 1.1015708 | BG6: 0.65432795 | BH6: -0.094205149 | BI6: 0.046 | BJ6: 5625 | BK6: 1.041157 | BL6: 78.511381 | BM6: 3.5960278 | BN6: 78.511381 | BO6: 1.041157 | BP6: 1483.1265 | BQ6: 1.0122802 | BR6: 16_108 | BS6: OK | BT6: 14.582411 | BU6: 14.582411 | BV6: 0 | BW6: 15.383 | BX6: -0.007 | BY6: -0.80058894 | BZ6: 1.0056199 | CA6: 1.0353386 | CB6: 1.041157 | CC6: 候補列のみ・未接続 | CD6: 1.0353386 | CE6: F_corr式: 1+A_corr*EXP(-(Tsub-40)^2/sigma_corr) | CF6: 1.0696424 | CG6: PM式: q_P/q_M | CH6: 未接続 | CI6: H-23時点ではBK未上書き・マクロ未実行。q_P=計算値/q_M=実験値。F_corr変更後の主確認対象はq_PとPM_ratio。q_Mは実験値で基本不変。 | CJ6: 3491799.2 | CK6: q_P式: E*delta*(HG-HL)/(LB/UB) | CL6: 3264454.7 | CM6: 値 | CN6: q_P=計算値、q_M=実験値。F_corr変更で変わるべきはq_P | CO6: 2.5174164e-05 | CP6: 669.62213 | CQ6: 2.8814464 | CR6: 1.0179033e-07 | CS6: 3491799.2 | CT6: 1.0696424 | CU6: 1.041157 | CV6: BK差し替え済・マクロ未実行 | CW6: BK(F_corr)をCB(F_corr_with_F2P)で値置換。マクロ AdjustSValue_BinarySearch_15_Fast_SaveEachRow_LogSheet_Final は未実行。 | CX6: 2.5177177e-05 | CY6: 3.0131864e-09 | CZ6: 671.69549 | DA6: 2.0733548 | DB6: 2.8816774 | DC6: 0.00023100141 | DD6: 1.0480352e-07 | DE6: 3.0131864e-09 | DF6: 3596027.8 | DG6: 104228.59 | DH6: 1.1015708 | DI6: 0.031928332 | DJ6: 0.029849537 | DK6: F2P反映済 | DL6: マクロ実行後の現在値とH-24実行前値の差分
A7: 17_108 | B7: 14582411 | C7: 613.05027 | D7: 92.580958 | E7: 610.99185 | F7: 2622345.6 | G7: 1593812.5 | H7: 2.2466336e-05 | I7: 7.0373615e-05 | J7: 0.48213978 | K7: 8194.8014 | L7: 0.0056080352 | M7: 243 | N7: 2759.46 | O7: 0.00010848891 | P7: 0.033674103 | Q7: 0.012886925 | R7: 1.778 | S7: 3465355.1 | T7: 542.87222 | U7: 598.21018 | V7: 0.03 | W7: 1320414.5 | X7: 0.017425744 | Y7: 7.5753784 | Z7: 7.5753784 | AA7: -9.3748644e-09 | AB7: 2.4790074e-05 | AC7: 667.50012 | AD7: 30812.786 | AE7: 598.21018 | AF7: 0 | AG7: 2.4889254e-05 | AH7: 27.146519 | AI7: 0.21078484 | AJ7: 45.548786 | AK7: 3.25263 | AL7: 1.1961216 | AM7: 613.05027 | AN7: 6.54627e-08 | AO7: 9.9179975e-08 | AP7: 2.8909401 | AQ7: 5.2440204e-05 | AR7: 1.2494217e-05 | AS7: 22.865146 | AT7: 12.598069 | AU7: 2.6554818 | AV7: 0.23545826 | AW7: 0.015730093 | AX7: 0.23545825 | AY7: 1.0051749e-09 | AZ7: 1028533.1 | BA7: 1.8139499e-05 | BB7: 3435994 | BC7: -29361.124 | BD7: -0.84727606 | BE7: 3144395.9 | BF7: 1.0927358 | BG7: 0.65432795 | BH7: -0.062186969 | BI7: 0.046 | BJ7: 5625 | BK7: 1.0449637 | BL7: 70.178048 | BM7: 3.435994 | BN7: 70.178048 | BO7: 1.0449637 | BP7: 910.71456 | BQ7: 1.010908 | BR7: 17_108 | BS7: OK | BT7: 14.582411 | BU7: 14.582411 | BV7: 0 | BW7: 15.383 | BX7: -0.007 | BY7: -0.80058894 | BZ7: 1.0056199 | CA7: 1.039124 | CB7: 1.0449637 | CC7: 候補列のみ・未接続 | CD7: 1.039124 | CE7: F_corr式: 1+A_corr*EXP(-(Tsub-40)^2/sigma_corr) | CF7: 1.0572575 | CG7: PM式: q_P/q_M | CH7: 未接続 | CI7: H-23時点ではBK未上書き・マクロ未実行。q_P=計算値/q_M=実験値。F_corr変更後の主確認対象はq_PとPM_ratio。q_Mは実験値で基本不変。 | CJ7: 3324436.2 | CK7: q_P式: E*delta*(HG-HL)/(LB/UB) | CL7: 3144395.9 | CM7: 値 | CN7: q_P=計算値、q_M=実験値。F_corr変更で変わるべきはq_P | CO7: 2.4886059e-05 | CP7: 665.47837 | CQ7: 2.8906908 | CR7: 9.5984685e-08 | CS7: 3324436.2 | CT7: 1.0572575 | CU7: 1.0449637 | CV7: BK差し替え済・マクロ未実行 | CW7: BK(F_corr)をCB(F_corr_with_F2P)で値置換。マクロ AdjustSValue_BinarySearch_15_Fast_SaveEachRow_LogSheet_Final は未実行。 | CX7: 2.4889254e-05 | CY7: 3.1952909e-09 | CZ7: 667.50012 | DA7: 2.0217555 | DB7: 2.8909401 | DC7: 0.00024926324 | DD7: 9.9179975e-08 | DE7: 3.1952909e-09 | DF7: 3435994 | DG7: 111557.82 | DH7: 1.0927358 | DI7: 0.035478299 | DJ7: 0.033556914 | DK7: F2P反映済 | DL7: マクロ実行後の現在値とH-24実行前値の差分
