Workbook
Name L_tot: '非一様加熱を一様加熱に補正161 '!$D$8
Name L_tot: 非一様加熱を一様加熱に補正164!$D$8
Name L_tot: 非一様加熱を一様加熱に補正108!$D$8
Name 半径方向の出力: '非一様加熱を一様加熱に補正161 '!$D$4
Name 半径方向の出力: 非一様加熱を一様加熱に補正164!$D$4
Name 半径方向の出力: 非一様加熱を一様加熱に補正108!$D$4

Sheet TEST SECTION NUMBER 108
A1: X | B1: Y | C1: TEST NUMBER | E1: 正規化座標XCHF | F1: Q(AVE) | G1: qCHF[10⁶ Btu/hr・ft²] | I1: SRL[-] | J1: RUN[-] | K1: PRESS[psia] | L1: TEMP[F] | M1: G(AVE)[106 lbs/hr・ft²] | N1: Q(AVE)[10⁶ Btu/hr・ft²] | O1: CHF RODS[-] | P1: HEATED LENGTH[inch] | Q1: LOCATION OF CHF[inch] | R1: NORMALIZED DISTRIBUTION(Y)
A2: 0 | B2: 0.358 | C2: 108 | E2: =Q2/P2 -> 0.72916667 | F2: =N2 -> 0.568 | G2: =$C$8*F2*R2 -> 1.0293868 | I2: 1 | J2: 8 | K2: 1515 | L2: 520 | M2: 2.5 | N2: 0.568 | O2: 14.6 | P2: 96 | Q2: 70 | R2: 1.5827953
A3: 0.052 | B3: 0.359 | C3: PITCH[in] | E3: =Q3/P3 -> 0.72916667 | F3: =N3 -> 0.624 | G3: =$C$8*F3*R3 -> 1.1308756 | I3: 2 | J3: 9 | K3: 1515 | L3: 499 | M3: 2.5 | N3: 0.624 | O3: 14.6 | P3: 96 | Q3: 70 | R3: 1.5827953
A4: 0.104 | B4: 0.4 | C4: 0.555 | E4: =Q4/P4 -> 0.72916667 | F4: =N4 -> 0.51 | G4: =$C$8*F4*R4 -> 0.92427331 | I4: 3 | J4: 10 | K4: 2165 | L4: 584 | M4: 2.587 | N4: 0.51 | O4: 14.6 | P4: 96 | Q4: 70 | R4: 1.5827953
A5: 0.156 | B5: 0.458 | C5: ROD OD[in] | E5: =Q5/P5 -> 0.72916667 | F5: =N5 -> 0.557 | G5: =$C$8*F5*R5 -> 1.0094514 | I5: 4 | J5: 11 | K5: 2115 | L5: 567 | M5: 2.54 | N5: 0.557 | O5: 14.6 | P5: 96 | Q5: 70 | R5: 1.5827953
A6: 0.208 | B6: 0.567 | C6: 0.422 | E6: =Q6/P6 -> 0.72916667 | F6: =N6 -> 0.55 | G6: =$C$8*F6*R6 -> 0.99676534 | I6: 5 | J6: 12 | K6: 2415 | L6: 577 | M6: 2.535 | N6: 0.55 | O6: 14.6 | P6: 96 | Q6: 70 | R6: 1.5827953
A7: 0.26 | B7: 0.683 | C7: 半径方向の出力分布補正 | E7: =Q7/P7 -> 0.72916667 | F7: =N7 -> 0.517 | G7: =$C$8*F7*R7 -> 0.93695942 | I7: 6 | J7: 13 | K7: 2415 | L7: 559 | M7: 2.064 | N7: 0.517 | O7: 14.6 | P7: 96 | Q7: 70 | R7: 1.5827953
A8: 0.313 | B8: 0.833 | C8: 1.145 | E8: =Q8/P8 -> 0.72916667 | F8: =N8 -> 0.512 | G8: =$C$8*F8*R8 -> 0.92789792 | I8: 7 | J8: 14 | K8: 1515 | L8: 560 | M8: 3.429 | N8: 0.512 | O8: 14.6 | P8: 96 | Q8: 70 | R8: 1.5827953
A9: 0.365 | B9: 0.992 | E9: =Q9/P9 -> 0.72916667 | F9: =N9 -> 0.545 | G9: =$C$8*F9*R9 -> 0.98770384 | I9: 8 | J9: 15 | K9: 1815 | L9: 579 | M9: 3.552 | N9: 0.545 | O9: 14.6 | P9: 96 | Q9: 70 | R9: 1.5827953
A10: 0.417 | B10: 1.133 | E10: =Q10/P10 -> 0.72916667 | F10: =N10 -> 0.563 | G10: =$C$8*F10*R10 -> 1.0203252 | I10: 9 | J10: 16 | K10: 1825 | L10: 500 | M10: 1.907 | N10: 0.563 | O10: 14.6 | P10: 96 | Q10: 70 | R10: 1.5827953
A11: 0.469 | B11: 1.258 | E11: =Q11/P11 -> 0.72916667 | F11: =N11 -> 0.579 | G11: =$C$8*F11*R11 -> 1.0493221 | I11: 10 | J11: 17 | K11: 1515 | L11: 545 | M11: 3.604 | N11: 0.579 | O11: 14.6 | P11: 96 | Q11: 70 | R11: 1.5827953
A12: 0.495 | B12: 1.305 | E12: =Q12/P12 -> 0.72916667 | F12: =N12 -> 0.664 | G12: =$C$8*F12*R12 -> 1.2033676 | I12: 11 | J12: 18 | K12: 1515 | L12: 482 | M12: 2.48 | N12: 0.664 | O12: 14.6 | P12: 96 | Q12: 70 | R12: 1.5827953
A13: 0.521 | B13: 1.35 | E13: =Q13/P13 -> 0.72916667 | F13: =N13 -> 0.61 | G13: =$C$8*F13*R13 -> 1.1055034 | I13: 12 | J13: 19 | K13: 1545 | L13: 466 | M13: 1.97 | N13: 0.61 | O13: 14.6 | P13: 96 | Q13: 70 | R13: 1.5827953
A14: 0.547 | B14: 1.41 | E14: =Q14/P14 -> 0.72916667 | F14: =N14 -> 0.508 | G14: =$C$8*F14*R14 -> 0.92064871 | I14: 13 | J14: 53 | K14: 1515 | L14: 558 | M14: 3.571 | N14: 0.508 | O14: 16.6 | P14: 96 | Q14: 70 | R14: 1.5827953
A15: 0.573 | B15: 1.467 | E15: =Q15/P15 -> 0.72916667 | F15: =N15 -> 0.605 | G15: =$C$8*F15*R15 -> 1.0964419 | I15: 14 | J15: 54 | K15: 1815 | L15: 560 | M15: 3.612 | N15: 0.605 | O15: 13.6 | P15: 96 | Q15: 70 | R15: 1.5827953
A16: 0.599 | B16: 1.522 | E16: =Q16/P16 -> 0.72916667 | F16: =N16 -> 0.597 | G16: =$C$8*F16*R16 -> 1.0819435 | I16: 15 | J16: 55 | K16: 1795 | L16: 481.5 | M16: 2.029 | N16: 0.597 | O16: 13.6 | P16: 96 | Q16: 70 | R16: 1.5827953
A17: 0.625 | B17: 1.592 | E17: =Q17/P17 -> 0.72916667 | F17: =N17 -> 0.571 | G17: =$C$8*F17*R17 -> 1.0348237 | I17: 16 | J17: 56 | K17: 2115 | L17: 502.5 | M17: 2.021 | N17: 0.571 | O17: 13.6 | P17: 96 | Q17: 70 | R17: 1.5827953
A18: 0.651 | B18: 1.64 | E18: =Q18/P18 -> 0.72916667 | F18: =N18 -> 0.55 | G18: =$C$8*F18*R18 -> 0.99676534 | I18: 17 | J18: 57 | K18: 2115 | L18: 517.5 | M18: 2.035 | N18: 0.55 | O18: 13.6 | P18: 96 | Q18: 70 | R18: 1.5827953
A19: 0.677 | B19: 1.657 | E19: =Q19/P19 -> 0.72916667 | F19: =N19 -> 0.507 | G19: =$C$8*F19*R19 -> 0.91883641 | I19: 18 | J19: 58 | K19: 2115 | L19: 541.5 | M19: 2.026 | N19: 0.507 | O19: 13.6 | P19: 96 | Q19: 70 | R19: 1.5827953
A20: 0.703 | B20: 1.64 | E20: =Q20/P20 -> 0.72916667 | F20: =N20 -> 0.584 | G20: =$C$8*F20*R20 -> 1.0583836 | I20: 19 | J20: 59 | K20: 2115 | L20: 545 | M20: 2.526 | N20: 0.584 | O20: 13.6 | P20: 96 | Q20: 70 | R20: 1.5827953
... A29: 1 | B29: 0.367 | E29: =Q29/P29 -> 0.72916667 | F29: =N29 -> 0.47 | G29: =$C$8*F29*R29 -> 0.85178129 | I29: 28 | J29: 68 | K29: 2415 | L29: 623 | M29: 3.047 | N29: 0.47 | O29: 13.6 | P29: 96 | Q29: 70 | R29: 1.5827953
E30: =Q30/P30 -> 0.72916667 | F30: =N30 -> 0.502 | G30: =$C$8*F30*R30 -> 0.90977491 | I30: 29 | J30: 69 | K30: 2415 | L30: 627 | M30: 3.557 | N30: 0.502 | O30: 13.6 | P30: 96 | Q30: 70 | R30: 1.5827953
A31: 線形補間
A32: X | B32: Y
A33: 0 | B33: 0.358
A34: 0.00010001 | B34: 0.35800192
A35: 0.00020002 | B35: 0.35800385
A36: 0.00030003 | B36: 0.35800577
A37: 0.00040004 | B37: 0.35800769
A38: 0.00050005001 | B38: 0.35800962
A39: 0.00060006001 | B39: 0.35801154
A40: 0.00070007001 | B40: 0.35801346
A41: 0.00080008001 | B41: 0.35801539
A42: 0.00090009001 | B42: 0.35801731
A43: 0.0010001 | B43: 0.35801923
A44: 0.00110011 | B44: 0.35802116
... A10032: 1 | B10032: 0.367

Sheet 単位換算108
Y4: ③Celataの計算に必要な値に変換 | AC4: クオリティの計算 | AK4: 実験値 | AL4: ロッド16本の濡れぶち | AM4: ロッド１６本の全出力 | AN4: ロッドを１本にし、ピークのロッドで考える | AO4: DNB相対位置 | AP4: 総出力をロッド１本、DNB位置までに変換 | AQ4: 検算 これにより、QAVEに半径・軸の相対ピーク値をかけるとCHFになることがわかる
A5: TEST SECTION NUMBER | B5: SRL | C5: PRESSURE (psia) | D5: LENGTH (in.) | E5: MASS VELOCITY × 10⁻⁶ (lb/hr.ft²) | F5: INLET TEMP[F] | G5: BURNOUT HEAT FLUX × 10⁻⁶ (BTU/hr.ft²) | H5: PITCH[in] | I5: ROD OD[in] | K5: 実験番号. | L5: Pin 圧力 (Pa) | M5: L_全長[m] | N5: PITCH[m] | O5: ROD OD[m] | P5: 流路断面積[m2] | Q5: 濡れ縁長さ[m] | R5: 流路断面積[in2] | S5: 濡れ縁長さ[in] | T5: 管の長さ (m) | U5: 質量流速[kg/(m²·s)] | V5: 入口温度[K] | W5: CHF [MW/m²] | Y5: 流路断面積 A[m2] | Z5: 濡れ縁長さ[m] | AA5: 入口温度[K] | AC5: G | AD5: A | AE5: Hlg | AF5: Ts | AG5: Tin | AH5: CPL_Ts | AI5: CPL_Tin | AJ5: CPL_ave | AK5: Q_AVE | AL5: A_htr | AM5: Q_all | AN5: r_ratio | AO5: z_ratio | AP5: Q_DNB | AQ5: q_DNB_nishida | AR5: GAHlg | AS5: xin_nishida | AT5: xout_nishida | AU5: DNB位置の軸方向出力 | AV5: ロッド数 | AW5: DNB位置の半径方向出力 | AX5: Tsub | AY5: Hsub | AZ5: Hsub[kJ/kg]
A6: ='TEST SECTION NUMBER 108'!$C$2 -> 108 | B6: ='TEST SECTION NUMBER 108'!I2 -> 1 | C6: ='TEST SECTION NUMBER 108'!K2 -> 1515 | D6: ='TEST SECTION NUMBER 108'!Q2 -> 70 | E6: ='TEST SECTION NUMBER 108'!M2 -> 2.5 | F6: ='TEST SECTION NUMBER 108'!L2 -> 520 | G6: ='TEST SECTION NUMBER 108'!G2 -> 1.0293868 | H6: ='TEST SECTION NUMBER 108'!$C$4 -> 0.555 | I6: ='TEST SECTION NUMBER 108'!$C$6 -> 0.422 | K6: =B6 -> 1 | L6: =C6*6894.757 -> 10445557 | M6: ='TEST SECTION NUMBER 108'!P2*0.0254 -> 2.4384 | N6: ='TEST SECTION NUMBER 108'!$C$4*0.0254 -> 0.014097 | O6: ='TEST SECTION NUMBER 108'!$C$6*0.0254 -> 0.0107188 | P6: =N6^2-PI()*(O6/2)^2 -> 0.00010848891 | Q6: =O6*PI() -> 0.033674103 | R6: ='TEST SECTION NUMBER 108'!$C$4^2-PI()*(('TEST SECTION NUMBER 108'!$C$6)^2)/4 -> 0.16815815 | S6: =PI()*'TEST SECTION NUMBER 108'!$C$6 -> 1.3257521 | T6: =D6*0.0254 -> 1.778 | U6: =E6*10^6*0.001356 -> 3390 | V6: =(F6 - 32) * 5/9 + 273.15 -> 544.26111 | W6: =G6*3.1546 -> 3.2473034 | Y6: =R6*0.0254^2 -> 0.00010848891 | Z6: =S6*0.0254 -> 0.033674103 | AA6: =V6 -> 544.26111 | AB6: 1 | AC6: =U6 -> 3390 | AD6: =Y6 -> 0.00010848891 | AE6: 1290031.6 | AF6: 587.36714 | AG6: =単位換算108!AA6 -> 544.26111 | AH6: 6257.8914 | AI6: 5041.2861 | AJ6: =(テーブル5[[#This Row],[CPL_Ts]]+テーブル5[[#This Row],[CPL_Tin]])/2 -> 5649.5887 | AK6: ='TEST SECTION NUMBER 108'!N2*3.1546 -> 1.7918128 | AL6: =PI()*O6*16*M6 -> 1.3137749 | AM6: =テーブル5[[#This Row],[Q_AVE]]*テーブル5[[#This Row],[A_htr]] -> 2.3540387 | AN6: =テーブル5[[#This Row],[DNB位置の半径方向出力]]/テーブル5[[#This Row],[ロッド数]] -> 0.0715625 | AO6: ='TEST SECTION NUMBER 108'!E2 -> 0.72916667 | AP6: =テーブル5[[#This Row],[Q_all]]*テーブル5[[#This Row],[z_ratio]]*テーブル5[[#This Row],[r_ratio]]*1000000 -> 122836.07 | AQ6: =テーブル5[[#This Row],[Q_AVE]]*テーブル5[[#This Row],[DNB位置の軸方向出力]]*テーブル5[[#This Row],[DNB位置の半径方向出力]] -> 3.2473034 | AR6: =テーブル5[[#This Row],[G]]*テーブル5[[#This Row],[A]]*テーブル5[[#This Row],[Hlg]] -> 474444.48 | AS6: =-テーブル5[[#This Row],[G]]*テーブル5[[#This Row],[A]]*テーブル5[[#This Row],[CPL_ave]]*(テーブル5[[#This Row],[Ts]]-テーブル5[[#This Row],[Tin]]) -> -89565.327 | AT6: =(テーブル5[[#This Row],[Q_DNB]]+テーブル5[[#This Row],[xin_nishida]])/テーブル5[[#This Row],[GAHlg]] -> 0.070125685 | AU6: 1.5827953 | AV6: 16 | AW6: 1.145 | AX6: =テーブル5[[#This Row],[Ts]]-テーブル5[[#This Row],[Tin]] -> 43.106029 | AY6: 237740.26 | AZ6: =テーブル5[[#This Row],[Hsub]]/1000 -> 237.74026
A7: ='TEST SECTION NUMBER 108'!$C$2 -> 108 | B7: ='TEST SECTION NUMBER 108'!I3 -> 2 | C7: ='TEST SECTION NUMBER 108'!K3 -> 1515 | D7: ='TEST SECTION NUMBER 108'!Q3 -> 70 | E7: ='TEST SECTION NUMBER 108'!M3 -> 2.5 | F7: ='TEST SECTION NUMBER 108'!L3 -> 499 | G7: ='TEST SECTION NUMBER 108'!G3 -> 1.1308756 | H7: ='TEST SECTION NUMBER 108'!$C$4 -> 0.555 | I7: ='TEST SECTION NUMBER 108'!$C$6 -> 0.422 | K7: =B7 -> 2 | L7: =C7*6894.757 -> 10445557 | M7: ='TEST SECTION NUMBER 108'!P3*0.0254 -> 2.4384 | N7: ='TEST SECTION NUMBER 108'!$C$4*0.0254 -> 0.014097 | O7: ='TEST SECTION NUMBER 108'!$C$6*0.0254 -> 0.0107188 | P7: =N7^2-PI()*(O7/2)^2 -> 0.00010848891 | Q7: =O7*PI() -> 0.033674103 | R7: ='TEST SECTION NUMBER 108'!$C$4^2-PI()*(('TEST SECTION NUMBER 108'!$C$6)^2)/4 -> 0.16815815 | S7: =PI()*'TEST SECTION NUMBER 108'!$C$6 -> 1.3257521 | T7: =D7*0.0254 -> 1.778 | U7: =E7*10^6*0.001356 -> 3390 | V7: =(F7 - 32) * 5/9 + 273.15 -> 532.59444 | W7: =G7*3.1546 -> 3.5674601 | Y7: =R7*0.0254^2 -> 0.00010848891 | Z7: =S7*0.0254 -> 0.033674103 | AA7: =V7 -> 532.59444 | AB7: 2 | AC7: =U7 -> 3390 | AD7: =Y7 -> 0.00010848891 | AE7: 1290031.6 | AF7: 587.36714 | AG7: =単位換算108!AA7 -> 532.59444 | AH7: 6257.8914 | AI7: 4888.9923 | AJ7: =(テーブル5[[#This Row],[CPL_Ts]]+テーブル5[[#This Row],[CPL_Tin]])/2 -> 5573.4419 | AK7: ='TEST SECTION NUMBER 108'!N3*3.1546 -> 1.9684704 | AL7: =PI()*O7*16*M7 -> 1.3137749 | AM7: =テーブル5[[#This Row],[Q_AVE]]*テーブル5[[#This Row],[A_htr]] -> 2.5861271 | AN7: =テーブル5[[#This Row],[DNB位置の半径方向出力]]/テーブル5[[#This Row],[ロッド数]] -> 0.0715625 | AO7: ='TEST SECTION NUMBER 108'!E3 -> 0.72916667 | AP7: =テーブル5[[#This Row],[Q_all]]*テーブル5[[#This Row],[z_ratio]]*テーブル5[[#This Row],[r_ratio]]*1000000 -> 134946.67 | AQ7: =テーブル5[[#This Row],[Q_AVE]]*テーブル5[[#This Row],[DNB位置の軸方向出力]]*テーブル5[[#This Row],[DNB位置の半径方向出力]] -> 3.5674601 | AR7: =テーブル5[[#This Row],[G]]*テーブル5[[#This Row],[A]]*テーブル5[[#This Row],[Hlg]] -> 474444.48 | AS7: =-テーブル5[[#This Row],[G]]*テーブル5[[#This Row],[A]]*テーブル5[[#This Row],[CPL_ave]]*(テーブル5[[#This Row],[Ts]]-テーブル5[[#This Row],[Tin]]) -> -112272.31 | AT7: =(テーブル5[[#This Row],[Q_DNB]]+テーブル5[[#This Row],[xin_nishida]])/テーブル5[[#This Row],[GAHlg]] -> 0.047791389 | AU7: 1.5827953 | AV7: 16 | AW7: 1.145 | AX7: =テーブル5[[#This Row],[Ts]]-テーブル5[[#This Row],[Tin]] -> 54.772696 | AY7: 295632.46 | AZ7: =テーブル5[[#This Row],[Hsub]]/1000 -> 295.63246
A8: ='TEST SECTION NUMBER 108'!$C$2 -> 108 | B8: ='TEST SECTION NUMBER 108'!I4 -> 3 | C8: ='TEST SECTION NUMBER 108'!K4 -> 2165 | D8: ='TEST SECTION NUMBER 108'!Q4 -> 70 | E8: ='TEST SECTION NUMBER 108'!M4 -> 2.587 | F8: ='TEST SECTION NUMBER 108'!L4 -> 584 | G8: ='TEST SECTION NUMBER 108'!G4 -> 0.92427331 | H8: ='TEST SECTION NUMBER 108'!$C$4 -> 0.555 | I8: ='TEST SECTION NUMBER 108'!$C$6 -> 0.422 | K8: =B8 -> 3 | L8: =C8*6894.757 -> 14927149 | M8: ='TEST SECTION NUMBER 108'!P4*0.0254 -> 2.4384 | N8: ='TEST SECTION NUMBER 108'!$C$4*0.0254 -> 0.014097 | O8: ='TEST SECTION NUMBER 108'!$C$6*0.0254 -> 0.0107188 | P8: =N8^2-PI()*(O8/2)^2 -> 0.00010848891 | Q8: =O8*PI() -> 0.033674103 | R8: ='TEST SECTION NUMBER 108'!$C$4^2-PI()*(('TEST SECTION NUMBER 108'!$C$6)^2)/4 -> 0.16815815 | S8: =PI()*'TEST SECTION NUMBER 108'!$C$6 -> 1.3257521 | T8: =D8*0.0254 -> 1.778 | U8: =E8*10^6*0.001356 -> 3507.972 | V8: =(F8 - 32) * 5/9 + 273.15 -> 579.81667 | W8: =G8*3.1546 -> 2.9157126 | Y8: =R8*0.0254^2 -> 0.00010848891 | Z8: =S8*0.0254 -> 0.033674103 | AA8: =V8 -> 579.81667 | AB8: 3 | AC8: =U8 -> 3507.972 | AD8: =Y8 -> 0.00010848891 | AE8: 1005423.1 | AF8: 614.91567 | AG8: =単位換算108!AA8 -> 579.81667 | AH8: 8454.8821 | AI8: 5662.3774 | AJ8: =(テーブル5[[#This Row],[CPL_Ts]]+テーブル5[[#This Row],[CPL_Tin]])/2 -> 7058.6297 | AK8: ='TEST SECTION NUMBER 108'!N4*3.1546 -> 1.608846 | AL8: =PI()*O8*16*M8 -> 1.3137749 | AM8: =テーブル5[[#This Row],[Q_AVE]]*テーブル5[[#This Row],[A_htr]] -> 2.1136616 | AN8: =テーブル5[[#This Row],[DNB位置の半径方向出力]]/テーブル5[[#This Row],[ロッド数]] -> 0.0715625 | AO8: ='TEST SECTION NUMBER 108'!E4 -> 0.72916667 | AP8: =テーブル5[[#This Row],[Q_all]]*テーブル5[[#This Row],[z_ratio]]*テーブル5[[#This Row],[r_ratio]]*1000000 -> 110292.95 | AQ8: =テーブル5[[#This Row],[Q_AVE]]*テーブル5[[#This Row],[DNB位置の軸方向出力]]*テーブル5[[#This Row],[DNB位置の半径方向出力]] -> 2.9157126 | AR8: =テーブル5[[#This Row],[G]]*テーブル5[[#This Row],[A]]*テーブル5[[#This Row],[Hlg]] -> 382639.99 | AS8: =-テーブル5[[#This Row],[G]]*テーブル5[[#This Row],[A]]*テーブル5[[#This Row],[CPL_ave]]*(テーブル5[[#This Row],[Ts]]-テーブル5[[#This Row],[Tin]]) -> -94288.042 | AT8: =(テーブル5[[#This Row],[Q_DNB]]+テーブル5[[#This Row],[xin_nishida]])/テーブル5[[#This Row],[GAHlg]] -> 0.041827592 | AU8: 1.5827953 | AV8: 16 | AW8: 1.145 | AX8: =テーブル5[[#This Row],[Ts]]-テーブル5[[#This Row],[Tin]] -> 35.098999 | AY8: 231852.78 | AZ8: =テーブル5[[#This Row],[Hsub]]/1000 -> 231.85278
A9: ='TEST SECTION NUMBER 108'!$C$2 -> 108 | B9: ='TEST SECTION NUMBER 108'!I5 -> 4 | C9: ='TEST SECTION NUMBER 108'!K5 -> 2115 | D9: ='TEST SECTION NUMBER 108'!Q5 -> 70 | E9: ='TEST SECTION NUMBER 108'!M5 -> 2.54 | F9: ='TEST SECTION NUMBER 108'!L5 -> 567 | G9: ='TEST SECTION NUMBER 108'!G5 -> 1.0094514 | H9: ='TEST SECTION NUMBER 108'!$C$4 -> 0.555 | I9: ='TEST SECTION NUMBER 108'!$C$6 -> 0.422 | K9: =B9 -> 4 | L9: =C9*6894.757 -> 14582411 | M9: ='TEST SECTION NUMBER 108'!P5*0.0254 -> 2.4384 | N9: ='TEST SECTION NUMBER 108'!$C$4*0.0254 -> 0.014097 | O9: ='TEST SECTION NUMBER 108'!$C$6*0.0254 -> 0.0107188 | P9: =N9^2-PI()*(O9/2)^2 -> 0.00010848891 | Q9: =O9*PI() -> 0.033674103 | R9: ='TEST SECTION NUMBER 108'!$C$4^2-PI()*(('TEST SECTION NUMBER 108'!$C$6)^2)/4 -> 0.16815815 | S9: =PI()*'TEST SECTION NUMBER 108'!$C$6 -> 1.3257521 | T9: =D9*0.0254 -> 1.778 | U9: =E9*10^6*0.001356 -> 3444.24 | V9: =(F9 - 32) * 5/9 + 273.15 -> 570.37222 | W9: =G9*3.1546 -> 3.1844155 | Y9: =R9*0.0254^2 -> 0.00010848891 | Z9: =S9*0.0254 -> 0.033674103 | AA9: =V9 -> 570.37222 | AB9: 4 | AC9: =U9 -> 3444.24 | AD9: =Y9 -> 0.00010848891 | AE9: 1028533.1 | AF9: 613.05027 | AG9: =単位換算108!AA9 -> 570.37222 | AH9: 8194.7812 | AI9: 5422.7482 | AJ9: =(テーブル5[[#This Row],[CPL_Ts]]+テーブル5[[#This Row],[CPL_Tin]])/2 -> 6808.7647 | AK9: ='TEST SECTION NUMBER 108'!N5*3.1546 -> 1.7571122 | AL9: =PI()*O9*16*M9 -> 1.3137749 | AM9: =テーブル5[[#This Row],[Q_AVE]]*テーブル5[[#This Row],[A_htr]] -> 2.30845 | AN9: =テーブル5[[#This Row],[DNB位置の半径方向出力]]/テーブル5[[#This Row],[ロッド数]] -> 0.0715625 | AO9: ='TEST SECTION NUMBER 108'!E5 -> 0.72916667 | AP9: =テーブル5[[#This Row],[Q_all]]*テーブル5[[#This Row],[z_ratio]]*テーブル5[[#This Row],[r_ratio]]*1000000 -> 120457.2 | AQ9: =テーブル5[[#This Row],[Q_AVE]]*テーブル5[[#This Row],[DNB位置の軸方向出力]]*テーブル5[[#This Row],[DNB位置の半径方向出力]] -> 3.1844155 | AR9: =テーブル5[[#This Row],[G]]*テーブル5[[#This Row],[A]]*テーブル5[[#This Row],[Hlg]] -> 384323.58 | AS9: =-テーブル5[[#This Row],[G]]*テーブル5[[#This Row],[A]]*テーブル5[[#This Row],[CPL_ave]]*(テーブル5[[#This Row],[Ts]]-テーブル5[[#This Row],[Tin]]) -> -108580.45 | AT9: =(テーブル5[[#This Row],[Q_DNB]]+テーブル5[[#This Row],[xin_nishida]])/テーブル5[[#This Row],[GAHlg]] -> 0.030903006 | AU9: 1.5827953 | AV9: 16 | AW9: 1.145 | AX9: =テーブル5[[#This Row],[Ts]]-テーブル5[[#This Row],[Tin]] -> 42.678048 | AY9: 270287.72 | AZ9: =テーブル5[[#This Row],[Hsub]]/1000 -> 270.28772
A10: ='TEST SECTION NUMBER 108'!$C$2 -> 108 | B10: ='TEST SECTION NUMBER 108'!I6 -> 5 | C10: ='TEST SECTION NUMBER 108'!K6 -> 2415 | D10: ='TEST SECTION NUMBER 108'!Q6 -> 70 | E10: ='TEST SECTION NUMBER 108'!M6 -> 2.535 | F10: ='TEST SECTION NUMBER 108'!L6 -> 577 | G10: ='TEST SECTION NUMBER 108'!G6 -> 0.99676534 | H10: ='TEST SECTION NUMBER 108'!$C$4 -> 0.555 | I10: ='TEST SECTION NUMBER 108'!$C$6 -> 0.422 | K10: =B10 -> 5 | L10: =C10*6894.757 -> 16650838 | M10: ='TEST SECTION NUMBER 108'!P6*0.0254 -> 2.4384 | N10: ='TEST SECTION NUMBER 108'!$C$4*0.0254 -> 0.014097 | O10: ='TEST SECTION NUMBER 108'!$C$6*0.0254 -> 0.0107188 | P10: =N10^2-PI()*(O10/2)^2 -> 0.00010848891 | Q10: =O10*PI() -> 0.033674103 | R10: ='TEST SECTION NUMBER 108'!$C$4^2-PI()*(('TEST SECTION NUMBER 108'!$C$6)^2)/4 -> 0.16815815 | S10: =PI()*'TEST SECTION NUMBER 108'!$C$6 -> 1.3257521 | T10: =D10*0.0254 -> 1.778 | U10: =E10*10^6*0.001356 -> 3437.46 | V10: =(F10 - 32) * 5/9 + 273.15 -> 575.92778 | W10: =G10*3.1546 -> 3.1443959 | Y10: =R10*0.0254^2 -> 0.00010848891 | Z10: =S10*0.0254 -> 0.033674103 | AA10: =V10 -> 575.92778 | AB10: 5 | AC10: =U10 -> 3437.46 | AD10: =Y10 -> 0.00010848891 | AE10: 883760.41 | AF10: 623.74675 | AG10: =単位換算108!AA10 -> 575.92778 | AH10: 10285.201 | AI10: 5485.3414 | AJ10: =(テーブル5[[#This Row],[CPL_Ts]]+テーブル5[[#This Row],[CPL_Tin]])/2 -> 7885.2713 | AK10: ='TEST SECTION NUMBER 108'!N6*3.1546 -> 1.73503 | AL10: =PI()*O10*16*M10 -> 1.3137749 | AM10: =テーブル5[[#This Row],[Q_AVE]]*テーブル5[[#This Row],[A_htr]] -> 2.2794389 | AN10: =テーブル5[[#This Row],[DNB位置の半径方向出力]]/テーブル5[[#This Row],[ロッド数]] -> 0.0715625 | AO10: ='TEST SECTION NUMBER 108'!E6 -> 0.72916667 | AP10: =テーブル5[[#This Row],[Q_all]]*テーブル5[[#This Row],[z_ratio]]*テーブル5[[#This Row],[r_ratio]]*1000000 -> 118943.38 | AQ10: =テーブル5[[#This Row],[Q_AVE]]*テーブル5[[#This Row],[DNB位置の軸方向出力]]*テーブル5[[#This Row],[DNB位置の半径方向出力]] -> 3.1443959 | AR10: =テーブル5[[#This Row],[G]]*テーブル5[[#This Row],[A]]*テーブル5[[#This Row],[Hlg]] -> 329577.5 | AS10: =-テーブル5[[#This Row],[G]]*テーブル5[[#This Row],[A]]*テーブル5[[#This Row],[CPL_ave]]*(テーブル5[[#This Row],[Ts]]-テーブル5[[#This Row],[Tin]]) -> -140617.66 | AT10: =(テーブル5[[#This Row],[Q_DNB]]+テーブル5[[#This Row],[xin_nishida]])/テーブル5[[#This Row],[GAHlg]] -> -0.065763841 | AU10: 1.5827953 | AV10: 16 | AW10: 1.145 | AX10: =テーブル5[[#This Row],[Ts]]-テーブル5[[#This Row],[Tin]] -> 47.81897 | AY10: 323748.75 | AZ10: =テーブル5[[#This Row],[Hsub]]/1000 -> 323.74875
A11: ='TEST SECTION NUMBER 108'!$C$2 -> 108 | B11: ='TEST SECTION NUMBER 108'!I7 -> 6 | C11: ='TEST SECTION NUMBER 108'!K7 -> 2415 | D11: ='TEST SECTION NUMBER 108'!Q7 -> 70 | E11: ='TEST SECTION NUMBER 108'!M7 -> 2.064 | F11: ='TEST SECTION NUMBER 108'!L7 -> 559 | G11: ='TEST SECTION NUMBER 108'!G7 -> 0.93695942 | H11: ='TEST SECTION NUMBER 108'!$C$4 -> 0.555 | I11: ='TEST SECTION NUMBER 108'!$C$6 -> 0.422 | K11: =B11 -> 6 | L11: =C11*6894.757 -> 16650838 | M11: ='TEST SECTION NUMBER 108'!P7*0.0254 -> 2.4384 | N11: ='TEST SECTION NUMBER 108'!$C$4*0.0254 -> 0.014097 | O11: ='TEST SECTION NUMBER 108'!$C$6*0.0254 -> 0.0107188 | P11: =N11^2-PI()*(O11/2)^2 -> 0.00010848891 | Q11: =O11*PI() -> 0.033674103 | R11: ='TEST SECTION NUMBER 108'!$C$4^2-PI()*(('TEST SECTION NUMBER 108'!$C$6)^2)/4 -> 0.16815815 | S11: =PI()*'TEST SECTION NUMBER 108'!$C$6 -> 1.3257521 | T11: =D11*0.0254 -> 1.778 | U11: =E11*10^6*0.001356 -> 2798.784 | V11: =(F11 - 32) * 5/9 + 273.15 -> 565.92778 | W11: =G11*3.1546 -> 2.9557322 | Y11: =R11*0.0254^2 -> 0.00010848891 | Z11: =S11*0.0254 -> 0.033674103 | AA11: =V11 -> 565.92778 | AB11: 6 | AC11: =U11 -> 2798.784 | AD11: =Y11 -> 0.00010848891 | AE11: 883760.41 | AF11: 623.74675 | AG11: =単位換算108!AA11 -> 565.92778 | AH11: 10285.201 | AI11: 5266.8111 | AJ11: =(テーブル5[[#This Row],[CPL_Ts]]+テーブル5[[#This Row],[CPL_Tin]])/2 -> 7776.0062 | AK11: ='TEST SECTION NUMBER 108'!N7*3.1546 -> 1.6309282 | AL11: =PI()*O11*16*M11 -> 1.3137749 | AM11: =テーブル5[[#This Row],[Q_AVE]]*テーブル5[[#This Row],[A_htr]] -> 2.1426726 | AN11: =テーブル5[[#This Row],[DNB位置の半径方向出力]]/テーブル5[[#This Row],[ロッド数]] -> 0.0715625 | AO11: ='TEST SECTION NUMBER 108'!E7 -> 0.72916667 | AP11: =テーブル5[[#This Row],[Q_all]]*テーブル5[[#This Row],[z_ratio]]*テーブル5[[#This Row],[r_ratio]]*1000000 -> 111806.78 | AQ11: =テーブル5[[#This Row],[Q_AVE]]*テーブル5[[#This Row],[DNB位置の軸方向出力]]*テーブル5[[#This Row],[DNB位置の半径方向出力]] -> 2.9557322 | AR11: =テーブル5[[#This Row],[G]]*テーブル5[[#This Row],[A]]*テーブル5[[#This Row],[Hlg]] -> 268342.39 | AS11: =-テーブル5[[#This Row],[G]]*テーブル5[[#This Row],[A]]*テーブル5[[#This Row],[CPL_ave]]*(テーブル5[[#This Row],[Ts]]-テーブル5[[#This Row],[Tin]]) -> -136515.41 | AT11: =(テーブル5[[#This Row],[Q_DNB]]+テーブル5[[#This Row],[xin_nishida]])/テーブル5[[#This Row],[GAHlg]] -> -0.092078771 | AU11: 1.5827953 | AV11: 16 | AW11: 1.145 | AX11: =テーブル5[[#This Row],[Ts]]-テーブル5[[#This Row],[Tin]] -> 57.81897 | AY11: 377462.38 | AZ11: =テーブル5[[#This Row],[Hsub]]/1000 -> 377.46238
A12: ='TEST SECTION NUMBER 108'!$C$2 -> 108 | B12: ='TEST SECTION NUMBER 108'!I8 -> 7 | C12: ='TEST SECTION NUMBER 108'!K8 -> 1515 | D12: ='TEST SECTION NUMBER 108'!Q8 -> 70 | E12: ='TEST SECTION NUMBER 108'!M8 -> 3.429 | F12: ='TEST SECTION NUMBER 108'!L8 -> 560 | G12: ='TEST SECTION NUMBER 108'!G8 -> 0.92789792 | H12: ='TEST SECTION NUMBER 108'!$C$4 -> 0.555 | I12: ='TEST SECTION NUMBER 108'!$C$6 -> 0.422 | K12: =B12 -> 7 | L12: =C12*6894.757 -> 10445557 | M12: ='TEST SECTION NUMBER 108'!P8*0.0254 -> 2.4384 | N12: ='TEST SECTION NUMBER 108'!$C$4*0.0254 -> 0.014097 | O12: ='TEST SECTION NUMBER 108'!$C$6*0.0254 -> 0.0107188 | P12: =N12^2-PI()*(O12/2)^2 -> 0.00010848891 | Q12: =O12*PI() -> 0.033674103 | R12: ='TEST SECTION NUMBER 108'!$C$4^2-PI()*(('TEST SECTION NUMBER 108'!$C$6)^2)/4 -> 0.16815815 | S12: =PI()*'TEST SECTION NUMBER 108'!$C$6 -> 1.3257521 | T12: =D12*0.0254 -> 1.778 | U12: =E12*10^6*0.001356 -> 4649.724 | V12: =(F12 - 32) * 5/9 + 273.15 -> 566.48333 | W12: =G12*3.1546 -> 2.9271468 | Y12: =R12*0.0254^2 -> 0.00010848891 | Z12: =S12*0.0254 -> 0.033674103 | AA12: =V12 -> 566.48333 | AB12: 7 | AC12: =U12 -> 4649.724 | AD12: =Y12 -> 0.00010848891 | AE12: 1290031.6 | AF12: 587.36714 | AG12: =単位換算108!AA12 -> 566.48333 | AH12: 6257.8914 | AI12: 5470.51 | AJ12: =(テーブル5[[#This Row],[CPL_Ts]]+テーブル5[[#This Row],[CPL_Tin]])/2 -> 5864.2007 | AK12: ='TEST SECTION NUMBER 108'!N8*3.1546 -> 1.6151552 | AL12: =PI()*O12*16*M12 -> 1.3137749 | AM12: =テーブル5[[#This Row],[Q_AVE]]*テーブル5[[#This Row],[A_htr]] -> 2.1219504 | AN12: =テーブル5[[#This Row],[DNB位置の半径方向出力]]/テーブル5[[#This Row],[ロッド数]] -> 0.0715625 | AO12: ='TEST SECTION NUMBER 108'!E8 -> 0.72916667 | AP12: =テーブル5[[#This Row],[Q_all]]*テーブル5[[#This Row],[z_ratio]]*テーブル5[[#This Row],[r_ratio]]*1000000 -> 110725.47 | AQ12: =テーブル5[[#This Row],[Q_AVE]]*テーブル5[[#This Row],[DNB位置の軸方向出力]]*テーブル5[[#This Row],[DNB位置の半径方向出力]] -> 2.9271468 | AR12: =テーブル5[[#This Row],[G]]*テーブル5[[#This Row],[A]]*テーブル5[[#This Row],[Hlg]] -> 650748.05 | AS12: =-テーブル5[[#This Row],[G]]*テーブル5[[#This Row],[A]]*テーブル5[[#This Row],[CPL_ave]]*(テーブル5[[#This Row],[Ts]]-テーブル5[[#This Row],[Tin]]) -> -61777.601 | AT12: =(テーブル5[[#This Row],[Q_DNB]]+テーブル5[[#This Row],[xin_nishida]])/テーブル5[[#This Row],[GAHlg]] -> 0.075217854 | AU12: 1.5827953 | AV12: 16 | AW12: 1.145 | AX12: =テーブル5[[#This Row],[Ts]]-テーブル5[[#This Row],[Tin]] -> 20.883807 | AY12: 121382.95 | AZ12: =テーブル5[[#This Row],[Hsub]]/1000 -> 121.38295
A13: ='TEST SECTION NUMBER 108'!$C$2 -> 108 | B13: ='TEST SECTION NUMBER 108'!I9 -> 8 | C13: ='TEST SECTION NUMBER 108'!K9 -> 1815 | D13: ='TEST SECTION NUMBER 108'!Q9 -> 70 | E13: ='TEST SECTION NUMBER 108'!M9 -> 3.552 | F13: ='TEST SECTION NUMBER 108'!L9 -> 579 | G13: ='TEST SECTION NUMBER 108'!G9 -> 0.98770384 | H13: ='TEST SECTION NUMBER 108'!$C$4 -> 0.555 | I13: ='TEST SECTION NUMBER 108'!$C$6 -> 0.422 | K13: =B13 -> 8 | L13: =C13*6894.757 -> 12513984 | M13: ='TEST SECTION NUMBER 108'!P9*0.0254 -> 2.4384 | N13: ='TEST SECTION NUMBER 108'!$C$4*0.0254 -> 0.014097 | O13: ='TEST SECTION NUMBER 108'!$C$6*0.0254 -> 0.0107188 | P13: =N13^2-PI()*(O13/2)^2 -> 0.00010848891 | Q13: =O13*PI() -> 0.033674103 | R13: ='TEST SECTION NUMBER 108'!$C$4^2-PI()*(('TEST SECTION NUMBER 108'!$C$6)^2)/4 -> 0.16815815 | S13: =PI()*'TEST SECTION NUMBER 108'!$C$6 -> 1.3257521 | T13: =D13*0.0254 -> 1.778 | U13: =E13*10^6*0.001356 -> 4816.512 | V13: =(F13 - 32) * 5/9 + 273.15 -> 577.03889 | W13: =G13*3.1546 -> 3.1158105 | Y13: =R13*0.0254^2 -> 0.00010848891 | Z13: =S13*0.0254 -> 0.033674103 | AA13: =V13 -> 577.03889 | AB13: 8 | AC13: =U13 -> 4816.512 | AD13: =Y13 -> 0.00010848891 | AE13: 1161846.5 | AF13: 601.04947 | AG13: =単位換算108!AA13 -> 577.03889 | AH13: 7027.4336 | AI13: 5687.325 | AJ13: =(テーブル5[[#This Row],[CPL_Ts]]+テーブル5[[#This Row],[CPL_Tin]])/2 -> 6357.3793 | AK13: ='TEST SECTION NUMBER 108'!N9*3.1546 -> 1.719257 | AL13: =PI()*O13*16*M13 -> 1.3137749 | AM13: =テーブル5[[#This Row],[Q_AVE]]*テーブル5[[#This Row],[A_htr]] -> 2.2587168 | AN13: =テーブル5[[#This Row],[DNB位置の半径方向出力]]/テーブル5[[#This Row],[ロッド数]] -> 0.0715625 | AO13: ='TEST SECTION NUMBER 108'!E9 -> 0.72916667 | AP13: =テーブル5[[#This Row],[Q_all]]*テーブル5[[#This Row],[z_ratio]]*テーブル5[[#This Row],[r_ratio]]*1000000 -> 117862.08 | AQ13: =テーブル5[[#This Row],[Q_AVE]]*テーブル5[[#This Row],[DNB位置の軸方向出力]]*テーブル5[[#This Row],[DNB位置の半径方向出力]] -> 3.1158105 | AR13: =テーブル5[[#This Row],[G]]*テーブル5[[#This Row],[A]]*テーブル5[[#This Row],[Hlg]] -> 607109.15 | AS13: =-テーブル5[[#This Row],[G]]*テーブル5[[#This Row],[A]]*テーブル5[[#This Row],[CPL_ave]]*(テーブル5[[#This Row],[Ts]]-テーブル5[[#This Row],[Tin]]) -> -79762.499 | AT13: =(テーブル5[[#This Row],[Q_DNB]]+テーブル5[[#This Row],[xin_nishida]])/テーブル5[[#This Row],[GAHlg]] -> 0.062755727 | AU13: 1.5827953 | AV13: 16 | AW13: 1.145 | AX13: =テーブル5[[#This Row],[Ts]]-テーブル5[[#This Row],[Tin]] -> 24.010578 | AY13: 149605.79 | AZ13: =テーブル5[[#This Row],[Hsub]]/1000 -> 149.60579
A14: ='TEST SECTION NUMBER 108'!$C$2 -> 108 | B14: ='TEST SECTION NUMBER 108'!I10 -> 9 | C14: ='TEST SECTION NUMBER 108'!K10 -> 1825 | D14: ='TEST SECTION NUMBER 108'!Q10 -> 70 | E14: ='TEST SECTION NUMBER 108'!M10 -> 1.907 | F14: ='TEST SECTION NUMBER 108'!L10 -> 500 | G14: ='TEST SECTION NUMBER 108'!G10 -> 1.0203252 | H14: ='TEST SECTION NUMBER 108'!$C$4 -> 0.555 | I14: ='TEST SECTION NUMBER 108'!$C$6 -> 0.422 | K14: =B14 -> 9 | L14: =C14*6894.757 -> 12582932 | M14: ='TEST SECTION NUMBER 108'!P10*0.0254 -> 2.4384 | N14: ='TEST SECTION NUMBER 108'!$C$4*0.0254 -> 0.014097 | O14: ='TEST SECTION NUMBER 108'!$C$6*0.0254 -> 0.0107188 | P14: =N14^2-PI()*(O14/2)^2 -> 0.00010848891 | Q14: =O14*PI() -> 0.033674103 | R14: ='TEST SECTION NUMBER 108'!$C$4^2-PI()*(('TEST SECTION NUMBER 108'!$C$6)^2)/4 -> 0.16815815 | S14: =PI()*'TEST SECTION NUMBER 108'!$C$6 -> 1.3257521 | T14: =D14*0.0254 -> 1.778 | U14: =E14*10^6*0.001356 -> 2585.892 | V14: =(F14 - 32) * 5/9 + 273.15 -> 533.15 | W14: =G14*3.1546 -> 3.218718 | Y14: =R14*0.0254^2 -> 0.00010848891 | Z14: =S14*0.0254 -> 0.033674103 | AA14: =V14 -> 533.15 | AB14: 9 | AC14: =U14 -> 2585.892 | AD14: =Y14 -> 0.00010848891 | AE14: 1157513.2 | AF14: 601.47401 | AG14: =単位換算108!AA14 -> 533.15 | AH14: 7058.4029 | AI14: 4865.5331 | AJ14: =(テーブル5[[#This Row],[CPL_Ts]]+テーブル5[[#This Row],[CPL_Tin]])/2 -> 5961.968 | AK14: ='TEST SECTION NUMBER 108'!N10*3.1546 -> 1.7760398 | AL14: =PI()*O14*16*M14 -> 1.3137749 | AM14: =テーブル5[[#This Row],[Q_AVE]]*テーブル5[[#This Row],[A_htr]] -> 2.3333166 | AN14: =テーブル5[[#This Row],[DNB位置の半径方向出力]]/テーブル5[[#This Row],[ロッド数]] -> 0.0715625 | AO14: ='TEST SECTION NUMBER 108'!E10 -> 0.72916667 | AP14: =テーブル5[[#This Row],[Q_all]]*テーブル5[[#This Row],[z_ratio]]*テーブル5[[#This Row],[r_ratio]]*1000000 -> 121754.77 | AQ14: =テーブル5[[#This Row],[Q_AVE]]*テーブル5[[#This Row],[DNB位置の軸方向出力]]*テーブル5[[#This Row],[DNB位置の半径方向出力]] -> 3.218718 | AR14: =テーブル5[[#This Row],[G]]*テーブル5[[#This Row],[A]]*テーブル5[[#This Row],[Hlg]] -> 324729.46 | AS14: =-テーブル5[[#This Row],[G]]*テーブル5[[#This Row],[A]]*テーブル5[[#This Row],[CPL_ave]]*(テーブル5[[#This Row],[Ts]]-テーブル5[[#This Row],[Tin]]) -> -114276.98 | AT14: =(テーブル5[[#This Row],[Q_DNB]]+テーブル5[[#This Row],[xin_nishida]])/テーブル5[[#This Row],[GAHlg]] -> 0.02302775 | AU14: 1.5827953 | AV14: 16 | AW14: 1.145 | AX14: =テーブル5[[#This Row],[Ts]]-テーブル5[[#This Row],[Tin]] -> 68.324013 | AY14: 380825.21 | AZ14: =テーブル5[[#This Row],[Hsub]]/1000 -> 380.82521
A15: ='TEST SECTION NUMBER 108'!$C$2 -> 108 | B15: ='TEST SECTION NUMBER 108'!I11 -> 10 | C15: ='TEST SECTION NUMBER 108'!K11 -> 1515 | D15: ='TEST SECTION NUMBER 108'!Q11 -> 70 | E15: ='TEST SECTION NUMBER 108'!M11 -> 3.604 | F15: ='TEST SECTION NUMBER 108'!L11 -> 545 | G15: ='TEST SECTION NUMBER 108'!G11 -> 1.0493221 | H15: ='TEST SECTION NUMBER 108'!$C$4 -> 0.555 | I15: ='TEST SECTION NUMBER 108'!$C$6 -> 0.422 | K15: =B15 -> 10 | L15: =C15*6894.757 -> 10445557 | M15: ='TEST SECTION NUMBER 108'!P11*0.0254 -> 2.4384 | N15: ='TEST SECTION NUMBER 108'!$C$4*0.0254 -> 0.014097 | O15: ='TEST SECTION NUMBER 108'!$C$6*0.0254 -> 0.0107188 | P15: =N15^2-PI()*(O15/2)^2 -> 0.00010848891 | Q15: =O15*PI() -> 0.033674103 | R15: ='TEST SECTION NUMBER 108'!$C$4^2-PI()*(('TEST SECTION NUMBER 108'!$C$6)^2)/4 -> 0.16815815 | S15: =PI()*'TEST SECTION NUMBER 108'!$C$6 -> 1.3257521 | T15: =D15*0.0254 -> 1.778 | U15: =E15*10^6*0.001356 -> 4887.024 | V15: =(F15 - 32) * 5/9 + 273.15 -> 558.15 | W15: =G15*3.1546 -> 3.3101914 | Y15: =R15*0.0254^2 -> 0.00010848891 | Z15: =S15*0.0254 -> 0.033674103 | AA15: =V15 -> 558.15 | AB15: 10 | AC15: =U15 -> 4887.024 | AD15: =Y15 -> 0.00010848891 | AE15: 1290031.6 | AF15: 587.36714 | AG15: =単位換算108!AA15 -> 558.15 | AH15: 6257.8914 | AI15: 5280.7462 | AJ15: =(テーブル5[[#This Row],[CPL_Ts]]+テーブル5[[#This Row],[CPL_Tin]])/2 -> 5769.3188 | AK15: ='TEST SECTION NUMBER 108'!N11*3.1546 -> 1.8265134 | AL15: =PI()*O15*16*M15 -> 1.3137749 | AM15: =テーブル5[[#This Row],[Q_AVE]]*テーブル5[[#This Row],[A_htr]] -> 2.3996275 | AN15: =テーブル5[[#This Row],[DNB位置の半径方向出力]]/テーブル5[[#This Row],[ロッド数]] -> 0.0715625 | AO15: ='TEST SECTION NUMBER 108'!E11 -> 0.72916667 | AP15: =テーブル5[[#This Row],[Q_all]]*テーブル5[[#This Row],[z_ratio]]*テーブル5[[#This Row],[r_ratio]]*1000000 -> 125214.94 | AQ15: =テーブル5[[#This Row],[Q_AVE]]*テーブル5[[#This Row],[DNB位置の軸方向出力]]*テーブル5[[#This Row],[DNB位置の半径方向出力]] -> 3.3101914 | AR15: =テーブル5[[#This Row],[G]]*テーブル5[[#This Row],[A]]*テーブル5[[#This Row],[Hlg]] -> 683959.17 | AS15: =-テーブル5[[#This Row],[G]]*テーブル5[[#This Row],[A]]*テーブル5[[#This Row],[CPL_ave]]*(テーブル5[[#This Row],[Ts]]-テーブル5[[#This Row],[Tin]]) -> -89370.066 | AT15: =(テーブル5[[#This Row],[Q_DNB]]+テーブル5[[#This Row],[xin_nishida]])/テーブル5[[#This Row],[GAHlg]] -> 0.052407913 | AU15: 1.5827953 | AV15: 16 | AW15: 1.145 | AX15: =テーブル5[[#This Row],[Ts]]-テーブル5[[#This Row],[Tin]] -> 29.217141 | AY15: 166149.45 | AZ15: =テーブル5[[#This Row],[Hsub]]/1000 -> 166.14945
A16: ='TEST SECTION NUMBER 108'!$C$2 -> 108 | B16: ='TEST SECTION NUMBER 108'!I12 -> 11 | C16: ='TEST SECTION NUMBER 108'!K12 -> 1515 | D16: ='TEST SECTION NUMBER 108'!Q12 -> 70 | E16: ='TEST SECTION NUMBER 108'!M12 -> 2.48 | F16: ='TEST SECTION NUMBER 108'!L12 -> 482 | G16: ='TEST SECTION NUMBER 108'!G12 -> 1.2033676 | H16: ='TEST SECTION NUMBER 108'!$C$4 -> 0.555 | I16: ='TEST SECTION NUMBER 108'!$C$6 -> 0.422 | K16: =B16 -> 11 | L16: =C16*6894.757 -> 10445557 | M16: ='TEST SECTION NUMBER 108'!P12*0.0254 -> 2.4384 | N16: ='TEST SECTION NUMBER 108'!$C$4*0.0254 -> 0.014097 | O16: ='TEST SECTION NUMBER 108'!$C$6*0.0254 -> 0.0107188 | P16: =N16^2-PI()*(O16/2)^2 -> 0.00010848891 | Q16: =O16*PI() -> 0.033674103 | R16: ='TEST SECTION NUMBER 108'!$C$4^2-PI()*(('TEST SECTION NUMBER 108'!$C$6)^2)/4 -> 0.16815815 | S16: =PI()*'TEST SECTION NUMBER 108'!$C$6 -> 1.3257521 | T16: =D16*0.0254 -> 1.778 | U16: =E16*10^6*0.001356 -> 3362.88 | V16: =(F16 - 32) * 5/9 + 273.15 -> 523.15 | W16: =G16*3.1546 -> 3.7961435 | Y16: =R16*0.0254^2 -> 0.00010848891 | Z16: =S16*0.0254 -> 0.033674103 | AA16: =V16 -> 523.15 | AB16: 11 | AC16: =U16 -> 3362.88 | AD16: =Y16 -> 0.00010848891 | AE16: 1290031.6 | AF16: 587.36714 | AG16: =単位換算108!AA16 -> 523.15 | AH16: 6257.8914 | AI16: 4788.1266 | AJ16: =(テーブル5[[#This Row],[CPL_Ts]]+テーブル5[[#This Row],[CPL_Tin]])/2 -> 5523.009 | AK16: ='TEST SECTION NUMBER 108'!N12*3.1546 -> 2.0946544 | AL16: =PI()*O16*16*M16 -> 1.3137749 | AM16: =テーブル5[[#This Row],[Q_AVE]]*テーブル5[[#This Row],[A_htr]] -> 2.7519045 | AN16: =テーブル5[[#This Row],[DNB位置の半径方向出力]]/テーブル5[[#This Row],[ロッド数]] -> 0.0715625 | AO16: ='TEST SECTION NUMBER 108'!E12 -> 0.72916667 | AP16: =テーブル5[[#This Row],[Q_all]]*テーブル5[[#This Row],[z_ratio]]*テーブル5[[#This Row],[r_ratio]]*1000000 -> 143597.1 | AQ16: =テーブル5[[#This Row],[Q_AVE]]*テーブル5[[#This Row],[DNB位置の軸方向出力]]*テーブル5[[#This Row],[DNB位置の半径方向出力]] -> 3.7961435 | AR16: =テーブル5[[#This Row],[G]]*テーブル5[[#This Row],[A]]*テーブル5[[#This Row],[Hlg]] -> 470648.93 | AS16: =-テーブル5[[#This Row],[G]]*テーブル5[[#This Row],[A]]*テーブル5[[#This Row],[CPL_ave]]*(テーブル5[[#This Row],[Ts]]-テーブル5[[#This Row],[Tin]]) -> -129396.77 | AT16: =(テーブル5[[#This Row],[Q_DNB]]+テーブル5[[#This Row],[xin_nishida]])/テーブル5[[#This Row],[GAHlg]] -> 0.030171799 | AU16: 1.5827953 | AV16: 16 | AW16: 1.145 | AX16: =テーブル5[[#This Row],[Ts]]-テーブル5[[#This Row],[Tin]] -> 64.217141 | AY16: 341316.54 | AZ16: =テーブル5[[#This Row],[Hsub]]/1000 -> 341.31654
A17: ='TEST SECTION NUMBER 108'!$C$2 -> 108 | B17: ='TEST SECTION NUMBER 108'!I13 -> 12 | C17: ='TEST SECTION NUMBER 108'!K13 -> 1545 | D17: ='TEST SECTION NUMBER 108'!Q13 -> 70 | E17: ='TEST SECTION NUMBER 108'!M13 -> 1.97 | F17: ='TEST SECTION NUMBER 108'!L13 -> 466 | G17: ='TEST SECTION NUMBER 108'!G13 -> 1.1055034 | H17: ='TEST SECTION NUMBER 108'!$C$4 -> 0.555 | I17: ='TEST SECTION NUMBER 108'!$C$6 -> 0.422 | K17: =B17 -> 12 | L17: =C17*6894.757 -> 10652400 | M17: ='TEST SECTION NUMBER 108'!P13*0.0254 -> 2.4384 | N17: ='TEST SECTION NUMBER 108'!$C$4*0.0254 -> 0.014097 | O17: ='TEST SECTION NUMBER 108'!$C$6*0.0254 -> 0.0107188 | P17: =N17^2-PI()*(O17/2)^2 -> 0.00010848891 | Q17: =O17*PI() -> 0.033674103 | R17: ='TEST SECTION NUMBER 108'!$C$4^2-PI()*(('TEST SECTION NUMBER 108'!$C$6)^2)/4 -> 0.16815815 | S17: =PI()*'TEST SECTION NUMBER 108'!$C$6 -> 1.3257521 | T17: =D17*0.0254 -> 1.778 | U17: =E17*10^6*0.001356 -> 2671.32 | V17: =(F17 - 32) * 5/9 + 273.15 -> 514.26111 | W17: =G17*3.1546 -> 3.487421 | Y17: =R17*0.0254^2 -> 0.00010848891 | Z17: =S17*0.0254 -> 0.033674103 | AA17: =V17 -> 514.26111 | AB17: 12 | AC17: =U17 -> 2671.32 | AD17: =Y17 -> 0.00010848891 | AE17: 1277308 | AF17: 588.82589 | AG17: =単位換算108!AA17 -> 514.26111 | AH17: 6323.3616 | AI17: 4705.0513 | AJ17: =(テーブル5[[#This Row],[CPL_Ts]]+テーブル5[[#This Row],[CPL_Tin]])/2 -> 5514.2064 | AK17: ='TEST SECTION NUMBER 108'!N13*3.1546 -> 1.924306 | AL17: =PI()*O17*16*M17 -> 1.3137749 | AM17: =テーブル5[[#This Row],[Q_AVE]]*テーブル5[[#This Row],[A_htr]] -> 2.528105 | AN17: =テーブル5[[#This Row],[DNB位置の半径方向出力]]/テーブル5[[#This Row],[ロッド数]] -> 0.0715625 | AO17: ='TEST SECTION NUMBER 108'!E13 -> 0.72916667 | AP17: =テーブル5[[#This Row],[Q_all]]*テーブル5[[#This Row],[z_ratio]]*テーブル5[[#This Row],[r_ratio]]*1000000 -> 131919.02 | AQ17: =テーブル5[[#This Row],[Q_AVE]]*テーブル5[[#This Row],[DNB位置の軸方向出力]]*テーブル5[[#This Row],[DNB位置の半径方向出力]] -> 3.487421 | AR17: =テーブル5[[#This Row],[G]]*テーブル5[[#This Row],[A]]*テーブル5[[#This Row],[Hlg]] -> 370174.86 | AS17: =-テーブル5[[#This Row],[G]]*テーブル5[[#This Row],[A]]*テーブル5[[#This Row],[CPL_ave]]*(テーブル5[[#This Row],[Ts]]-テーブル5[[#This Row],[Tin]]) -> -119159.32 | AT17: =(テーブル5[[#This Row],[Q_DNB]]+テーブル5[[#This Row],[xin_nishida]])/テーブル5[[#This Row],[GAHlg]] -> 0.034469377 | AU17: 1.5827953 | AV17: 16 | AW17: 1.145 | AX17: =テーブル5[[#This Row],[Ts]]-テーブル5[[#This Row],[Tin]] -> 74.564778 | AY17: 392225.75 | AZ17: =テーブル5[[#This Row],[Hsub]]/1000 -> 392.22575
... A34: ='TEST SECTION NUMBER 108'!$C$2 -> 108 | B34: ='TEST SECTION NUMBER 108'!I30 -> 29 | C34: ='TEST SECTION NUMBER 108'!K30 -> 2415 | D34: ='TEST SECTION NUMBER 108'!Q30 -> 70 | E34: ='TEST SECTION NUMBER 108'!M30 -> 3.557 | F34: ='TEST SECTION NUMBER 108'!L30 -> 627 | G34: ='TEST SECTION NUMBER 108'!G30 -> 0.90977491 | H34: ='TEST SECTION NUMBER 108'!$C$4 -> 0.555 | I34: ='TEST SECTION NUMBER 108'!$C$6 -> 0.422 | K34: =B34 -> 29 | L34: =C34*6894.757 -> 16650838 | M34: ='TEST SECTION NUMBER 108'!P30*0.0254 -> 2.4384 | N34: ='TEST SECTION NUMBER 108'!$C$4*0.0254 -> 0.014097 | O34: ='TEST SECTION NUMBER 108'!$C$6*0.0254 -> 0.0107188 | P34: =N34^2-PI()*(O34/2)^2 -> 0.00010848891 | Q34: =O34*PI() -> 0.033674103 | R34: ='TEST SECTION NUMBER 108'!$C$4^2-PI()*(('TEST SECTION NUMBER 108'!$C$6)^2)/4 -> 0.16815815 | S34: =PI()*'TEST SECTION NUMBER 108'!$C$6 -> 1.3257521 | T34: =D34*0.0254 -> 1.778 | U34: =E34*10^6*0.001356 -> 4823.292 | V34: =(F34 - 32) * 5/9 + 273.15 -> 603.70556 | W34: =G34*3.1546 -> 2.8699759 | Y34: =R34*0.0254^2 -> 0.00010848891 | Z34: =S34*0.0254 -> 0.033674103 | AA34: =V34 -> 603.70556 | AB34: 29 | AC34: =U34 -> 4823.292 | AD34: =Y34 -> 0.00010848891 | AE34: 883760.41 | AF34: 623.74675 | AG34: =単位換算108!AA34 -> 603.70556 | AH34: 10285.201 | AI34: 6645.7524 | AJ34: =(テーブル5[[#This Row],[CPL_Ts]]+テーブル5[[#This Row],[CPL_Tin]])/2 -> 8465.4768 | AK34: ='TEST SECTION NUMBER 108'!N30*3.1546 -> 1.5836092 | AL34: =PI()*O34*16*M34 -> 1.3137749 | AM34: =テーブル5[[#This Row],[Q_AVE]]*テーブル5[[#This Row],[A_htr]] -> 2.0805061 | AN34: =テーブル5[[#This Row],[DNB位置の半径方向出力]]/テーブル5[[#This Row],[ロッド数]] -> 0.0715625 | AO34: ='TEST SECTION NUMBER 108'!E30 -> 0.72916667 | AP34: =テーブル5[[#This Row],[Q_all]]*テーブル5[[#This Row],[z_ratio]]*テーブル5[[#This Row],[r_ratio]]*1000000 -> 108562.87 | AQ34: =テーブル5[[#This Row],[Q_AVE]]*テーブル5[[#This Row],[DNB位置の軸方向出力]]*テーブル5[[#This Row],[DNB位置の半径方向出力]] -> 2.8699759 | AR34: =テーブル5[[#This Row],[G]]*テーブル5[[#This Row],[A]]*テーブル5[[#This Row],[Hlg]] -> 462448.59 | AS34: =-テーブル5[[#This Row],[G]]*テーブル5[[#This Row],[A]]*テーブル5[[#This Row],[CPL_ave]]*(テーブル5[[#This Row],[Ts]]-テーブル5[[#This Row],[Tin]]) -> -88777.699 | AT34: =(テーブル5[[#This Row],[Q_DNB]]+テーブル5[[#This Row],[xin_nishida]])/テーブル5[[#This Row],[GAHlg]] -> 0.042783495 | AU34: 1.5827953 | AV34: 16 | AW34: 1.145 | AX34: =テーブル5[[#This Row],[Ts]]-テーブル5[[#This Row],[Tin]] -> 20.041192 | AY34: 158074.91 | AZ34: =テーブル5[[#This Row],[Hsub]]/1000 -> 158.07491
Y35: =R35*0.0254^2 -> 0 | AN35: =テーブル5[[#This Row],[DNB位置の半径方向出力]]/テーブル5[[#This Row],[ロッド数]] -> #DIV/0! | AQ35: =テーブル5[[#This Row],[Q_AVE]]*テーブル5[[#This Row],[DNB位置の軸方向出力]]*テーブル5[[#This Row],[DNB位置の半径方向出力]] -> 0 | AX35: =テーブル5[[#This Row],[Ts]]-テーブル5[[#This Row],[Tin]] -> 0 | AY35: #VALUE! | AZ35: =テーブル5[[#This Row],[Hsub]]/1000 -> #VALUE!
Y36: =R36*0.0254^2 -> 0
Y37: =R37*0.0254^2 -> 0
Y38: =R38*0.0254^2 -> 0
Y39: =R39*0.0254^2 -> 0
Y40: =R40*0.0254^2 -> 0
Y41: =R41*0.0254^2 -> 0
Y42: =R42*0.0254^2 -> 0
Y43: =R43*0.0254^2 -> 0
Y44: =R44*0.0254^2 -> 0
Y45: =R45*0.0254^2 -> 0
Q56: =0.014097^2-PI()*0.5*0.5*0.0107188^2 -> 0.00010848891

Sheet 非一様加熱を一様加熱に補正108
A1: 出力分布のX軸 | B1: 全長96inを掛ける | C1: 出力分布のY軸 | E1: A列：z[m] | F1: B列：q'' [MW/m²] | G1: C列：Δz | H1: D列：平均出力 | I1: E列：Δ出力 | K1: TEST_No | L1: q"eq
A2: 0 | B2: =A2*96*0.0254 -> 0 | C2: 0.358 | E2: =A2 -> 0 | F2: =C2 -> 0.358 | G2: =E3-テーブル13[[#This Row],[A列：z'[m']]] -> 0.052 | H2: =(F2+F3)/2 -> 0.3585 | I2: =テーブル13[[#This Row],[C列：Δz]]*テーブル13[[#This Row],[D列：平均出力]] -> 0.018642 | K2: 70in | L2: =SUM(I2:I21) -> 0.755174
A3: 0.052 | B3: =A3*96*0.0254 -> 0.1267968 | C3: 0.359 | D3: 半径方向の出力 | E3: =A3 -> 0.052 | F3: =C3 -> 0.359 | G3: =E4-テーブル13[[#This Row],[A列：z'[m']]] -> 0.052 | H3: =(F3+F4)/2 -> 0.3795 | I3: =テーブル13[[#This Row],[C列：Δz]]*テーブル13[[#This Row],[D列：平均出力]] -> 0.019734
A4: 0.104 | B4: =A4*96*0.0254 -> 0.2535936 | C4: 0.4 | D4: 1.145 | E4: =A4 -> 0.104 | F4: =C4 -> 0.4 | G4: =E5-テーブル13[[#This Row],[A列：z'[m']]] -> 0.052 | H4: =(F4+F5)/2 -> 0.429 | I4: =テーブル13[[#This Row],[C列：Δz]]*テーブル13[[#This Row],[D列：平均出力]] -> 0.022308 | K4: 76in | L4: =SUM(I2:I23) -> 0.862749
A5: 0.156 | B5: =A5*96*0.0254 -> 0.3803904 | C5: 0.458 | E5: =A5 -> 0.156 | F5: =C5 -> 0.458 | G5: =E6-テーブル13[[#This Row],[A列：z'[m']]] -> 0.052 | H5: =(F5+F6)/2 -> 0.5125 | I5: =テーブル13[[#This Row],[C列：Δz]]*テーブル13[[#This Row],[D列：平均出力]] -> 0.02665
A6: 0.208 | B6: =A6*96*0.0254 -> 0.5071872 | C6: 0.567 | E6: =A6 -> 0.208 | F6: =C6 -> 0.567 | G6: =E7-テーブル13[[#This Row],[A列：z'[m']]] -> 0.052 | H6: =(F6+F7)/2 -> 0.625 | I6: =テーブル13[[#This Row],[C列：Δz]]*テーブル13[[#This Row],[D列：平均出力]] -> 0.0325 | K6: 実験値のCHFはDNB位置の値
A7: 0.26 | B7: =A7*96*0.0254 -> 0.633984 | C7: 0.683 | D7: 管長[m] | E7: =A7 -> 0.26 | F7: =C7 -> 0.683 | G7: =E8-テーブル13[[#This Row],[A列：z'[m']]] -> 0.053 | H7: =(F7+F8)/2 -> 0.758 | I7: =テーブル13[[#This Row],[C列：Δz]]*テーブル13[[#This Row],[D列：平均出力]] -> 0.040174
A8: 0.313 | B8: =A8*96*0.0254 -> 0.7632192 | C8: 0.833 | D8: =B21 -> 1.7775936 | E8: =A8 -> 0.313 | F8: =C8 -> 0.833 | G8: =E9-テーブル13[[#This Row],[A列：z'[m']]] -> 0.052 | H8: =(F8+F9)/2 -> 0.9125 | I8: =テーブル13[[#This Row],[C列：Δz]]*テーブル13[[#This Row],[D列：平均出力]] -> 0.04745
A9: 0.365 | B9: =A9*96*0.0254 -> 0.890016 | C9: 0.992 | D9: 1.9043904 | E9: =A9 -> 0.365 | F9: =C9 -> 0.992 | G9: =E10-テーブル13[[#This Row],[A列：z'[m']]] -> 0.052 | H9: =(F9+F10)/2 -> 1.0625 | I9: =テーブル13[[#This Row],[C列：Δz]]*テーブル13[[#This Row],[D列：平均出力]] -> 0.05525
A10: 0.417 | B10: =A10*96*0.0254 -> 1.0168128 | C10: 1.133 | D10: 70inと76inの２種類 | E10: =A10 -> 0.417 | F10: =C10 -> 1.133 | G10: =E11-テーブル13[[#This Row],[A列：z'[m']]] -> 0.052 | H10: =(F10+F11)/2 -> 1.1955 | I10: =テーブル13[[#This Row],[C列：Δz]]*テーブル13[[#This Row],[D列：平均出力]] -> 0.062166 | K10: No108はいらない数値を消して見やすくした。20251104
A11: 0.469 | B11: =A11*96*0.0254 -> 1.1436096 | C11: 1.258 | E11: =A11 -> 0.469 | F11: =C11 -> 1.258 | G11: =E12-テーブル13[[#This Row],[A列：z'[m']]] -> 0.026 | H11: =(F11+F12)/2 -> 1.2815 | I11: =テーブル13[[#This Row],[C列：Δz]]*テーブル13[[#This Row],[D列：平均出力]] -> 0.033319
A12: 0.495 | B12: =A12*96*0.0254 -> 1.207008 | C12: 1.305 | E12: =A12 -> 0.495 | F12: =C12 -> 1.305 | G12: =E13-テーブル13[[#This Row],[A列：z'[m']]] -> 0.026 | H12: =(F12+F13)/2 -> 1.3275 | I12: =テーブル13[[#This Row],[C列：Δz]]*テーブル13[[#This Row],[D列：平均出力]] -> 0.034515
A13: 0.521 | B13: =A13*96*0.0254 -> 1.2704064 | C13: 1.35 | E13: =A13 -> 0.521 | F13: =C13 -> 1.35 | G13: =E14-テーブル13[[#This Row],[A列：z'[m']]] -> 0.026 | H13: =(F13+F14)/2 -> 1.38 | I13: =テーブル13[[#This Row],[C列：Δz]]*テーブル13[[#This Row],[D列：平均出力]] -> 0.03588
A14: 0.547 | B14: =A14*96*0.0254 -> 1.3338048 | C14: 1.41 | E14: =A14 -> 0.547 | F14: =C14 -> 1.41 | G14: =E15-テーブル13[[#This Row],[A列：z'[m']]] -> 0.026 | H14: =(F14+F15)/2 -> 1.4385 | I14: =テーブル13[[#This Row],[C列：Δz]]*テーブル13[[#This Row],[D列：平均出力]] -> 0.037401
A15: 0.573 | B15: =A15*96*0.0254 -> 1.3972032 | C15: 1.467 | E15: =A15 -> 0.573 | F15: =C15 -> 1.467 | G15: =E16-テーブル13[[#This Row],[A列：z'[m']]] -> 0.026 | H15: =(F15+F16)/2 -> 1.4945 | I15: =テーブル13[[#This Row],[C列：Δz]]*テーブル13[[#This Row],[D列：平均出力]] -> 0.038857
A16: 0.599 | B16: =A16*96*0.0254 -> 1.4606016 | C16: 1.522 | E16: =A16 -> 0.599 | F16: =C16 -> 1.522 | G16: =E17-テーブル13[[#This Row],[A列：z'[m']]] -> 0.026 | H16: =(F16+F17)/2 -> 1.557 | I16: =テーブル13[[#This Row],[C列：Δz]]*テーブル13[[#This Row],[D列：平均出力]] -> 0.040482
A17: 0.625 | B17: =A17*96*0.0254 -> 1.524 | C17: 1.592 | E17: =A17 -> 0.625 | F17: =C17 -> 1.592 | G17: =E18-テーブル13[[#This Row],[A列：z'[m']]] -> 0.026 | H17: =(F17+F18)/2 -> 1.616 | I17: =テーブル13[[#This Row],[C列：Δz]]*テーブル13[[#This Row],[D列：平均出力]] -> 0.042016
A18: 0.651 | B18: =A18*96*0.0254 -> 1.5873984 | C18: 1.64 | E18: =A18 -> 0.651 | F18: =C18 -> 1.64 | G18: =E19-テーブル13[[#This Row],[A列：z'[m']]] -> 0.026 | H18: =(F18+F19)/2 -> 1.6485 | I18: =テーブル13[[#This Row],[C列：Δz]]*テーブル13[[#This Row],[D列：平均出力]] -> 0.042861
A19: 0.677 | B19: =A19*96*0.0254 -> 1.6507968 | C19: 1.657 | E19: =A19 -> 0.677 | F19: =C19 -> 1.657 | G19: =E20-テーブル13[[#This Row],[A列：z'[m']]] -> 0.026 | H19: =(F19+F20)/2 -> 1.6485 | I19: =テーブル13[[#This Row],[C列：Δz]]*テーブル13[[#This Row],[D列：平均出力]] -> 0.042861
A20: 0.703 | B20: =A20*96*0.0254 -> 1.7141952 | C20: 1.64 | E20: =A20 -> 0.703 | F20: =C20 -> 1.64 | G20: =E21-テーブル13[[#This Row],[A列：z'[m']]] -> 0.026 | H20: =(F20+F21)/2 -> 1.6115 | I20: =テーブル13[[#This Row],[C列：Δz]]*テーブル13[[#This Row],[D列：平均出力]] -> 0.041899
A21: 0.729 | B21: =A21*96*0.0254 -> 1.7775936 | C21: 1.583 | E21: =A21 -> 0.729 | F21: =C21 -> 1.583 | G21: =E22-テーブル13[[#This Row],[A列：z'[m']]] -> 0.026 | H21: =(F21+F22)/2 -> 1.5465 | I21: =テーブル13[[#This Row],[C列：Δz]]*テーブル13[[#This Row],[D列：平均出力]] -> 0.040209
A22: 0.755 | B22: =A22*96*0.0254 -> 1.840992 | C22: 1.51 | E22: =A22 -> 0.755 | F22: =C22 -> 1.51 | G22: =E23-テーブル13[[#This Row],[A列：z'[m']]] -> 0.026 | H22: =(F22+F23)/2 -> 1.4715 | I22: =テーブル13[[#This Row],[C列：Δz]]*テーブル13[[#This Row],[D列：平均出力]] -> 0.038259
... A28: 0.963 | B28: =A28*96*0.0254 -> 2.3481792 | C28: 0.52 | E28: =A28 -> 0.963 | F28: =C28 -> 0.52 | G28: =E29-テーブル13[[#This Row],[A列：z'[m']]] -> 0.037 | H28: =(F28+F29)/2 -> 0.4435 | I28: =テーブル13[[#This Row],[C列：Δz]]*テーブル13[[#This Row],[D列：平均出力]] -> 0.0164095
A29: 1 | B29: =A29*96*0.0254 -> 2.4384 | C29: 0.367 | E29: =A29 -> 1 | F29: =C29 -> 0.367 | G29: 0 | H29: =(F29+F30)/2 -> 0.1835 | I29: =テーブル13[[#This Row],[C列：Δz]]*テーブル13[[#This Row],[D列：平均出力]] -> 0

Sheet TEST SECTION NUMBER 161
A1: X | B1: Y | C1: TEST NUMBER | E1: 正規化座標XCHF | F1: Q(AVE) | G1: qCHF[10⁶ Btu/hr・ft²] | I1: SRL[-] | J1: RUN[-] | K1: PRESS[psia] | L1: TEMP[F] | M1: G(AVE)[106 lbs/hr・ft²] | N1: Q(AVE)[10⁶ Btu/hr・ft²] | O1: CHF RODS[-] | P1: HEATED LENGTH[inch] | Q1: LOCATION OF CHF[inch] | R1: NORMALIZED DISTRIBUTION(Y)
A2: 0 | B2: 1 | C2: 161 | E2: =Q2/P2 -> 0.99702381 | F2: =N2 -> 0.269 | G2: =$C$8*F2*R2 -> 0.296169 | I2: 1 | J2: 1796 | K2: 2115 | L2: 598.4 | M2: 1.998 | N2: 0.269 | O2: 19.1 | P2: 168 | Q2: 167.5 | R2: 1
A3: 0.052 | B3: 1 | C3: PITCH[in] | E3: =Q3/P3 -> 0.99702381 | F3: =N3 -> 0.283 | G3: =$C$8*F3*R3 -> 0.311583 | I3: 2 | J3: 1797 | K3: 2400 | L3: 600.3 | M3: 2.019 | N3: 0.283 | O3: 19.1 | P3: 168 | Q3: 167.5 | R3: 1
A4: 0.104 | B4: 1 | C4: 0.496 | E4: =Q4/P4 -> 0.99702381 | F4: =N4 -> 0.367 | G4: =$C$8*F4*R4 -> 0.404067 | I4: 3 | J4: 1798 | K4: 2400 | L4: 541.9 | M4: 2.014 | N4: 0.367 | O4: 19.1 | P4: 168 | Q4: 167.5 | R4: 1
A5: 0.156 | B5: 1 | C5: ROD OD[in] | E5: =Q5/P5 -> 0.99702381 | F5: =N5 -> 0.34 | G5: =$C$8*F5*R5 -> 0.37434 | I5: 4 | J5: 1799 | K5: 2100 | L5: 543.9 | M5: 1.983 | N5: 0.34 | O5: 19.1 | P5: 168 | Q5: 167.5 | R5: 1
A6: 0.208 | B6: 1 | C6: 0.374 | E6: =Q6/P6 -> 0.99702381 | F6: =N6 -> 0.432 | G6: =$C$8*F6*R6 -> 0.475632 | I6: 6 | J6: 1801 | K6: 2415 | L6: 493.5 | M6: 1.982 | N6: 0.432 | O6: 19.1 | P6: 168 | Q6: 167.5 | R6: 1
A7: 0.26 | B7: 1 | C7: 半径方向の出力分布補正 | E7: =Q7/P7 -> 0.99702381 | F7: =N7 -> 0.506 | G7: =$C$8*F7*R7 -> 0.557106 | I7: 7 | J7: 1802 | K7: 2415 | L7: 448.4 | M7: 2.043 | N7: 0.506 | O7: 19.1 | P7: 168 | Q7: 167.5 | R7: 1
A8: 0.313 | B8: 1 | C8: 1.101 | E8: =Q8/P8 -> 0.99702381 | F8: =N8 -> 0.4 | G8: =$C$8*F8*R8 -> 0.4404 | I8: 8 | J8: 1803 | K8: 2100 | L8: 491.2 | M8: 2.008 | N8: 0.4 | O8: 19.1 | P8: 168 | Q8: 167.5 | R8: 1
A9: 0.365 | B9: 1 | E9: =Q9/P9 -> 0.99702381 | F9: =N9 -> 0.3 | G9: =$C$8*F9*R9 -> 0.3303 | I9: 9 | J9: 1804 | K9: 2100 | L9: 602.8 | M9: 2.474 | N9: 0.3 | O9: 19.1 | P9: 168 | Q9: 167.5 | R9: 1
A10: 0.417 | B10: 1 | E10: =Q10/P10 -> 0.99702381 | F10: =N10 -> 0.329 | G10: =$C$8*F10*R10 -> 0.362229 | I10: 10 | J10: 1805 | K10: 2400 | L10: 601.8 | M10: 2.511 | N10: 0.329 | O10: 19.1 | P10: 168 | Q10: 167.5 | R10: 1
A11: 0.469 | B11: 1 | E11: =Q11/P11 -> 0.99702381 | F11: =N11 -> 0.353 | G11: =$C$8*F11*R11 -> 0.388653 | I11: 11 | J11: 1806 | K11: 2100 | L11: 597.9 | M11: 2.998 | N11: 0.353 | O11: 19.1 | P11: 168 | Q11: 167.5 | R11: 1
A12: 0.495 | B12: 1 | E12: =Q12/P12 -> 0.99702381 | F12: =N12 -> 0.379 | G12: =$C$8*F12*R12 -> 0.417279 | I12: 12 | J12: 1807 | K12: 2400 | L12: 604.2 | M12: 2.998 | N12: 0.379 | O12: 19.1 | P12: 168 | Q12: 167.5 | R12: 1
A13: 0.521 | B13: 1 | E13: =Q13/P13 -> 0.99702381 | F13: =N13 -> 0.291 | G13: =$C$8*F13*R13 -> 0.320391 | I13: 13 | J13: 1808 | K13: 2100 | L13: 539.5 | M13: 1.482 | N13: 0.291 | O13: 19.1 | P13: 168 | Q13: 167.5 | R13: 1
A14: 0.547 | B14: 1 | E14: =Q14/P14 -> 0.99702381 | F14: =N14 -> 0.29 | G14: =$C$8*F14*R14 -> 0.31929 | I14: 14 | J14: 1809 | K14: 2400 | L14: 548.9 | M14: 1.478 | N14: 0.29 | O14: 19.1 | P14: 168 | Q14: 167.5 | R14: 1
A15: 0.573 | B15: 1 | E15: =Q15/P15 -> 0.99702381 | F15: =N15 -> 0.416 | G15: =$C$8*F15*R15 -> 0.458016 | I15: 15 | J15: 1810 | K15: 2400 | L15: 552.4 | M15: 2.504 | N15: 0.416 | O15: 19.1 | P15: 168 | Q15: 167.5 | R15: 1
A16: 0.599 | B16: 1 | E16: =Q16/P16 -> 0.99702381 | F16: =N16 -> 0.378 | G16: =$C$8*F16*R16 -> 0.416178 | I16: 16 | J16: 1811 | K16: 2100 | L16: 555.3 | M16: 2.484 | N16: 0.378 | O16: 19.1 | P16: 168 | Q16: 167.5 | R16: 1
A17: 0.625 | B17: 1 | E17: =Q17/P17 -> 0.99702381 | F17: =N17 -> 0.342 | G17: =$C$8*F17*R17 -> 0.376542 | I17: 17 | J17: 1812 | K17: 2100 | L17: 485.4 | M17: 1.507 | N17: 0.342 | O17: 19.1 | P17: 168 | Q17: 167.5 | R17: 1
A18: 0.651 | B18: 1 | E18: =Q18/P18 -> 0.99702381 | F18: =N18 -> 0.333 | G18: =$C$8*F18*R18 -> 0.366633 | I18: 18 | J18: 1813 | K18: 2400 | L18: 499.9 | M18: 1.449 | N18: 0.333 | O18: 19.1 | P18: 168 | Q18: 167.5 | R18: 1
A19: 0.677 | B19: 1 | E19: =Q19/P19 -> 0.99702381 | F19: =N19 -> 0.392 | G19: =$C$8*F19*R19 -> 0.431592 | I19: 19 | J19: 1814 | K19: 2100 | L19: 429.9 | M19: 1.499 | N19: 0.392 | O19: 19.1 | P19: 168 | Q19: 167.5 | R19: 1
A20: 0.703 | B20: 1 | E20: =Q20/P20 -> 0.99702381 | F20: =N20 -> 0.417 | G20: =$C$8*F20*R20 -> 0.459117 | I20: 20 | J20: 1815 | K20: 2400 | L20: 425.2 | M20: 1.514 | N20: 0.417 | O20: 19.1 | P20: 168 | Q20: 167.5 | R20: 1
... A29: 1 | B29: 1 | E29: =Q29/P29 -> 0.99702381 | F29: =N29 -> 0.397 | G29: =$C$8*F29*R29 -> 0.437097 | I29: 30 | J29: 1825 | K29: 2100 | L29: 572.8 | M29: 2.922 | N29: 0.397 | O29: 19.1 | P29: 168 | Q29: 167.5 | R29: 1
E30: =Q30/P30 -> 0.99702381 | F30: =N30 -> 0.466 | G30: =$C$8*F30*R30 -> 0.513066 | I30: 31 | J30: 1826 | K30: 2100 | L30: 570.6 | M30: 3.497 | N30: 0.466 | O30: 19.1 | P30: 168 | Q30: 167.5 | R30: 1
E31: =Q31/P31 -> 0.99702381 | F31: =N31 -> 0.466 | G31: =$C$8*F31*R31 -> 0.513066 | I31: 32 | J31: 1827 | K31: 2100 | L31: 543.3 | M31: 2.941 | N31: 0.466 | O31: 19.1 | P31: 168 | Q31: 167.5 | R31: 1
E32: =Q32/P32 -> 0.99702381 | F32: =N32 -> 0.463 | G32: =$C$8*F32*R32 -> 0.509763 | I32: 33 | J32: 1828 | K32: 2100 | L32: 503.3 | M32: 2.494 | N32: 0.463 | O32: 19.1 | P32: 168 | Q32: 167.5 | R32: 1
E33: =Q33/P33 -> 0.99702381 | F33: =N33 -> 0.265 | G33: =$C$8*F33*R33 -> 0.291765 | I33: 34 | J33: 1829 | K33: 2105 | L33: 476.9 | M33: 0.992 | N33: 0.265 | O33: 19.1 | P33: 168 | Q33: 167.5 | R33: 1
E34: =Q34/P34 -> 0.99702381 | F34: =N34 -> 0.269 | G34: =$C$8*F34*R34 -> 0.296169 | I34: 35 | J34: 1830 | K34: 2415 | L34: 484.8 | M34: 0.996 | N34: 0.269 | O34: 19.1 | P34: 168 | Q34: 167.5 | R34: 1
E35: =Q35/P35 -> 0.99702381 | F35: =N35 -> 0.456 | G35: =$C$8*F35*R35 -> 0.502056 | I35: 36 | J35: 1831 | K35: 2100 | L35: 459.8 | M35: 2.01 | N35: 0.456 | O35: 19.1 | P35: 168 | Q35: 167.5 | R35: 1
E36: =Q36/P36 -> 0.99702381 | F36: =N36 -> 0.517 | G36: =$C$8*F36*R36 -> 0.569217 | I36: 37 | J36: 1832 | K36: 2100 | L36: 468.9 | M36: 2.467 | N36: 0.517 | O36: 19.1 | P36: 168 | Q36: 167.5 | R36: 1
E37: =Q37/P37 -> 0.99702381 | F37: =N37 -> 0.286 | G37: =$C$8*F37*R37 -> 0.314886 | I37: 38 | J37: 1833 | K37: 2085 | L37: 437.3 | M37: 0.957 | N37: 0.286 | O37: 19.1 | P37: 168 | Q37: 167.5 | R37: 1
E38: =Q38/P38 -> 0.99702381 | F38: =N38 -> 0.3 | G38: =$C$8*F38*R38 -> 0.3303 | I38: 39 | J38: 1834 | K38: 2415 | L38: 433.9 | M38: 0.97 | N38: 0.3 | O38: 19.1 | P38: 168 | Q38: 167.5 | R38: 1
E39: =Q39/P39 -> 0.99702381 | F39: =N39 -> 0.487 | G39: =$C$8*F39*R39 -> 0.536187 | I39: 40 | J39: 1835 | K39: 2100 | L39: 436.8 | M39: 2.038 | N39: 0.487 | O39: 19.1 | P39: 168 | Q39: 167.5 | R39: 1
E40: =Q40/P40 -> 0.99702381 | F40: =N40 -> 0.331 | G40: =$C$8*F40*R40 -> 0.364431 | I40: 41 | J40: 1836 | K40: 2100 | L40: 384.4 | M40: 1.012 | N40: 0.331 | O40: 19.1 | P40: 168 | Q40: 167.5 | R40: 1
E41: =Q41/P41 -> 0.99702381 | F41: =N41 -> 0.34 | G41: =$C$8*F41*R41 -> 0.37434 | I41: 42 | J41: 1837 | K41: 2415 | L41: 382.2 | M41: 1.022 | N41: 0.34 | O41: 19.1 | P41: 168 | Q41: 167.5 | R41: 1
... E51: =Q51/P51 -> 0.99702381 | F51: =N51 -> 0.341 | G51: =$C$8*F51*R51 -> 0.375441 | I51: 70 | J51: 1865 | K51: 2095 | L51: 543.8 | M51: 1.991 | N51: 0.341 | O51: 19.1 | P51: 168 | Q51: 167.5 | R51: 1
A65: 線形補間
A66: X | B66: Y
A67: 0 | B67: 0.358
A68: 0.00010001 | B68: 0.35800192
A69: 0.00020002 | B69: 0.35800385
A70: 0.00030003 | B70: 0.35800577
A71: 0.00040004 | B71: 0.35800769
A72: 0.00050005001 | B72: 0.35800962
A73: 0.00060006001 | B73: 0.35801154
A74: 0.00070007001 | B74: 0.35801346
A75: 0.00080008001 | B75: 0.35801539
A76: 0.00090009001 | B76: 0.35801731
A77: 0.0010001 | B77: 0.35801923
A78: 0.00110011 | B78: 0.35802116
... A10066: 1 | B10066: 0.367

Sheet 単位換算161
Y4: ③Celataの計算に必要な値に変換 | AC4: クオリティの計算 | AK4: 実験値 | AL4: ロッド16本の濡れぶち | AM4: ロッド１６本の全出力 | AN4: ロッドを１本にし、ピークのロッドで考える | AO4: DNB相対位置 | AP4: 総出力をロッド１本、DNB位置までに変換 | AQ4: 検算 これにより、QAVEに半径・軸の相対ピーク値をかけるとCHFになることがわかる
A5: TEST SECTION NUMBER | B5: SRL | C5: PRESSURE (psia) | D5: LENGTH (in.) | E5: MASS VELOCITY × 10⁻⁶ (lb/hr.ft²) | F5: INLET TEMP[F] | G5: BURNOUT HEAT FLUX × 10⁻⁶ (BTU/hr.ft²) | H5: PITCH[in] | I5: ROD OD[in] | K5: 実験番号. | L5: Pin圧力 (Pa) | M5: L_全長[m] | N5: PITCH[m] | O5: ROD OD[m] | P5: 流路断面積[m2] | Q5: 濡れ縁長さ[m] | R5: 流路断面積[in2] | S5: 濡れ縁長さ[in] | T5: 管の長さ (m) | U5: 質量流速[kg/(m²·s)] | V5: 入口温度[K] | W5: CHF [MW/m²] | Y5: 流路断面積 A[m2] | Z5: 濡れ縁長さ[m] | AA5: 入口温度[K] | AC5: G | AD5: A | AE5: Hlg | AF5: Ts | AG5: Tin | AH5: CPL_Ts | AI5: CPL_Tin | AJ5: CPL_ave | AK5: Q_AVE | AL5: A_htr | AM5: Q_all | AN5: r_ratio | AO5: z_ratio | AP5: Q_DNB | AQ5: q_DNB_nishida | AR5: GAHlg | AS5: xin_nishida | AT5: xout_nishida | AU5: DNB位置の軸方向出力 | AV5: ロッド数 | AW5: DNB位置の半径方向出力 | AX5: Tsub | AY5: Hsub | AZ5: Hsub[kJ/kg]
A6: ='TEST SECTION NUMBER 161'!$C$2 -> 161 | B6: ='TEST SECTION NUMBER 161'!I2 -> 1 | C6: ='TEST SECTION NUMBER 161'!K2 -> 2115 | D6: ='TEST SECTION NUMBER 161'!Q2 -> 167.5 | E6: ='TEST SECTION NUMBER 161'!M2 -> 1.998 | F6: ='TEST SECTION NUMBER 161'!L2 -> 598.4 | G6: ='TEST SECTION NUMBER 161'!G2 -> 0.296169 | H6: ='TEST SECTION NUMBER 161'!$C$4 -> 0.496 | I6: ='TEST SECTION NUMBER 161'!$C$6 -> 0.374 | K6: =B6&"_"&テーブル414[[#This Row],[TEST SECTION NUMBER]] -> 1_161 | L6: =C6*6894.757 -> 14582411 | M6: ='TEST SECTION NUMBER 161'!P2*0.0254 -> 4.2672 | N6: ='TEST SECTION NUMBER 161'!$C$4*0.0254 -> 0.0125984 | O6: ='TEST SECTION NUMBER 161'!$C$6*0.0254 -> 0.0094996 | P6: =N6^2-PI()*(O6/2)^2 -> 8.7843467e-05 | Q6: =O6*PI() -> 0.029843874 | R6: ='TEST SECTION NUMBER 161'!$C$4^2-PI()*(('TEST SECTION NUMBER 161'!$C$6)^2)/4 -> 0.13615765 | S6: =PI()*'TEST SECTION NUMBER 161'!$C$6 -> 1.1749557 | T6: =D6*0.0254 -> 4.2545 | U6: =E6*10^6*0.001356 -> 2709.288 | V6: =(F6 - 32) * 5/9 + 273.15 -> 587.81667 | W6: =G6*3.1546 -> 0.93429473 | Y6: =R6*0.0254^2 -> 8.7843467e-05 | Z6: =S6*0.0254 -> 0.029843874 | AA6: =V6 -> 587.81667 | AB6: 1 | AC6: =U6 -> 2709.288 | AD6: =Y6 -> 8.7843467e-05 | AE6: 1028533.1 | AF6: 613.05027 | AG6: =単位換算161!AA6 -> 587.81667 | AH6: 8194.7812 | AI6: 5965.6064 | AJ6: =(テーブル515[[#This Row],[CPL_Ts]]+テーブル515[[#This Row],[CPL_Tin]])/2 -> 7080.1938 | AK6: ='TEST SECTION NUMBER 161'!N2*3.1546 -> 0.8485874 | AL6: =PI()*O6*16*M6 -> 2.0375964 | AM6: =テーブル515[[#This Row],[Q_AVE]]*テーブル515[[#This Row],[A_htr]] -> 1.7290787 | AN6: =テーブル515[[#This Row],[DNB位置の軸方向出力]]/テーブル515[[#This Row],[ロッド数]] -> 0.04 | AO6: ='TEST SECTION NUMBER 161'!E2 -> 0.99702381 | AP6: =テーブル515[[#This Row],[Q_all]]*テーブル515[[#This Row],[z_ratio]]*テーブル515[[#This Row],[r_ratio]]*1000000 -> 68957.304 | AQ6: =テーブル515[[#This Row],[Q_AVE]]*テーブル515[[#This Row],[DNB位置の軸方向出力]]*テーブル515[[#This Row],[DNB位置の半径方向出力]] -> 0.93429473 | AR6: =テーブル515[[#This Row],[G]]*テーブル515[[#This Row],[A]]*テーブル515[[#This Row],[Hlg]] -> 244783.93 | AS6: =-テーブル515[[#This Row],[G]]*テーブル515[[#This Row],[A]]*テーブル515[[#This Row],[CPL_ave]]*(テーブル515[[#This Row],[Ts]]-テーブル515[[#This Row],[Tin]]) -> -42519.589 | AT6: =(テーブル515[[#This Row],[Q_DNB]]+テーブル515[[#This Row],[xin_nishida]])/テーブル515[[#This Row],[GAHlg]] -> 0.10800429 | AU6: 1 | AV6: 25 | AW6: 1.101 | AX6: =テーブル515[[#This Row],[Ts]]-テーブル515[[#This Row],[Tin]] -> 25.233603 | AY6: 171402.51 | AZ6: =テーブル515[[#This Row],[Hsub]]/1000 -> 171.40251
A7: ='TEST SECTION NUMBER 161'!$C$2 -> 161 | B7: ='TEST SECTION NUMBER 161'!I3 -> 2 | C7: ='TEST SECTION NUMBER 161'!K3 -> 2400 | D7: ='TEST SECTION NUMBER 161'!Q3 -> 167.5 | E7: ='TEST SECTION NUMBER 161'!M3 -> 2.019 | F7: ='TEST SECTION NUMBER 161'!L3 -> 600.3 | G7: ='TEST SECTION NUMBER 161'!G3 -> 0.311583 | H7: ='TEST SECTION NUMBER 161'!$C$4 -> 0.496 | I7: ='TEST SECTION NUMBER 161'!$C$6 -> 0.374 | K7: =B7&"_"&テーブル414[[#This Row],[TEST SECTION NUMBER]] -> 2_161 | L7: =C7*6894.757 -> 16547417 | M7: ='TEST SECTION NUMBER 161'!P3*0.0254 -> 4.2672 | N7: ='TEST SECTION NUMBER 161'!$C$4*0.0254 -> 0.0125984 | O7: ='TEST SECTION NUMBER 161'!$C$6*0.0254 -> 0.0094996 | P7: =N7^2-PI()*(O7/2)^2 -> 8.7843467e-05 | Q7: =O7*PI() -> 0.029843874 | R7: ='TEST SECTION NUMBER 161'!$C$4^2-PI()*(('TEST SECTION NUMBER 161'!$C$6)^2)/4 -> 0.13615765 | S7: =PI()*'TEST SECTION NUMBER 161'!$C$6 -> 1.1749557 | T7: =D7*0.0254 -> 4.2545 | U7: =E7*10^6*0.001356 -> 2737.764 | V7: =(F7 - 32) * 5/9 + 273.15 -> 588.87222 | W7: =G7*3.1546 -> 0.98291973 | Y7: =R7*0.0254^2 -> 8.7843467e-05 | Z7: =S7*0.0254 -> 0.029843874 | AA7: =V7 -> 588.87222 | AB7: 2 | AC7: =U7 -> 2737.764 | AD7: =Y7 -> 8.7843467e-05 | AE7: 891419.3 | AF7: 623.2387 | AG7: =単位換算161!AA7 -> 588.87222 | AH7: 10140.552 | AI7: 5886.1688 | AJ7: =(テーブル515[[#This Row],[CPL_Ts]]+テーブル515[[#This Row],[CPL_Tin]])/2 -> 8013.3602 | AK7: ='TEST SECTION NUMBER 161'!N3*3.1546 -> 0.8927518 | AL7: =PI()*O7*16*M7 -> 2.0375964 | AM7: =テーブル515[[#This Row],[Q_AVE]]*テーブル515[[#This Row],[A_htr]] -> 1.8190679 | AN7: =テーブル515[[#This Row],[DNB位置の軸方向出力]]/テーブル515[[#This Row],[ロッド数]] -> 0.04 | AO7: ='TEST SECTION NUMBER 161'!E3 -> 0.99702381 | AP7: =テーブル515[[#This Row],[Q_all]]*テーブル515[[#This Row],[z_ratio]]*テーブル515[[#This Row],[r_ratio]]*1000000 -> 72546.16 | AQ7: =テーブル515[[#This Row],[Q_AVE]]*テーブル515[[#This Row],[DNB位置の軸方向出力]]*テーブル515[[#This Row],[DNB位置の半径方向出力]] -> 0.98291973 | AR7: =テーブル515[[#This Row],[G]]*テーブル515[[#This Row],[A]]*テーブル515[[#This Row],[Hlg]] -> 214381.6 | AS7: =-テーブル515[[#This Row],[G]]*テーブル515[[#This Row],[A]]*テーブル515[[#This Row],[CPL_ave]]*(テーブル515[[#This Row],[Ts]]-テーブル515[[#This Row],[Tin]]) -> -66230.066 | AT7: =(テーブル515[[#This Row],[Q_DNB]]+テーブル515[[#This Row],[xin_nishida]])/テーブル515[[#This Row],[GAHlg]] -> 0.029461923 | AU7: 1 | AV7: 25 | AW7: 1.101 | AX7: =テーブル515[[#This Row],[Ts]]-テーブル515[[#This Row],[Tin]] -> 34.366479 | AY7: 246025.87 | AZ7: =テーブル515[[#This Row],[Hsub]]/1000 -> 246.02587
A8: ='TEST SECTION NUMBER 161'!$C$2 -> 161 | B8: ='TEST SECTION NUMBER 161'!I4 -> 3 | C8: ='TEST SECTION NUMBER 161'!K4 -> 2400 | D8: ='TEST SECTION NUMBER 161'!Q4 -> 167.5 | E8: ='TEST SECTION NUMBER 161'!M4 -> 2.014 | F8: ='TEST SECTION NUMBER 161'!L4 -> 541.9 | G8: ='TEST SECTION NUMBER 161'!G4 -> 0.404067 | H8: ='TEST SECTION NUMBER 161'!$C$4 -> 0.496 | I8: ='TEST SECTION NUMBER 161'!$C$6 -> 0.374 | K8: =B8&"_"&テーブル414[[#This Row],[TEST SECTION NUMBER]] -> 3_161 | L8: =C8*6894.757 -> 16547417 | M8: ='TEST SECTION NUMBER 161'!P4*0.0254 -> 4.2672 | N8: ='TEST SECTION NUMBER 161'!$C$4*0.0254 -> 0.0125984 | O8: ='TEST SECTION NUMBER 161'!$C$6*0.0254 -> 0.0094996 | P8: =N8^2-PI()*(O8/2)^2 -> 8.7843467e-05 | Q8: =O8*PI() -> 0.029843874 | R8: ='TEST SECTION NUMBER 161'!$C$4^2-PI()*(('TEST SECTION NUMBER 161'!$C$6)^2)/4 -> 0.13615765 | S8: =PI()*'TEST SECTION NUMBER 161'!$C$6 -> 1.1749557 | T8: =D8*0.0254 -> 4.2545 | U8: =E8*10^6*0.001356 -> 2730.984 | V8: =(F8 - 32) * 5/9 + 273.15 -> 556.42778 | W8: =G8*3.1546 -> 1.2746698 | Y8: =R8*0.0254^2 -> 8.7843467e-05 | Z8: =S8*0.0254 -> 0.029843874 | AA8: =V8 -> 556.42778 | AB8: 3 | AC8: =U8 -> 2730.984 | AD8: =Y8 -> 8.7843467e-05 | AE8: 891419.3 | AF8: 623.2387 | AG8: =単位換算161!AA8 -> 556.42778 | AH8: 10140.552 | AI8: 5105.0387 | AJ8: =(テーブル515[[#This Row],[CPL_Ts]]+テーブル515[[#This Row],[CPL_Tin]])/2 -> 7622.7952 | AK8: ='TEST SECTION NUMBER 161'!N4*3.1546 -> 1.1577382 | AL8: =PI()*O8*16*M8 -> 2.0375964 | AM8: =テーブル515[[#This Row],[Q_AVE]]*テーブル515[[#This Row],[A_htr]] -> 2.3590032 | AN8: =テーブル515[[#This Row],[DNB位置の軸方向出力]]/テーブル515[[#This Row],[ロッド数]] -> 0.04 | AO8: ='TEST SECTION NUMBER 161'!E4 -> 0.99702381 | AP8: =テーブル515[[#This Row],[Q_all]]*テーブル515[[#This Row],[z_ratio]]*テーブル515[[#This Row],[r_ratio]]*1000000 -> 94079.296 | AQ8: =テーブル515[[#This Row],[Q_AVE]]*テーブル515[[#This Row],[DNB位置の軸方向出力]]*テーブル515[[#This Row],[DNB位置の半径方向出力]] -> 1.2746698 | AR8: =テーブル515[[#This Row],[G]]*テーブル515[[#This Row],[A]]*テーブル515[[#This Row],[Hlg]] -> 213850.69 | AS8: =-テーブル515[[#This Row],[G]]*テーブル515[[#This Row],[A]]*テーブル515[[#This Row],[CPL_ave]]*(テーブル515[[#This Row],[Ts]]-テーブル515[[#This Row],[Tin]]) -> -122177.25 | AT8: =(テーブル515[[#This Row],[Q_DNB]]+テーブル515[[#This Row],[xin_nishida]])/テーブル515[[#This Row],[GAHlg]] -> -0.13139053 | AU8: 1 | AV8: 25 | AW8: 1.101 | AX8: =テーブル515[[#This Row],[Ts]]-テーブル515[[#This Row],[Tin]] -> 66.810924 | AY8: 422470.33 | AZ8: =テーブル515[[#This Row],[Hsub]]/1000 -> 422.47033
A9: ='TEST SECTION NUMBER 161'!$C$2 -> 161 | B9: ='TEST SECTION NUMBER 161'!I5 -> 4 | C9: ='TEST SECTION NUMBER 161'!K5 -> 2100 | D9: ='TEST SECTION NUMBER 161'!Q5 -> 167.5 | E9: ='TEST SECTION NUMBER 161'!M5 -> 1.983 | F9: ='TEST SECTION NUMBER 161'!L5 -> 543.9 | G9: ='TEST SECTION NUMBER 161'!G5 -> 0.37434 | H9: ='TEST SECTION NUMBER 161'!$C$4 -> 0.496 | I9: ='TEST SECTION NUMBER 161'!$C$6 -> 0.374 | K9: =B9&"_"&テーブル414[[#This Row],[TEST SECTION NUMBER]] -> 4_161 | L9: =C9*6894.757 -> 14478990 | M9: ='TEST SECTION NUMBER 161'!P5*0.0254 -> 4.2672 | N9: ='TEST SECTION NUMBER 161'!$C$4*0.0254 -> 0.0125984 | O9: ='TEST SECTION NUMBER 161'!$C$6*0.0254 -> 0.0094996 | P9: =N9^2-PI()*(O9/2)^2 -> 8.7843467e-05 | Q9: =O9*PI() -> 0.029843874 | R9: ='TEST SECTION NUMBER 161'!$C$4^2-PI()*(('TEST SECTION NUMBER 161'!$C$6)^2)/4 -> 0.13615765 | S9: =PI()*'TEST SECTION NUMBER 161'!$C$6 -> 1.1749557 | T9: =D9*0.0254 -> 4.2545 | U9: =E9*10^6*0.001356 -> 2688.948 | V9: =(F9 - 32) * 5/9 + 273.15 -> 557.53889 | W9: =G9*3.1546 -> 1.180893 | Y9: =R9*0.0254^2 -> 8.7843467e-05 | Z9: =S9*0.0254 -> 0.029843874 | AA9: =V9 -> 557.53889 | AB9: 4 | AC9: =U9 -> 2688.948 | AD9: =Y9 -> 8.7843467e-05 | AE9: 1035404.6 | AF9: 612.4837 | AG9: =単位換算161!AA9 -> 557.53889 | AH9: 8121.4607 | AI9: 5168.2595 | AJ9: =(テーブル515[[#This Row],[CPL_Ts]]+テーブル515[[#This Row],[CPL_Tin]])/2 -> 6644.8601 | AK9: ='TEST SECTION NUMBER 161'!N5*3.1546 -> 1.072564 | AL9: =PI()*O9*16*M9 -> 2.0375964 | AM9: =テーブル515[[#This Row],[Q_AVE]]*テーブル515[[#This Row],[A_htr]] -> 2.1854526 | AN9: =テーブル515[[#This Row],[DNB位置の軸方向出力]]/テーブル515[[#This Row],[ロッド数]] -> 0.04 | AO9: ='TEST SECTION NUMBER 161'!E5 -> 0.99702381 | AP9: =テーブル515[[#This Row],[Q_all]]*テーブル515[[#This Row],[z_ratio]]*テーブル515[[#This Row],[r_ratio]]*1000000 -> 87157.93 | AQ9: =テーブル515[[#This Row],[Q_AVE]]*テーブル515[[#This Row],[DNB位置の軸方向出力]]*テーブル515[[#This Row],[DNB位置の半径方向出力]] -> 1.180893 | AR9: =テーブル515[[#This Row],[G]]*テーブル515[[#This Row],[A]]*テーブル515[[#This Row],[Hlg]] -> 244569.32 | AS9: =-テーブル515[[#This Row],[G]]*テーブル515[[#This Row],[A]]*テーブル515[[#This Row],[CPL_ave]]*(テーブル515[[#This Row],[Ts]]-テーブル515[[#This Row],[Tin]]) -> -86239.141 | AT9: =(テーブル515[[#This Row],[Q_DNB]]+テーブル515[[#This Row],[xin_nishida]])/テーブル515[[#This Row],[GAHlg]] -> 0.0037567661 | AU9: 1 | AV9: 25 | AW9: 1.101 | AX9: =テーブル515[[#This Row],[Ts]]-テーブル515[[#This Row],[Tin]] -> 54.944814 | AY9: 334040.39 | AZ9: =テーブル515[[#This Row],[Hsub]]/1000 -> 334.04039
A10: ='TEST SECTION NUMBER 161'!$C$2 -> 161 | B10: ='TEST SECTION NUMBER 161'!I6 -> 6 | C10: ='TEST SECTION NUMBER 161'!K6 -> 2415 | D10: ='TEST SECTION NUMBER 161'!Q6 -> 167.5 | E10: ='TEST SECTION NUMBER 161'!M6 -> 1.982 | F10: ='TEST SECTION NUMBER 161'!L6 -> 493.5 | G10: ='TEST SECTION NUMBER 161'!G6 -> 0.475632 | H10: ='TEST SECTION NUMBER 161'!$C$4 -> 0.496 | I10: ='TEST SECTION NUMBER 161'!$C$6 -> 0.374 | K10: =B10&"_"&テーブル414[[#This Row],[TEST SECTION NUMBER]] -> 6_161 | L10: =C10*6894.757 -> 16650838 | M10: ='TEST SECTION NUMBER 161'!P6*0.0254 -> 4.2672 | N10: ='TEST SECTION NUMBER 161'!$C$4*0.0254 -> 0.0125984 | O10: ='TEST SECTION NUMBER 161'!$C$6*0.0254 -> 0.0094996 | P10: =N10^2-PI()*(O10/2)^2 -> 8.7843467e-05 | Q10: =O10*PI() -> 0.029843874 | R10: ='TEST SECTION NUMBER 161'!$C$4^2-PI()*(('TEST SECTION NUMBER 161'!$C$6)^2)/4 -> 0.13615765 | S10: =PI()*'TEST SECTION NUMBER 161'!$C$6 -> 1.1749557 | T10: =D10*0.0254 -> 4.2545 | U10: =E10*10^6*0.001356 -> 2687.592 | V10: =(F10 - 32) * 5/9 + 273.15 -> 529.53889 | W10: =G10*3.1546 -> 1.5004287 | Y10: =R10*0.0254^2 -> 8.7843467e-05 | Z10: =S10*0.0254 -> 0.029843874 | AA10: =V10 -> 529.53889 | AB10: 5 | AC10: =U10 -> 2687.592 | AD10: =Y10 -> 8.7843467e-05 | AE10: 883760.41 | AF10: 623.74675 | AG10: =単位換算161!AA10 -> 529.53889 | AH10: 10285.201 | AI10: 4777.7822 | AJ10: =(テーブル515[[#This Row],[CPL_Ts]]+テーブル515[[#This Row],[CPL_Tin]])/2 -> 7531.4917 | AK10: ='TEST SECTION NUMBER 161'!N6*3.1546 -> 1.3627872 | AL10: =PI()*O10*16*M10 -> 2.0375964 | AM10: =テーブル515[[#This Row],[Q_AVE]]*テーブル515[[#This Row],[A_htr]] -> 2.7768103 | AN10: =テーブル515[[#This Row],[DNB位置の軸方向出力]]/テーブル515[[#This Row],[ロッド数]] -> 0.04 | AO10: ='TEST SECTION NUMBER 161'!E6 -> 0.99702381 | AP10: =テーブル515[[#This Row],[Q_all]]*テーブル515[[#This Row],[z_ratio]]*テーブル515[[#This Row],[r_ratio]]*1000000 -> 110741.84 | AQ10: =テーブル515[[#This Row],[Q_AVE]]*テーブル515[[#This Row],[DNB位置の軸方向出力]]*テーブル515[[#This Row],[DNB位置の半径方向出力]] -> 1.5004287 | AR10: =テーブル515[[#This Row],[G]]*テーブル515[[#This Row],[A]]*テーブル515[[#This Row],[Hlg]] -> 208644.7 | AS10: =-テーブル515[[#This Row],[G]]*テーブル515[[#This Row],[A]]*テーブル515[[#This Row],[CPL_ave]]*(テーブル515[[#This Row],[Ts]]-テーブル515[[#This Row],[Tin]]) -> -167510.08 | AT10: =(テーブル515[[#This Row],[Q_DNB]]+テーブル515[[#This Row],[xin_nishida]])/テーブル515[[#This Row],[GAHlg]] -> -0.27208091 | AU10: 1 | AV10: 25 | AW10: 1.101 | AX10: =テーブル515[[#This Row],[Ts]]-テーブル515[[#This Row],[Tin]] -> 94.207858 | AY10: 559170.5 | AZ10: =テーブル515[[#This Row],[Hsub]]/1000 -> 559.1705
A11: ='TEST SECTION NUMBER 161'!$C$2 -> 161 | B11: ='TEST SECTION NUMBER 161'!I7 -> 7 | C11: ='TEST SECTION NUMBER 161'!K7 -> 2415 | D11: ='TEST SECTION NUMBER 161'!Q7 -> 167.5 | E11: ='TEST SECTION NUMBER 161'!M7 -> 2.043 | F11: ='TEST SECTION NUMBER 161'!L7 -> 448.4 | G11: ='TEST SECTION NUMBER 161'!G7 -> 0.557106 | H11: ='TEST SECTION NUMBER 161'!$C$4 -> 0.496 | I11: ='TEST SECTION NUMBER 161'!$C$6 -> 0.374 | K11: =B11&"_"&テーブル414[[#This Row],[TEST SECTION NUMBER]] -> 7_161 | L11: =C11*6894.757 -> 16650838 | M11: ='TEST SECTION NUMBER 161'!P7*0.0254 -> 4.2672 | N11: ='TEST SECTION NUMBER 161'!$C$4*0.0254 -> 0.0125984 | O11: ='TEST SECTION NUMBER 161'!$C$6*0.0254 -> 0.0094996 | P11: =N11^2-PI()*(O11/2)^2 -> 8.7843467e-05 | Q11: =O11*PI() -> 0.029843874 | R11: ='TEST SECTION NUMBER 161'!$C$4^2-PI()*(('TEST SECTION NUMBER 161'!$C$6)^2)/4 -> 0.13615765 | S11: =PI()*'TEST SECTION NUMBER 161'!$C$6 -> 1.1749557 | T11: =D11*0.0254 -> 4.2545 | U11: =E11*10^6*0.001356 -> 2770.308 | V11: =(F11 - 32) * 5/9 + 273.15 -> 504.48333 | W11: =G11*3.1546 -> 1.7574466 | Y11: =R11*0.0254^2 -> 8.7843467e-05 | Z11: =S11*0.0254 -> 0.029843874 | AA11: =V11 -> 504.48333 | AB11: 6 | AC11: =U11 -> 2770.308 | AD11: =Y11 -> 8.7843467e-05 | AE11: 883760.41 | AF11: 623.74675 | AG11: =単位換算161!AA11 -> 504.48333 | AH11: 10285.201 | AI11: 4581.5818 | AJ11: =(テーブル515[[#This Row],[CPL_Ts]]+テーブル515[[#This Row],[CPL_Tin]])/2 -> 7433.3915 | AK11: ='TEST SECTION NUMBER 161'!N7*3.1546 -> 1.5962276 | AL11: =PI()*O11*16*M11 -> 2.0375964 | AM11: =テーブル515[[#This Row],[Q_AVE]]*テーブル515[[#This Row],[A_htr]] -> 3.2524677 | AN11: =テーブル515[[#This Row],[DNB位置の軸方向出力]]/テーブル515[[#This Row],[ロッド数]] -> 0.04 | AO11: ='TEST SECTION NUMBER 161'!E7 -> 0.99702381 | AP11: =テーブル515[[#This Row],[Q_all]]*テーブル515[[#This Row],[z_ratio]]*テーブル515[[#This Row],[r_ratio]]*1000000 -> 129711.51 | AQ11: =テーブル515[[#This Row],[Q_AVE]]*テーブル515[[#This Row],[DNB位置の軸方向出力]]*テーブル515[[#This Row],[DNB位置の半径方向出力]] -> 1.7574466 | AR11: =テーブル515[[#This Row],[G]]*テーブル515[[#This Row],[A]]*テーブル515[[#This Row],[Hlg]] -> 215066.15 | AS11: =-テーブル515[[#This Row],[G]]*テーブル515[[#This Row],[A]]*テーブル515[[#This Row],[CPL_ave]]*(テーブル515[[#This Row],[Ts]]-テーブル515[[#This Row],[Tin]]) -> -215740.54 | AT11: =(テーブル515[[#This Row],[Q_DNB]]+テーブル515[[#This Row],[xin_nishida]])/テーブル515[[#This Row],[GAHlg]] -> -0.40001197 | AU11: 1 | AV11: 25 | AW11: 1.101 | AX11: =テーブル515[[#This Row],[Ts]]-テーブル515[[#This Row],[Tin]] -> 119.26341 | AY11: 676268.83 | AZ11: =テーブル515[[#This Row],[Hsub]]/1000 -> 676.26883
A12: ='TEST SECTION NUMBER 161'!$C$2 -> 161 | B12: ='TEST SECTION NUMBER 161'!I8 -> 8 | C12: ='TEST SECTION NUMBER 161'!K8 -> 2100 | D12: ='TEST SECTION NUMBER 161'!Q8 -> 167.5 | E12: ='TEST SECTION NUMBER 161'!M8 -> 2.008 | F12: ='TEST SECTION NUMBER 161'!L8 -> 491.2 | G12: ='TEST SECTION NUMBER 161'!G8 -> 0.4404 | H12: ='TEST SECTION NUMBER 161'!$C$4 -> 0.496 | I12: ='TEST SECTION NUMBER 161'!$C$6 -> 0.374 | K12: =B12&"_"&テーブル414[[#This Row],[TEST SECTION NUMBER]] -> 8_161 | L12: =C12*6894.757 -> 14478990 | M12: ='TEST SECTION NUMBER 161'!P8*0.0254 -> 4.2672 | N12: ='TEST SECTION NUMBER 161'!$C$4*0.0254 -> 0.0125984 | O12: ='TEST SECTION NUMBER 161'!$C$6*0.0254 -> 0.0094996 | P12: =N12^2-PI()*(O12/2)^2 -> 8.7843467e-05 | Q12: =O12*PI() -> 0.029843874 | R12: ='TEST SECTION NUMBER 161'!$C$4^2-PI()*(('TEST SECTION NUMBER 161'!$C$6)^2)/4 -> 0.13615765 | S12: =PI()*'TEST SECTION NUMBER 161'!$C$6 -> 1.1749557 | T12: =D12*0.0254 -> 4.2545 | U12: =E12*10^6*0.001356 -> 2722.848 | V12: =(F12 - 32) * 5/9 + 273.15 -> 528.26111 | W12: =G12*3.1546 -> 1.3892858 | Y12: =R12*0.0254^2 -> 8.7843467e-05 | Z12: =S12*0.0254 -> 0.029843874 | AA12: =V12 -> 528.26111 | AB12: 7 | AC12: =U12 -> 2722.848 | AD12: =Y12 -> 8.7843467e-05 | AE12: 1035404.6 | AF12: 612.4837 | AG12: =単位換算161!AA12 -> 528.26111 | AH12: 8121.4607 | AI12: 4790.7566 | AJ12: =(テーブル515[[#This Row],[CPL_Ts]]+テーブル515[[#This Row],[CPL_Tin]])/2 -> 6456.1087 | AK12: ='TEST SECTION NUMBER 161'!N8*3.1546 -> 1.26184 | AL12: =PI()*O12*16*M12 -> 2.0375964 | AM12: =テーブル515[[#This Row],[Q_AVE]]*テーブル515[[#This Row],[A_htr]] -> 2.5711207 | AN12: =テーブル515[[#This Row],[DNB位置の軸方向出力]]/テーブル515[[#This Row],[ロッド数]] -> 0.04 | AO12: ='TEST SECTION NUMBER 161'!E8 -> 0.99702381 | AP12: =テーブル515[[#This Row],[Q_all]]*テーブル515[[#This Row],[z_ratio]]*テーブル515[[#This Row],[r_ratio]]*1000000 -> 102538.74 | AQ12: =テーブル515[[#This Row],[Q_AVE]]*テーブル515[[#This Row],[DNB位置の軸方向出力]]*テーブル515[[#This Row],[DNB位置の半径方向出力]] -> 1.3892858 | AR12: =テーブル515[[#This Row],[G]]*テーブル515[[#This Row],[A]]*テーブル515[[#This Row],[Hlg]] -> 247652.65 | AS12: =-テーブル515[[#This Row],[G]]*テーブル515[[#This Row],[A]]*テーブル515[[#This Row],[CPL_ave]]*(テーブル515[[#This Row],[Ts]]-テーブル515[[#This Row],[Tin]]) -> -130056.57 | AT12: =(テーブル515[[#This Row],[Q_DNB]]+テーブル515[[#This Row],[xin_nishida]])/テーブル515[[#This Row],[GAHlg]] -> -0.11111462 | AU12: 1 | AV12: 25 | AW12: 1.101 | AX12: =テーブル515[[#This Row],[Ts]]-テーブル515[[#This Row],[Tin]] -> 84.222591 | AY12: 479309.59 | AZ12: =テーブル515[[#This Row],[Hsub]]/1000 -> 479.30959
A13: ='TEST SECTION NUMBER 161'!$C$2 -> 161 | B13: ='TEST SECTION NUMBER 161'!I9 -> 9 | C13: ='TEST SECTION NUMBER 161'!K9 -> 2100 | D13: ='TEST SECTION NUMBER 161'!Q9 -> 167.5 | E13: ='TEST SECTION NUMBER 161'!M9 -> 2.474 | F13: ='TEST SECTION NUMBER 161'!L9 -> 602.8 | G13: ='TEST SECTION NUMBER 161'!G9 -> 0.3303 | H13: ='TEST SECTION NUMBER 161'!$C$4 -> 0.496 | I13: ='TEST SECTION NUMBER 161'!$C$6 -> 0.374 | K13: =B13&"_"&テーブル414[[#This Row],[TEST SECTION NUMBER]] -> 9_161 | L13: =C13*6894.757 -> 14478990 | M13: ='TEST SECTION NUMBER 161'!P9*0.0254 -> 4.2672 | N13: ='TEST SECTION NUMBER 161'!$C$4*0.0254 -> 0.0125984 | O13: ='TEST SECTION NUMBER 161'!$C$6*0.0254 -> 0.0094996 | P13: =N13^2-PI()*(O13/2)^2 -> 8.7843467e-05 | Q13: =O13*PI() -> 0.029843874 | R13: ='TEST SECTION NUMBER 161'!$C$4^2-PI()*(('TEST SECTION NUMBER 161'!$C$6)^2)/4 -> 0.13615765 | S13: =PI()*'TEST SECTION NUMBER 161'!$C$6 -> 1.1749557 | T13: =D13*0.0254 -> 4.2545 | U13: =E13*10^6*0.001356 -> 3354.744 | V13: =(F13 - 32) * 5/9 + 273.15 -> 590.26111 | W13: =G13*3.1546 -> 1.0419644 | Y13: =R13*0.0254^2 -> 8.7843467e-05 | Z13: =S13*0.0254 -> 0.029843874 | AA13: =V13 -> 590.26111 | AB13: 8 | AC13: =U13 -> 3354.744 | AD13: =Y13 -> 8.7843467e-05 | AE13: 1035404.6 | AF13: 612.4837 | AG13: =単位換算161!AA13 -> 590.26111 | AH13: 8121.4607 | AI13: 6079.5827 | AJ13: =(テーブル515[[#This Row],[CPL_Ts]]+テーブル515[[#This Row],[CPL_Tin]])/2 -> 7100.5217 | AK13: ='TEST SECTION NUMBER 161'!N9*3.1546 -> 0.94638 | AL13: =PI()*O13*16*M13 -> 2.0375964 | AM13: =テーブル515[[#This Row],[Q_AVE]]*テーブル515[[#This Row],[A_htr]] -> 1.9283405 | AN13: =テーブル515[[#This Row],[DNB位置の軸方向出力]]/テーブル515[[#This Row],[ロッド数]] -> 0.04 | AO13: ='TEST SECTION NUMBER 161'!E9 -> 0.99702381 | AP13: =テーブル515[[#This Row],[Q_all]]*テーブル515[[#This Row],[z_ratio]]*テーブル515[[#This Row],[r_ratio]]*1000000 -> 76904.056 | AQ13: =テーブル515[[#This Row],[Q_AVE]]*テーブル515[[#This Row],[DNB位置の軸方向出力]]*テーブル515[[#This Row],[DNB位置の半径方向出力]] -> 1.0419644 | AR13: =テーブル515[[#This Row],[G]]*テーブル515[[#This Row],[A]]*テーブル515[[#This Row],[Hlg]] -> 305125.82 | AS13: =-テーブル515[[#This Row],[G]]*テーブル515[[#This Row],[A]]*テーブル515[[#This Row],[CPL_ave]]*(テーブル515[[#This Row],[Ts]]-テーブル515[[#This Row],[Tin]]) -> -46500.092 | AT13: =(テーブル515[[#This Row],[Q_DNB]]+テーブル515[[#This Row],[xin_nishida]])/テーブル515[[#This Row],[GAHlg]] -> 0.099644021 | AU13: 1 | AV13: 25 | AW13: 1.101 | AX13: =テーブル515[[#This Row],[Ts]]-テーブル515[[#This Row],[Tin]] -> 22.222591 | AY13: 152450.47 | AZ13: =テーブル515[[#This Row],[Hsub]]/1000 -> 152.45047
A14: ='TEST SECTION NUMBER 161'!$C$2 -> 161 | B14: ='TEST SECTION NUMBER 161'!I10 -> 10 | C14: ='TEST SECTION NUMBER 161'!K10 -> 2400 | D14: ='TEST SECTION NUMBER 161'!Q10 -> 167.5 | E14: ='TEST SECTION NUMBER 161'!M10 -> 2.511 | F14: ='TEST SECTION NUMBER 161'!L10 -> 601.8 | G14: ='TEST SECTION NUMBER 161'!G10 -> 0.362229 | H14: ='TEST SECTION NUMBER 161'!$C$4 -> 0.496 | I14: ='TEST SECTION NUMBER 161'!$C$6 -> 0.374 | K14: =B14&"_"&テーブル414[[#This Row],[TEST SECTION NUMBER]] -> 10_161 | L14: =C14*6894.757 -> 16547417 | M14: ='TEST SECTION NUMBER 161'!P10*0.0254 -> 4.2672 | N14: ='TEST SECTION NUMBER 161'!$C$4*0.0254 -> 0.0125984 | O14: ='TEST SECTION NUMBER 161'!$C$6*0.0254 -> 0.0094996 | P14: =N14^2-PI()*(O14/2)^2 -> 8.7843467e-05 | Q14: =O14*PI() -> 0.029843874 | R14: ='TEST SECTION NUMBER 161'!$C$4^2-PI()*(('TEST SECTION NUMBER 161'!$C$6)^2)/4 -> 0.13615765 | S14: =PI()*'TEST SECTION NUMBER 161'!$C$6 -> 1.1749557 | T14: =D14*0.0254 -> 4.2545 | U14: =E14*10^6*0.001356 -> 3404.916 | V14: =(F14 - 32) * 5/9 + 273.15 -> 589.70556 | W14: =G14*3.1546 -> 1.1426876 | Y14: =R14*0.0254^2 -> 8.7843467e-05 | Z14: =S14*0.0254 -> 0.029843874 | AA14: =V14 -> 589.70556 | AB14: 9 | AC14: =U14 -> 3404.916 | AD14: =Y14 -> 8.7843467e-05 | AE14: 891419.3 | AF14: 623.2387 | AG14: =単位換算161!AA14 -> 589.70556 | AH14: 10140.552 | AI14: 5918.0995 | AJ14: =(テーブル515[[#This Row],[CPL_Ts]]+テーブル515[[#This Row],[CPL_Tin]])/2 -> 8029.3256 | AK14: ='TEST SECTION NUMBER 161'!N10*3.1546 -> 1.0378634 | AL14: =PI()*O14*16*M14 -> 2.0375964 | AM14: =テーブル515[[#This Row],[Q_AVE]]*テーブル515[[#This Row],[A_htr]] -> 2.1147468 | AN14: =テーブル515[[#This Row],[DNB位置の軸方向出力]]/テーブル515[[#This Row],[ロッド数]] -> 0.04 | AO14: ='TEST SECTION NUMBER 161'!E10 -> 0.99702381 | AP14: =テーブル515[[#This Row],[Q_all]]*テーブル515[[#This Row],[z_ratio]]*テーブル515[[#This Row],[r_ratio]]*1000000 -> 84338.115 | AQ14: =テーブル515[[#This Row],[Q_AVE]]*テーブル515[[#This Row],[DNB位置の軸方向出力]]*テーブル515[[#This Row],[DNB位置の半径方向出力]] -> 1.1426876 | AR14: =テーブル515[[#This Row],[G]]*テーブル515[[#This Row],[A]]*テーブル515[[#This Row],[Hlg]] -> 266623.18 | AS14: =-テーブル515[[#This Row],[G]]*テーブル515[[#This Row],[A]]*テーブル515[[#This Row],[CPL_ave]]*(テーブル515[[#This Row],[Ts]]-テーブル515[[#This Row],[Tin]]) -> -80532.14 | AT14: =(テーブル515[[#This Row],[Q_DNB]]+テーブル515[[#This Row],[xin_nishida]])/テーブル515[[#This Row],[GAHlg]] -> 0.014274736 | AU14: 1 | AV14: 25 | AW14: 1.101 | AX14: =テーブル515[[#This Row],[Ts]]-テーブル515[[#This Row],[Tin]] -> 33.533146 | AY14: 241107.49 | AZ14: =テーブル515[[#This Row],[Hsub]]/1000 -> 241.10749
A15: ='TEST SECTION NUMBER 161'!$C$2 -> 161 | B15: ='TEST SECTION NUMBER 161'!I11 -> 11 | C15: ='TEST SECTION NUMBER 161'!K11 -> 2100 | D15: ='TEST SECTION NUMBER 161'!Q11 -> 167.5 | E15: ='TEST SECTION NUMBER 161'!M11 -> 2.998 | F15: ='TEST SECTION NUMBER 161'!L11 -> 597.9 | G15: ='TEST SECTION NUMBER 161'!G11 -> 0.388653 | H15: ='TEST SECTION NUMBER 161'!$C$4 -> 0.496 | I15: ='TEST SECTION NUMBER 161'!$C$6 -> 0.374 | K15: =B15&"_"&テーブル414[[#This Row],[TEST SECTION NUMBER]] -> 11_161 | L15: =C15*6894.757 -> 14478990 | M15: ='TEST SECTION NUMBER 161'!P11*0.0254 -> 4.2672 | N15: ='TEST SECTION NUMBER 161'!$C$4*0.0254 -> 0.0125984 | O15: ='TEST SECTION NUMBER 161'!$C$6*0.0254 -> 0.0094996 | P15: =N15^2-PI()*(O15/2)^2 -> 8.7843467e-05 | Q15: =O15*PI() -> 0.029843874 | R15: ='TEST SECTION NUMBER 161'!$C$4^2-PI()*(('TEST SECTION NUMBER 161'!$C$6)^2)/4 -> 0.13615765 | S15: =PI()*'TEST SECTION NUMBER 161'!$C$6 -> 1.1749557 | T15: =D15*0.0254 -> 4.2545 | U15: =E15*10^6*0.001356 -> 4065.288 | V15: =(F15 - 32) * 5/9 + 273.15 -> 587.53889 | W15: =G15*3.1546 -> 1.2260448 | Y15: =R15*0.0254^2 -> 8.7843467e-05 | Z15: =S15*0.0254 -> 0.029843874 | AA15: =V15 -> 587.53889 | AB15: 10 | AC15: =U15 -> 4065.288 | AD15: =Y15 -> 8.7843467e-05 | AE15: 1035404.6 | AF15: 612.4837 | AG15: =単位換算161!AA15 -> 587.53889 | AH15: 8121.4607 | AI15: 5960.7836 | AJ15: =(テーブル515[[#This Row],[CPL_Ts]]+テーブル515[[#This Row],[CPL_Tin]])/2 -> 7041.1222 | AK15: ='TEST SECTION NUMBER 161'!N11*3.1546 -> 1.1135738 | AL15: =PI()*O15*16*M15 -> 2.0375964 | AM15: =テーブル515[[#This Row],[Q_AVE]]*テーブル515[[#This Row],[A_htr]] -> 2.269014 | AN15: =テーブル515[[#This Row],[DNB位置の軸方向出力]]/テーブル515[[#This Row],[ロッド数]] -> 0.04 | AO15: ='TEST SECTION NUMBER 161'!E11 -> 0.99702381 | AP15: =テーブル515[[#This Row],[Q_all]]*テーブル515[[#This Row],[z_ratio]]*テーブル515[[#This Row],[r_ratio]]*1000000 -> 90490.44 | AQ15: =テーブル515[[#This Row],[Q_AVE]]*テーブル515[[#This Row],[DNB位置の軸方向出力]]*テーブル515[[#This Row],[DNB位置の半径方向出力]] -> 1.2260448 | AR15: =テーブル515[[#This Row],[G]]*テーブル515[[#This Row],[A]]*テーブル515[[#This Row],[Hlg]] -> 369752.31 | AS15: =-テーブル515[[#This Row],[G]]*テーブル515[[#This Row],[A]]*テーブル515[[#This Row],[CPL_ave]]*(テーブル515[[#This Row],[Ts]]-テーブル515[[#This Row],[Tin]]) -> -62722.438 | AT15: =(テーブル515[[#This Row],[Q_DNB]]+テーブル515[[#This Row],[xin_nishida]])/テーブル515[[#This Row],[GAHlg]] -> 0.075098927 | AU15: 1 | AV15: 25 | AW15: 1.101 | AX15: =テーブル515[[#This Row],[Ts]]-テーブル515[[#This Row],[Tin]] -> 24.944814 | AY15: 168835.79 | AZ15: =テーブル515[[#This Row],[Hsub]]/1000 -> 168.83579
A16: ='TEST SECTION NUMBER 161'!$C$2 -> 161 | B16: ='TEST SECTION NUMBER 161'!I12 -> 12 | C16: ='TEST SECTION NUMBER 161'!K12 -> 2400 | D16: ='TEST SECTION NUMBER 161'!Q12 -> 167.5 | E16: ='TEST SECTION NUMBER 161'!M12 -> 2.998 | F16: ='TEST SECTION NUMBER 161'!L12 -> 604.2 | G16: ='TEST SECTION NUMBER 161'!G12 -> 0.417279 | H16: ='TEST SECTION NUMBER 161'!$C$4 -> 0.496 | I16: ='TEST SECTION NUMBER 161'!$C$6 -> 0.374 | K16: =B16&"_"&テーブル414[[#This Row],[TEST SECTION NUMBER]] -> 12_161 | L16: =C16*6894.757 -> 16547417 | M16: ='TEST SECTION NUMBER 161'!P12*0.0254 -> 4.2672 | N16: ='TEST SECTION NUMBER 161'!$C$4*0.0254 -> 0.0125984 | O16: ='TEST SECTION NUMBER 161'!$C$6*0.0254 -> 0.0094996 | P16: =N16^2-PI()*(O16/2)^2 -> 8.7843467e-05 | Q16: =O16*PI() -> 0.029843874 | R16: ='TEST SECTION NUMBER 161'!$C$4^2-PI()*(('TEST SECTION NUMBER 161'!$C$6)^2)/4 -> 0.13615765 | S16: =PI()*'TEST SECTION NUMBER 161'!$C$6 -> 1.1749557 | T16: =D16*0.0254 -> 4.2545 | U16: =E16*10^6*0.001356 -> 4065.288 | V16: =(F16 - 32) * 5/9 + 273.15 -> 591.03889 | W16: =G16*3.1546 -> 1.3163483 | Y16: =R16*0.0254^2 -> 8.7843467e-05 | Z16: =S16*0.0254 -> 0.029843874 | AA16: =V16 -> 591.03889 | AB16: 11 | AC16: =U16 -> 4065.288 | AD16: =Y16 -> 8.7843467e-05 | AE16: 891419.3 | AF16: 623.2387 | AG16: =単位換算161!AA16 -> 591.03889 | AH16: 10140.552 | AI16: 5971.2796 | AJ16: =(テーブル515[[#This Row],[CPL_Ts]]+テーブル515[[#This Row],[CPL_Tin]])/2 -> 8055.9156 | AK16: ='TEST SECTION NUMBER 161'!N12*3.1546 -> 1.1955934 | AL16: =PI()*O16*16*M16 -> 2.0375964 | AM16: =テーブル515[[#This Row],[Q_AVE]]*テーブル515[[#This Row],[A_htr]] -> 2.4361369 | AN16: =テーブル515[[#This Row],[DNB位置の軸方向出力]]/テーブル515[[#This Row],[ロッド数]] -> 0.04 | AO16: ='TEST SECTION NUMBER 161'!E12 -> 0.99702381 | AP16: =テーブル515[[#This Row],[Q_all]]*テーブル515[[#This Row],[z_ratio]]*テーブル515[[#This Row],[r_ratio]]*1000000 -> 97155.458 | AQ16: =テーブル515[[#This Row],[Q_AVE]]*テーブル515[[#This Row],[DNB位置の軸方向出力]]*テーブル515[[#This Row],[DNB位置の半径方向出力]] -> 1.3163483 | AR16: =テーブル515[[#This Row],[G]]*テーブル515[[#This Row],[A]]*テーブル515[[#This Row],[Hlg]] -> 318333.85 | AS16: =-テーブル515[[#This Row],[G]]*テーブル515[[#This Row],[A]]*テーブル515[[#This Row],[CPL_ave]]*(テーブル515[[#This Row],[Ts]]-テーブル515[[#This Row],[Tin]]) -> -92633.706 | AT16: =(テーブル515[[#This Row],[Q_DNB]]+テーブル515[[#This Row],[xin_nishida]])/テーブル515[[#This Row],[GAHlg]] -> 0.014204433 | AU16: 1 | AV16: 25 | AW16: 1.101 | AX16: =テーブル515[[#This Row],[Ts]]-テーブル515[[#This Row],[Tin]] -> 32.199812 | AY16: 233181.54 | AZ16: =テーブル515[[#This Row],[Hsub]]/1000 -> 233.18154
A17: ='TEST SECTION NUMBER 161'!$C$2 -> 161 | B17: ='TEST SECTION NUMBER 161'!I13 -> 13 | C17: ='TEST SECTION NUMBER 161'!K13 -> 2100 | D17: ='TEST SECTION NUMBER 161'!Q13 -> 167.5 | E17: ='TEST SECTION NUMBER 161'!M13 -> 1.482 | F17: ='TEST SECTION NUMBER 161'!L13 -> 539.5 | G17: ='TEST SECTION NUMBER 161'!G13 -> 0.320391 | H17: ='TEST SECTION NUMBER 161'!$C$4 -> 0.496 | I17: ='TEST SECTION NUMBER 161'!$C$6 -> 0.374 | K17: =B17&"_"&テーブル414[[#This Row],[TEST SECTION NUMBER]] -> 13_161 | L17: =C17*6894.757 -> 14478990 | M17: ='TEST SECTION NUMBER 161'!P13*0.0254 -> 4.2672 | N17: ='TEST SECTION NUMBER 161'!$C$4*0.0254 -> 0.0125984 | O17: ='TEST SECTION NUMBER 161'!$C$6*0.0254 -> 0.0094996 | P17: =N17^2-PI()*(O17/2)^2 -> 8.7843467e-05 | Q17: =O17*PI() -> 0.029843874 | R17: ='TEST SECTION NUMBER 161'!$C$4^2-PI()*(('TEST SECTION NUMBER 161'!$C$6)^2)/4 -> 0.13615765 | S17: =PI()*'TEST SECTION NUMBER 161'!$C$6 -> 1.1749557 | T17: =D17*0.0254 -> 4.2545 | U17: =E17*10^6*0.001356 -> 2009.592 | V17: =(F17 - 32) * 5/9 + 273.15 -> 555.09444 | W17: =G17*3.1546 -> 1.0107054 | Y17: =R17*0.0254^2 -> 8.7843467e-05 | Z17: =S17*0.0254 -> 0.029843874 | AA17: =V17 -> 555.09444 | AB17: 12 | AC17: =U17 -> 2009.592 | AD17: =Y17 -> 8.7843467e-05 | AE17: 1035404.6 | AF17: 612.4837 | AG17: =単位換算161!AA17 -> 555.09444 | AH17: 8121.4607 | AI17: 5127.5054 | AJ17: =(テーブル515[[#This Row],[CPL_Ts]]+テーブル515[[#This Row],[CPL_Tin]])/2 -> 6624.4831 | AK17: ='TEST SECTION NUMBER 161'!N13*3.1546 -> 0.9179886 | AL17: =PI()*O17*16*M17 -> 2.0375964 | AM17: =テーブル515[[#This Row],[Q_AVE]]*テーブル515[[#This Row],[A_htr]] -> 1.8704903 | AN17: =テーブル515[[#This Row],[DNB位置の軸方向出力]]/テーブル515[[#This Row],[ロッド数]] -> 0.04 | AO17: ='TEST SECTION NUMBER 161'!E13 -> 0.99702381 | AP17: =テーブル515[[#This Row],[Q_all]]*テーブル515[[#This Row],[z_ratio]]*テーブル515[[#This Row],[r_ratio]]*1000000 -> 74596.935 | AQ17: =テーブル515[[#This Row],[Q_AVE]]*テーブル515[[#This Row],[DNB位置の軸方向出力]]*テーブル515[[#This Row],[DNB位置の半径方向出力]] -> 1.0107054 | AR17: =テーブル515[[#This Row],[G]]*テーブル515[[#This Row],[A]]*テーブル515[[#This Row],[Hlg]] -> 182779.49 | AS17: =-テーブル515[[#This Row],[G]]*テーブル515[[#This Row],[A]]*テーブル515[[#This Row],[CPL_ave]]*(テーブル515[[#This Row],[Ts]]-テーブル515[[#This Row],[Tin]]) -> -67111.967 | AT17: =(テーブル515[[#This Row],[Q_DNB]]+テーブル515[[#This Row],[xin_nishida]])/テーブル515[[#This Row],[GAHlg]] -> 0.040950807 | AU17: 1 | AV17: 25 | AW17: 1.101 | AX17: =テーブル515[[#This Row],[Ts]]-テーブル515[[#This Row],[Tin]] -> 57.389258 | AY17: 346623.65 | AZ17: =テーブル515[[#This Row],[Hsub]]/1000 -> 346.62365
... A55: ='TEST SECTION NUMBER 161'!$C$2 -> 161 | B55: ='TEST SECTION NUMBER 161'!I51 -> 70 | C55: ='TEST SECTION NUMBER 161'!K51 -> 2095 | D55: ='TEST SECTION NUMBER 161'!Q51 -> 167.5 | E55: ='TEST SECTION NUMBER 161'!M51 -> 1.991 | F55: ='TEST SECTION NUMBER 161'!L51 -> 543.8 | G55: ='TEST SECTION NUMBER 161'!G51 -> 0.375441 | H55: ='TEST SECTION NUMBER 161'!$C$4 -> 0.496 | I55: ='TEST SECTION NUMBER 161'!$C$6 -> 0.374 | K55: =B55&"_"&テーブル414[[#This Row],[TEST SECTION NUMBER]] -> 70_161 | L55: =C55*6894.757 -> 14444516 | M55: ='TEST SECTION NUMBER 161'!P51*0.0254 -> 4.2672 | N55: ='TEST SECTION NUMBER 161'!$C$4*0.0254 -> 0.0125984 | O55: ='TEST SECTION NUMBER 161'!$C$6*0.0254 -> 0.0094996 | P55: =N55^2-PI()*(O55/2)^2 -> 8.7843467e-05 | Q55: =O55*PI() -> 0.029843874 | R55: ='TEST SECTION NUMBER 161'!$C$4^2-PI()*(('TEST SECTION NUMBER 161'!$C$6)^2)/4 -> 0.13615765 | S55: =PI()*'TEST SECTION NUMBER 161'!$C$6 -> 1.1749557 | T55: =D55*0.0254 -> 4.2545 | U55: =E55*10^6*0.001356 -> 2699.796 | V55: =(F55 - 32) * 5/9 + 273.15 -> 557.48333 | W55: =G55*3.1546 -> 1.1843662 | Y55: =R55*0.0254^2 -> 8.7843467e-05 | Z55: =S55*0.0254 -> 0.029843874 | AA55: =V55 -> 557.48333 | AB55: 50 | AC55: =U55 -> 2699.796 | AD55: =Y55 -> 8.7843467e-05 | AE55: 1037689.2 | AF55: 612.29412 | AG55: =単位換算161!AA55 -> 557.48333 | AH55: 8097.4694 | AI55: 5168.0987 | AJ55: =(テーブル515[[#This Row],[CPL_Ts]]+テーブル515[[#This Row],[CPL_Tin]])/2 -> 6632.784 | AK55: ='TEST SECTION NUMBER 161'!N51*3.1546 -> 1.0757186 | AL55: =PI()*O55*16*M55 -> 2.0375964 | AM55: =テーブル515[[#This Row],[Q_AVE]]*テーブル515[[#This Row],[A_htr]] -> 2.1918804 | AN55: =テーブル515[[#This Row],[DNB位置の軸方向出力]]/テーブル515[[#This Row],[ロッド数]] -> 0.04 | AO55: ='TEST SECTION NUMBER 161'!E51 -> 0.99702381 | AP55: =テーブル515[[#This Row],[Q_all]]*テーブル515[[#This Row],[z_ratio]]*テーブル515[[#This Row],[r_ratio]]*1000000 -> 87414.277 | AQ55: =テーブル515[[#This Row],[Q_AVE]]*テーブル515[[#This Row],[DNB位置の軸方向出力]]*テーブル515[[#This Row],[DNB位置の半径方向出力]] -> 1.1843662 | AR55: =テーブル515[[#This Row],[G]]*テーブル515[[#This Row],[A]]*テーブル515[[#This Row],[Hlg]] -> 246097.79 | AS55: =-テーブル515[[#This Row],[G]]*テーブル515[[#This Row],[A]]*テーブル515[[#This Row],[CPL_ave]]*(テーブル515[[#This Row],[Ts]]-テーブル515[[#This Row],[Tin]]) -> -86218.869 | AT55: =(テーブル515[[#This Row],[Q_DNB]]+テーブル515[[#This Row],[xin_nishida]])/テーブル515[[#This Row],[GAHlg]] -> 0.0048574531 | AU55: 1 | AV55: 25 | AW55: 1.101 | AX55: =テーブル515[[#This Row],[Ts]]-テーブル515[[#This Row],[Tin]] -> 54.810788 | AY55: 332959.69 | AZ55: =テーブル515[[#This Row],[Hsub]]/1000 -> 332.95969
Q56: =0.014097^2-PI()*0.5*0.5*0.0107188^2 -> 0.00010848891

Sheet 非一様加熱を一様加熱に補正161 
A1: 出力分布のX軸 | B1: 全長168inを掛ける | C1: 出力分布のY軸 | D1: Qave | E1: A列：z[m] | F1: B列：q'' [MW/m²] | G1: C列：Δz | H1: D列：平均出力 | I1: E列：Δ出力 | K1: TEST_No | L1: q"eq
A2: 0 | B2: =A2*168*0.0254 -> 0 | C2: 1 | E2: =A2 -> 0 | F2: =C2 -> 1 | G2: =E3-テーブル13418[[#This Row],[A列：z'[m']]] -> 0.052 | H2: =(F2+F3)/2 -> 1 | I2: =テーブル13418[[#This Row],[C列：Δz]]*テーブル13418[[#This Row],[D列：平均出力]] -> 0.052 | K2: 1 | L2: =SUM(I2:I28) -> 1
A3: 0.052 | B3: =A3*168*0.0254 -> 0.2218944 | C3: 1 | D3: 半径方向の出力 | E3: =A3 -> 0.052 | F3: =C3 -> 1 | G3: =E4-テーブル13418[[#This Row],[A列：z'[m']]] -> 0.052 | H3: =(F3+F4)/2 -> 1 | I3: =テーブル13418[[#This Row],[C列：Δz]]*テーブル13418[[#This Row],[D列：平均出力]] -> 0.052
A4: 0.104 | B4: =A4*168*0.0254 -> 0.4437888 | C4: 1 | D4: 1.087 | E4: =A4 -> 0.104 | F4: =C4 -> 1 | G4: =E5-テーブル13418[[#This Row],[A列：z'[m']]] -> 0.052 | H4: =(F4+F5)/2 -> 1 | I4: =テーブル13418[[#This Row],[C列：Δz]]*テーブル13418[[#This Row],[D列：平均出力]] -> 0.052
A5: 0.156 | B5: =A5*168*0.0254 -> 0.6656832 | C5: 1 | D5: 濡れ縁長さ[m] | E5: =A5 -> 0.156 | F5: =C5 -> 1 | G5: =E6-テーブル13418[[#This Row],[A列：z'[m']]] -> 0.052 | H5: =(F5+F6)/2 -> 1 | I5: =テーブル13418[[#This Row],[C列：Δz]]*テーブル13418[[#This Row],[D列：平均出力]] -> 0.052
A6: 0.208 | B6: =A6*168*0.0254 -> 0.8875776 | C6: 1 | E6: =A6 -> 0.208 | F6: =C6 -> 1 | G6: =E7-テーブル13418[[#This Row],[A列：z'[m']]] -> 0.052 | H6: =(F6+F7)/2 -> 1 | I6: =テーブル13418[[#This Row],[C列：Δz]]*テーブル13418[[#This Row],[D列：平均出力]] -> 0.052
A7: 0.26 | B7: =A7*168*0.0254 -> 1.109472 | C7: 1 | D7: 管長[m] | E7: =A7 -> 0.26 | F7: =C7 -> 1 | G7: =E8-テーブル13418[[#This Row],[A列：z'[m']]] -> 0.053 | H7: =(F7+F8)/2 -> 1 | I7: =テーブル13418[[#This Row],[C列：Δz]]*テーブル13418[[#This Row],[D列：平均出力]] -> 0.053
A8: 0.313 | B8: =A8*168*0.0254 -> 1.3356336 | C8: 1 | D8: 4.2545 | E8: =A8 -> 0.313 | F8: =C8 -> 1 | G8: =E9-テーブル13418[[#This Row],[A列：z'[m']]] -> 0.052 | H8: =(F8+F9)/2 -> 1 | I8: =テーブル13418[[#This Row],[C列：Δz]]*テーブル13418[[#This Row],[D列：平均出力]] -> 0.052
A9: 0.365 | B9: =A9*168*0.0254 -> 1.557528 | C9: 1 | E9: =A9 -> 0.365 | F9: =C9 -> 1 | G9: =E10-テーブル13418[[#This Row],[A列：z'[m']]] -> 0.052 | H9: =(F9+F10)/2 -> 1 | I9: =テーブル13418[[#This Row],[C列：Δz]]*テーブル13418[[#This Row],[D列：平均出力]] -> 0.052
A10: 0.417 | B10: =A10*168*0.0254 -> 1.7794224 | C10: 1 | E10: =A10 -> 0.417 | F10: =C10 -> 1 | G10: =E11-テーブル13418[[#This Row],[A列：z'[m']]] -> 0.052 | H10: =(F10+F11)/2 -> 1 | I10: =テーブル13418[[#This Row],[C列：Δz]]*テーブル13418[[#This Row],[D列：平均出力]] -> 0.052
A11: 0.469 | B11: =A11*168*0.0254 -> 2.0013168 | C11: 1 | E11: =A11 -> 0.469 | F11: =C11 -> 1 | G11: =E12-テーブル13418[[#This Row],[A列：z'[m']]] -> 0.026 | H11: =(F11+F12)/2 -> 1 | I11: =テーブル13418[[#This Row],[C列：Δz]]*テーブル13418[[#This Row],[D列：平均出力]] -> 0.026
A12: 0.495 | B12: =A12*168*0.0254 -> 2.112264 | C12: 1 | E12: =A12 -> 0.495 | F12: =C12 -> 1 | G12: =E13-テーブル13418[[#This Row],[A列：z'[m']]] -> 0.026 | H12: =(F12+F13)/2 -> 1 | I12: =テーブル13418[[#This Row],[C列：Δz]]*テーブル13418[[#This Row],[D列：平均出力]] -> 0.026
A13: 0.521 | B13: =A13*168*0.0254 -> 2.2232112 | C13: 1 | E13: =A13 -> 0.521 | F13: =C13 -> 1 | G13: =E14-テーブル13418[[#This Row],[A列：z'[m']]] -> 0.026 | H13: =(F13+F14)/2 -> 1 | I13: =テーブル13418[[#This Row],[C列：Δz]]*テーブル13418[[#This Row],[D列：平均出力]] -> 0.026
A14: 0.547 | B14: =A14*168*0.0254 -> 2.3341584 | C14: 1 | E14: =A14 -> 0.547 | F14: =C14 -> 1 | G14: =E15-テーブル13418[[#This Row],[A列：z'[m']]] -> 0.026 | H14: =(F14+F15)/2 -> 1 | I14: =テーブル13418[[#This Row],[C列：Δz]]*テーブル13418[[#This Row],[D列：平均出力]] -> 0.026
A15: 0.573 | B15: =A15*168*0.0254 -> 2.4451056 | C15: 1 | E15: =A15 -> 0.573 | F15: =C15 -> 1 | G15: =E16-テーブル13418[[#This Row],[A列：z'[m']]] -> 0.026 | H15: =(F15+F16)/2 -> 1 | I15: =テーブル13418[[#This Row],[C列：Δz]]*テーブル13418[[#This Row],[D列：平均出力]] -> 0.026
A16: 0.599 | B16: =A16*168*0.0254 -> 2.5560528 | C16: 1 | E16: =A16 -> 0.599 | F16: =C16 -> 1 | G16: =E17-テーブル13418[[#This Row],[A列：z'[m']]] -> 0.026 | H16: =(F16+F17)/2 -> 1 | I16: =テーブル13418[[#This Row],[C列：Δz]]*テーブル13418[[#This Row],[D列：平均出力]] -> 0.026
A17: 0.625 | B17: =A17*168*0.0254 -> 2.667 | C17: 1 | E17: =A17 -> 0.625 | F17: =C17 -> 1 | G17: =E18-テーブル13418[[#This Row],[A列：z'[m']]] -> 0.026 | H17: =(F17+F18)/2 -> 1 | I17: =テーブル13418[[#This Row],[C列：Δz]]*テーブル13418[[#This Row],[D列：平均出力]] -> 0.026
A18: 0.651 | B18: =A18*168*0.0254 -> 2.7779472 | C18: 1 | E18: =A18 -> 0.651 | F18: =C18 -> 1 | G18: =E19-テーブル13418[[#This Row],[A列：z'[m']]] -> 0.026 | H18: =(F18+F19)/2 -> 1 | I18: =テーブル13418[[#This Row],[C列：Δz]]*テーブル13418[[#This Row],[D列：平均出力]] -> 0.026
A19: 0.677 | B19: =A19*168*0.0254 -> 2.8888944 | C19: 1 | E19: =A19 -> 0.677 | F19: =C19 -> 1 | G19: =E20-テーブル13418[[#This Row],[A列：z'[m']]] -> 0.026 | H19: =(F19+F20)/2 -> 1 | I19: =テーブル13418[[#This Row],[C列：Δz]]*テーブル13418[[#This Row],[D列：平均出力]] -> 0.026
A20: 0.703 | B20: =A20*168*0.0254 -> 2.9998416 | C20: 1 | E20: =A20 -> 0.703 | F20: =C20 -> 1 | G20: =E21-テーブル13418[[#This Row],[A列：z'[m']]] -> 0.026 | H20: =(F20+F21)/2 -> 1 | I20: =テーブル13418[[#This Row],[C列：Δz]]*テーブル13418[[#This Row],[D列：平均出力]] -> 0.026
... A29: 1 | B29: =A29*168*0.0254 -> 4.2672 | C29: 1 | E29: =A29 -> 1 | F29: =C29 -> 1 | G29: =E30-テーブル13418[[#This Row],[A列：z'[m']]] -> -1 | H29: =(F29+F30)/2 -> 0.5 | I29: =テーブル13418[[#This Row],[C列：Δz]]*テーブル13418[[#This Row],[D列：平均出力]] -> -0.5

Sheet TEST SECTION NUMBER 164
A1: X | B1: Y | C1: TEST NUMBER | E1: 正規化座標XCHF | F1: Q(AVE) | G1: qCHF[10⁶ Btu/hr・ft²] | I1: SRL[-] | J1: RUN[-] | K1: PRESS[psia] | L1: TEMP[F] | M1: G(AVE)[106 lbs/hr・ft²] | N1: Q(AVE)[10⁶ Btu/hr・ft²] | O1: CHF RODS[-] | P1: HEATED LENGTH[inch] | Q1: LOCATION OF CHF[inch] | R1: NORMALIZED DISTRIBUTION(Y)
A2: 0 | B2: 0.39 | C2: 164 | E2: =Q2/P2 -> 0.79761905 | F2: =N2 -> 0.339 | G2: =$C$8*F2*R2 -> 0.3163308 | I2: 1 | J2: 1979 | K2: 2100 | L2: 492.6 | M2: 1.454 | N2: 0.339 | O2: 19.1 | P2: 168 | Q2: 134 | R2: 0.85217279
A3: 0.032 | B3: 0.416 | C3: PITCH[in] | E3: =Q3/P3 -> 0.79761905 | F3: =N3 -> 0.402 | G3: =$C$8*F3*R3 -> 0.37511794 | I3: 2 | J3: 1980 | K3: 2105 | L3: 503.8 | M3: 1.968 | N3: 0.402 | O3: 19.1 | P3: 168 | Q3: 134 | R3: 0.85217279
A4: 0.064 | B4: 0.475 | C4: 0.496 | E4: =Q4/P4 -> 0.79761905 | F4: =N4 -> 0.486 | G4: =$C$8*F4*R4 -> 0.45350079 | I4: 3 | J4: 1981 | K4: 2100 | L4: 502.1 | M4: 2.5 | N4: 0.486 | O4: 19.1 | P4: 168 | Q4: 134 | R4: 0.85217279
A5: 0.097 | B5: 0.543 | C5: ROD OD[in] | E5: =Q5/P5 -> 0.79761905 | F5: =N5 -> 0.342 | G5: =$C$8*F5*R5 -> 0.31913019 | I5: 4 | J5: 1982 | K5: 2395 | L5: 500.4 | M5: 1.447 | N5: 0.342 | O5: 19.1 | P5: 168 | Q5: 134 | R5: 0.85217279
A6: 0.129 | B6: 0.619 | C6: 0.374 | E6: =Q6/P6 -> 0.79761905 | F6: =N6 -> 0.435 | G6: =$C$8*F6*R6 -> 0.4059112 | I6: 5 | J6: 1983 | K6: 2415 | L6: 507.2 | M6: 1.928 | N6: 0.435 | O6: 19.1 | P6: 168 | Q6: 134 | R6: 0.85217279
A7: 0.193 | B7: 0.819 | C7: 半径方向の出力分布補正 | E7: =Q7/P7 -> 0.79761905 | F7: =N7 -> 0.518 | G7: =$C$8*F7*R7 -> 0.48336093 | I7: 6 | J7: 1984 | K7: 2415 | L7: 510.6 | M7: 2.49 | N7: 0.518 | O7: 19.1 | P7: 168 | Q7: 134 | R7: 0.85217279
A8: 0.258 | B8: 1.048 | C8: 1.095 | E8: =Q8/P8 -> 0.79761905 | F8: =N8 -> 0.288 | G8: =$C$8*F8*R8 -> 0.26874121 | I8: 7 | J8: 1985 | K8: 2400 | L8: 553.1 | M8: 1.446 | N8: 0.288 | O8: 19.1 | P8: 168 | Q8: 134 | R8: 0.85217279
A9: 0.322 | B9: 1.25 | E9: =Q9/P9 -> 0.79761905 | F9: =N9 -> 0.363 | G9: =$C$8*F9*R9 -> 0.3387259 | I9: 8 | J9: 1986 | K9: 2425 | L9: 555.6 | M9: 2.002 | N9: 0.363 | O9: 19.1 | P9: 168 | Q9: 134 | R9: 0.85217279
A10: 0.354 | B10: 1.353 | E10: =Q10/P10 -> 0.79761905 | F10: =N10 -> 0.423 | G10: =$C$8*F10*R10 -> 0.39471365 | I10: 9 | J10: 1987 | K10: 2400 | L10: 554.6 | M10: 2.495 | N10: 0.423 | O10: 19.1 | P10: 168 | Q10: 134 | R10: 0.85217279
A11: 0.387 | B11: 1.44 | E11: =Q11/P11 -> 0.79761905 | F11: =N11 -> 0.504 | G11: =$C$8*F11*R11 -> 0.47029712 | I11: 10 | J11: 1988 | K11: 2405 | L11: 556 | M11: 2.98 | N11: 0.504 | O11: 19.1 | P11: 168 | Q11: 134 | R11: 0.85217279
A12: 0.419 | B12: 1.505 | E12: =Q12/P12 -> 0.79761905 | F12: =N12 -> 0.28 | G12: =$C$8*F12*R12 -> 0.26127618 | I12: 11 | J12: 1989 | K12: 2115 | L12: 562.3 | M12: 1.406 | N12: 0.28 | O12: 20.1 | P12: 168 | Q12: 134 | R12: 0.85217279
A13: 0.432 | B13: 1.527 | E13: =Q13/P13 -> 0.79761905 | F13: =N13 -> 0.328 | G13: =$C$8*F13*R13 -> 0.30606638 | I13: 12 | J13: 1990 | K13: 2110 | L13: 551 | M13: 2.043 | N13: 0.328 | O13: 19.1 | P13: 168 | Q13: 134 | R13: 0.85217279
A14: 0.451 | B14: 1.544 | E14: =Q14/P14 -> 0.79761905 | F14: =N14 -> 0.387 | G14: =$C$8*F14*R14 -> 0.361121 | I14: 13 | J14: 1991 | K14: 2105 | L14: 549 | M14: 2.499 | N14: 0.387 | O14: 19.1 | P14: 168 | Q14: 134 | R14: 0.85217279
A15: 0.483 | B15: 1.548 | E15: =Q15/P15 -> 0.79761905 | F15: =N15 -> 0.461 | G15: =$C$8*F15*R15 -> 0.43017256 | I15: 14 | J15: 1992 | K15: 2115 | L15: 548.8 | M15: 2.998 | N15: 0.461 | O15: 19.1 | P15: 168 | Q15: 134 | R15: 0.85217279
A16: 0.515 | B16: 1.544 | E16: =Q16/P16 -> 0.79761905 | F16: =N16 -> 0.486 | G16: =$C$8*F16*R16 -> 0.45350079 | I16: 15 | J16: 1993 | K16: 2100 | L16: 557.3 | M16: 3.457 | N16: 0.486 | O16: 19.1 | P16: 168 | Q16: 134 | R16: 0.85217279
A17: 0.541 | B17: 1.535 | E17: =Q17/P17 -> 0.79761905 | F17: =N17 -> 0.494 | G17: =$C$8*F17*R17 -> 0.46096583 | I17: 16 | J17: 1994 | K17: 2395 | L17: 578.5 | M17: 3.464 | N17: 0.494 | O17: 19.1 | P17: 168 | Q17: 134 | R17: 0.85217279
A18: 0.562 | B18: 1.505 | E18: =Q18/P18 -> 0.79761905 | F18: =N18 -> 0.284 | G18: =$C$8*F18*R18 -> 0.26500869 | I18: 17 | J18: 1995 | K18: 2400 | L18: 598 | M18: 1.994 | N18: 0.284 | O18: 19.1 | P18: 168 | Q18: 134 | R18: 0.85217279
A19: 0.58 | B19: 1.483 | E19: =Q19/P19 -> 0.79761905 | F19: =N19 -> 0.326 | G19: =$C$8*F19*R19 -> 0.30420012 | I19: 18 | J19: 1996 | K19: 2405 | L19: 606 | M19: 2.456 | N19: 0.326 | O19: 19.1 | P19: 168 | Q19: 134 | R19: 0.85217279
A20: 0.612 | B20: 1.418 | E20: =Q20/P20 -> 0.79761905 | F20: =N20 -> 0.373 | G20: =$C$8*F20*R20 -> 0.34805719 | I20: 19 | J20: 1997 | K20: 2400 | L20: 605 | M20: 2.962 | N20: 0.373 | O20: 19.1 | P20: 168 | Q20: 134 | R20: 0.85217279
... A28: 1 | B28: 0.416 | E28: =Q28/P28 -> 0.66666667 | F28: =N28 -> 0.322 | G28: =$C$8*F28*R28 -> 0.44853006 | I28: 26 | J28: 2004 | K28: 1805 | L28: 579.7 | M28: 2.535 | N28: 0.322 | O28: 19.3 | P28: 168 | Q28: 112 | R28: 1.2721009
E29: =Q29/P29 -> 0.66666667 | F29: =N29 -> 0.347 | G29: =$C$8*F29*R29 -> 0.48335383 | I29: 27 | J29: 2005 | K29: 1800 | L29: 582.2 | M29: 2.97 | N29: 0.347 | O29: 19.3 | P29: 168 | Q29: 112 | R29: 1.2721009
E30: =Q30/P30 -> 0.66666667 | F30: =N30 -> 0.394 | G30: =$C$8*F30*R30 -> 0.5488225 | I30: 28 | J30: 2006 | K30: 1805 | L30: 580.7 | M30: 3.485 | N30: 0.394 | O30: 19.3 | P30: 168 | Q30: 112 | R30: 1.2721009
E31: =Q31/P31 -> 0.66666667 | F31: =N31 -> 0.377 | G31: =$C$8*F31*R31 -> 0.52514234 | I31: 29 | J31: 2007 | K31: 1505 | L31: 571.7 | M31: 3.415 | N31: 0.377 | O31: 19.3 | P31: 168 | Q31: 112 | R31: 1.2721009
E32: =Q32/P32 -> 0.66666667 | F32: =N32 -> 0.307 | G32: =$C$8*F32*R32 -> 0.4276358 | I32: 30 | J32: 2008 | K32: 1500 | L32: 569.4 | M32: 1.987 | N32: 0.307 | O32: 19.3 | P32: 168 | Q32: 112 | R32: 1.2721009
E33: =Q33/P33 -> 0.66666667 | F33: =N33 -> 0.334 | G33: =$C$8*F33*R33 -> 0.46524547 | I33: 31 | J33: 2009 | K33: 1500 | L33: 570.6 | M33: 2.491 | N33: 0.334 | O33: 19.3 | P33: 168 | Q33: 112 | R33: 1.2721009
E34: =Q34/P34 -> 0.66666667 | F34: =N34 -> 0.363 | G34: =$C$8*F34*R34 -> 0.50564103 | I34: 32 | J34: 2010 | K34: 1510 | L34: 570.6 | M34: 2.988 | N34: 0.363 | O34: 19.3 | P34: 168 | Q34: 112 | R34: 1.2721009
E35: =Q35/P35 -> 0.66666667 | F35: =N35 -> 0.297 | G35: =$C$8*F35*R35 -> 0.4137063 | I35: 33 | J35: 2011 | K35: 1505 | L35: 533.5 | M35: 1.427 | N35: 0.297 | O35: 18.3 | P35: 168 | Q35: 112 | R35: 1.2721009
E36: =Q36/P36 -> 0.66666667 | F36: =N36 -> 0.353 | G36: =$C$8*F36*R36 -> 0.49171153 | I36: 34 | J36: 2012 | K36: 1500 | L36: 531.3 | M36: 2.007 | N36: 0.353 | O36: 19.3 | P36: 168 | Q36: 112 | R36: 1.2721009
E37: =Q37/P37 -> 0.66666667 | F37: =N37 -> 0.404 | G37: =$C$8*F37*R37 -> 0.562752 | I37: 35 | J37: 2013 | K37: 1500 | L37: 525.7 | M37: 2.502 | N37: 0.404 | O37: 19.3 | P37: 168 | Q37: 112 | R37: 1.2721009
E38: =Q38/P38 -> 0.66666667 | F38: =N38 -> 0.438 | G38: =$C$8*F38*R38 -> 0.61011232 | I38: 36 | J38: 2014 | K38: 1505 | L38: 528.8 | M38: 2.969 | N38: 0.438 | O38: 19.3 | P38: 168 | Q38: 112 | R38: 1.2721009
E39: =Q39/P39 -> 0.66666667 | F39: =N39 -> 0.472 | G39: =$C$8*F39*R39 -> 0.65747264 | I39: 37 | J39: 2015 | K39: 1510 | L39: 531.8 | M39: 3.534 | N39: 0.472 | O39: 19.3 | P39: 168 | Q39: 112 | R39: 1.2721009
E40: =Q40/P40 -> 0.79761905 | F40: =N40 -> 0.364 | G40: =$C$8*F40*R40 -> 0.33965903 | I40: 39 | J40: 2017 | K40: 1800 | L40: 528.1 | M40: 1.995 | N40: 0.364 | O40: 20.1 | P40: 168 | Q40: 134 | R40: 0.85217279
... E94: =Q94/P94 -> 0.79761905 | F94: =N94 -> 0.251 | G94: =$C$8*F94*R94 -> 0.23421543 | I94: 98 | J94: 2076 | K94: 755 | L94: 370 | M94: 0.513 | N94: 0.251 | O94: 18.1 | P94: 168 | Q94: 134 | R94: 0.85217279
A96: 線形補間
A97: X | B97: Y
A98: 0 | B98: 0.39
A99: 0.00010001 | B99: 0.39008126
A100: 0.00020002 | B100: 0.39016252
A101: 0.00030003 | B101: 0.39024377
A102: 0.00040004 | B102: 0.39032503
A103: 0.00050005001 | B103: 0.39040629
A104: 0.00060006001 | B104: 0.39048755
A105: 0.00070007001 | B105: 0.39056881
A106: 0.00080008001 | B106: 0.39065007
A107: 0.00090009001 | B107: 0.39073132
A108: 0.0010001 | B108: 0.39081258
A109: 0.00110011 | B109: 0.39089384
... A10097: 1 | B10097: 0.416

Sheet 単位換算164
Z4: ③Celataの計算に必要な値に変換 | AD4: クオリティの計算 | AL4: 実験値 | AM4: ロッド16本の濡れぶち | AN4: ロッド１６本の全出力 | AO4: ロッドを１本にし、ピークのロッドで考える | AP4: DNB相対位置 | AQ4: 総出力をロッド１本、DNB位置までに変換 | AR4: 検算 これにより、QAVEに半径・軸の相対ピーク値をかけるとCHFになることがわかる
A5: TEST SECTION NUMBER | B5: SRL | C5: PRESSURE (psia) | D5: LENGTH (in.) | E5: MASS VELOCITY × 10⁻⁶ (lb/hr.ft²) | F5: INLET TEMP[F] | G5: BURNOUT HEAT FLUX × 10⁻⁶ (BTU/hr.ft²) | H5: PITCH[in] | I5: ROD OD[in] | K5: 実験番号. | L5: Pin圧力 (Pa) | M5: L_全長[m] | N5: PITCH[m] | O5: ROD OD[m] | P5: 流路断面積[m2] | Q5: 濡れ縁長さ[m] | R5: 流路断面積[in2] | S5: 濡れ縁長さ[in] | T5: 管の長さ (m) | U5: 質量流速[kg/(m²·s)] | V5: 入口温度[K] | W5: CHF [MW/m²] | X5: 補正式F | Z5: 流路断面積 A[m2] | AA5: 濡れ縁長さ[m] | AB5: 入口温度[K] | AD5: G | AE5: A | AF5: Hlg | AG5: Ts | AH5: Tin | AI5: CPL_Ts | AJ5: CPL_Tin | AK5: CPL_ave | AL5: Q_AVE | AM5: A_htr | AN5: Q_all | AO5: r_ratio | AP5: z_ratio | AQ5: Q_DNB | AR5: q_DNB_nishida | AS5: GAHlg | AT5: xin_nishida | AU5: xout_nishida | AV5: DNB位置の軸方向出力 | AW5: ロッド数 | AX5: DNB位置の半径方向出力 | AY5: Tsub | AZ5: Hsub | BA5: Hsub[kJ/kg]
A6: ='TEST SECTION NUMBER 164'!$C$2 -> 164 | B6: ='TEST SECTION NUMBER 164'!I2 -> 1 | C6: ='TEST SECTION NUMBER 164'!K2 -> 2100 | D6: ='TEST SECTION NUMBER 164'!Q2 -> 134 | E6: ='TEST SECTION NUMBER 164'!M2 -> 1.454 | F6: ='TEST SECTION NUMBER 164'!L2 -> 492.6 | G6: ='TEST SECTION NUMBER 164'!G2 -> 0.3163308 | H6: ='TEST SECTION NUMBER 164'!$C$4 -> 0.496 | I6: ='TEST SECTION NUMBER 164'!$C$6 -> 0.374 | K6: =B6&"_"&テーブル41419[[#This Row],[TEST SECTION NUMBER]] -> 1_164 | L6: =C6*6894.757 -> 14478990 | M6: ='TEST SECTION NUMBER 164'!P2*0.0254 -> 4.2672 | N6: ='TEST SECTION NUMBER 164'!$C$4*0.0254 -> 0.0125984 | O6: ='TEST SECTION NUMBER 164'!$C$6*0.0254 -> 0.0094996 | P6: =N6^2-PI()*(O6/2)^2 -> 8.7843467e-05 | Q6: =O6*PI() -> 0.029843874 | R6: ='TEST SECTION NUMBER 164'!$C$4^2-PI()*(('TEST SECTION NUMBER 164'!$C$6)^2)/4 -> 0.13615765 | S6: =PI()*'TEST SECTION NUMBER 164'!$C$6 -> 1.1749557 | T6: =D6*0.0254 -> 3.4036 | U6: =E6*10^6*0.001356 -> 1971.624 | V6: =(F6 - 32) * 5/9 + 273.15 -> 529.03889 | W6: =G6*3.1546 -> 0.99789714 | X6: 0.926529 | Z6: =R6*0.0254^2 -> 8.7843467e-05 | AA6: =S6*0.0254 -> 0.029843874 | AB6: =V6 -> 529.03889 | AC6: 1 | AD6: =U6 -> 1971.624 | AE6: =Z6 -> 8.7843467e-05 | AF6: 1035404.6 | AG6: 612.4837 | AH6: =単位換算164!AB6 -> 529.03889 | AI6: 8121.4607 | AJ6: 4798.3707 | AK6: =(テーブル51520[[#This Row],[CPL_Ts]]+テーブル51520[[#This Row],[CPL_Tin]])/2 -> 6459.9157 | AL6: ='TEST SECTION NUMBER 164'!N2*3.1546 -> 1.0694094 | AM6: =PI()*O6*16*M6 -> 2.0375964 | AN6: =テーブル51520[[#This Row],[Q_AVE]]*テーブル51520[[#This Row],[A_htr]] -> 2.1790248 | AO6: =テーブル51520[[#This Row],[DNB位置の軸方向出力]]/テーブル51520[[#This Row],[ロッド数]] -> 0.034086912 | AP6: ='TEST SECTION NUMBER 164'!E2 -> 0.79761905 | AQ6: =テーブル51520[[#This Row],[Q_all]]*テーブル51520[[#This Row],[z_ratio]]*テーブル51520[[#This Row],[r_ratio]]*1000000 -> 59244.132 | AR6: =テーブル51520[[#This Row],[Q_AVE]]*テーブル51520[[#This Row],[DNB位置の軸方向出力]]*テーブル51520[[#This Row],[DNB位置の半径方向出力]] -> 0.99789714 | AS6: =テーブル51520[[#This Row],[G]]*テーブル51520[[#This Row],[A]]*テーブル51520[[#This Row],[Hlg]] -> 179326.17 | AT6: =-テーブル51520[[#This Row],[G]]*テーブル51520[[#This Row],[A]]*テーブル51520[[#This Row],[CPL_ave]]*(テーブル51520[[#This Row],[Ts]]-テーブル51520[[#This Row],[Tin]]) -> -93359.768 | AU6: =(テーブル51520[[#This Row],[Q_DNB]]+テーブル51520[[#This Row],[xin_nishida]])/テーブル51520[[#This Row],[GAHlg]] -> -0.19024349 | AV6: 0.85217279 | AW6: 25 | AX6: 1.095 | AY6: =テーブル51520[[#This Row],[Ts]]-テーブル51520[[#This Row],[Tin]] -> 83.444814 | AZ6: 475580.49 | BA6: =テーブル51520[[#This Row],[Hsub]]/1000 -> 475.58049
A7: ='TEST SECTION NUMBER 164'!$C$2 -> 164 | B7: ='TEST SECTION NUMBER 164'!I3 -> 2 | C7: ='TEST SECTION NUMBER 164'!K3 -> 2105 | D7: ='TEST SECTION NUMBER 164'!Q3 -> 134 | E7: ='TEST SECTION NUMBER 164'!M3 -> 1.968 | F7: ='TEST SECTION NUMBER 164'!L3 -> 503.8 | G7: ='TEST SECTION NUMBER 164'!G3 -> 0.37511794 | H7: ='TEST SECTION NUMBER 164'!$C$4 -> 0.496 | I7: ='TEST SECTION NUMBER 164'!$C$6 -> 0.374 | K7: =B7&"_"&テーブル41419[[#This Row],[TEST SECTION NUMBER]] -> 2_164 | L7: =C7*6894.757 -> 14513463 | M7: ='TEST SECTION NUMBER 164'!P3*0.0254 -> 4.2672 | N7: ='TEST SECTION NUMBER 164'!$C$4*0.0254 -> 0.0125984 | O7: ='TEST SECTION NUMBER 164'!$C$6*0.0254 -> 0.0094996 | P7: =N7^2-PI()*(O7/2)^2 -> 8.7843467e-05 | Q7: =O7*PI() -> 0.029843874 | R7: ='TEST SECTION NUMBER 164'!$C$4^2-PI()*(('TEST SECTION NUMBER 164'!$C$6)^2)/4 -> 0.13615765 | S7: =PI()*'TEST SECTION NUMBER 164'!$C$6 -> 1.1749557 | T7: =D7*0.0254 -> 3.4036 | U7: =E7*10^6*0.001356 -> 2668.608 | V7: =(F7 - 32) * 5/9 + 273.15 -> 535.26111 | W7: =G7*3.1546 -> 1.1833471 | X7: 0.926529 | Z7: =R7*0.0254^2 -> 8.7843467e-05 | AA7: =S7*0.0254 -> 0.029843874 | AB7: =V7 -> 535.26111 | AC7: 2 | AD7: =U7 -> 2668.608 | AE7: =Z7 -> 8.7843467e-05 | AF7: 1033117.1 | AG7: 612.67292 | AH7: =単位換算164!AB7 -> 535.26111 | AI7: 8145.6742 | AJ7: 4862.6033 | AK7: =(テーブル51520[[#This Row],[CPL_Ts]]+テーブル51520[[#This Row],[CPL_Tin]])/2 -> 6504.1388 | AL7: ='TEST SECTION NUMBER 164'!N3*3.1546 -> 1.2681492 | AM7: =PI()*O7*16*M7 -> 2.0375964 | AN7: =テーブル51520[[#This Row],[Q_AVE]]*テーブル51520[[#This Row],[A_htr]] -> 2.5839763 | AO7: =テーブル51520[[#This Row],[DNB位置の軸方向出力]]/テーブル51520[[#This Row],[ロッド数]] -> 0.034086912 | AP7: ='TEST SECTION NUMBER 164'!E3 -> 0.79761905 | AQ7: =テーブル51520[[#This Row],[Q_all]]*テーブル51520[[#This Row],[z_ratio]]*テーブル51520[[#This Row],[r_ratio]]*1000000 -> 70254.103 | AR7: =テーブル51520[[#This Row],[Q_AVE]]*テーブル51520[[#This Row],[DNB位置の軸方向出力]]*テーブル51520[[#This Row],[DNB位置の半径方向出力]] -> 1.1833471 | AS7: =テーブル51520[[#This Row],[G]]*テーブル51520[[#This Row],[A]]*テーブル51520[[#This Row],[Hlg]] -> 242183.09 | AT7: =-テーブル51520[[#This Row],[G]]*テーブル51520[[#This Row],[A]]*テーブル51520[[#This Row],[CPL_ave]]*(テーブル51520[[#This Row],[Ts]]-テーブル51520[[#This Row],[Tin]]) -> -118029.69 | AU7: =(テーブル51520[[#This Row],[Q_DNB]]+テーブル51520[[#This Row],[xin_nishida]])/テーブル51520[[#This Row],[GAHlg]] -> -0.19727053 | AV7: 0.85217279 | AW7: 25 | AX7: 1.095 | AY7: =テーブル51520[[#This Row],[Ts]]-テーブル51520[[#This Row],[Tin]] -> 77.411809 | AZ7: 446880.53 | BA7: =テーブル51520[[#This Row],[Hsub]]/1000 -> 446.88053
A8: ='TEST SECTION NUMBER 164'!$C$2 -> 164 | B8: ='TEST SECTION NUMBER 164'!I4 -> 3 | C8: ='TEST SECTION NUMBER 164'!K4 -> 2100 | D8: ='TEST SECTION NUMBER 164'!Q4 -> 134 | E8: ='TEST SECTION NUMBER 164'!M4 -> 2.5 | F8: ='TEST SECTION NUMBER 164'!L4 -> 502.1 | G8: ='TEST SECTION NUMBER 164'!G4 -> 0.45350079 | H8: ='TEST SECTION NUMBER 164'!$C$4 -> 0.496 | I8: ='TEST SECTION NUMBER 164'!$C$6 -> 0.374 | K8: =B8&"_"&テーブル41419[[#This Row],[TEST SECTION NUMBER]] -> 3_164 | L8: =C8*6894.757 -> 14478990 | M8: ='TEST SECTION NUMBER 164'!P4*0.0254 -> 4.2672 | N8: ='TEST SECTION NUMBER 164'!$C$4*0.0254 -> 0.0125984 | O8: ='TEST SECTION NUMBER 164'!$C$6*0.0254 -> 0.0094996 | P8: =N8^2-PI()*(O8/2)^2 -> 8.7843467e-05 | Q8: =O8*PI() -> 0.029843874 | R8: ='TEST SECTION NUMBER 164'!$C$4^2-PI()*(('TEST SECTION NUMBER 164'!$C$6)^2)/4 -> 0.13615765 | S8: =PI()*'TEST SECTION NUMBER 164'!$C$6 -> 1.1749557 | T8: =D8*0.0254 -> 3.4036 | U8: =E8*10^6*0.001356 -> 3390 | V8: =(F8 - 32) * 5/9 + 273.15 -> 534.31667 | W8: =G8*3.1546 -> 1.4306136 | X8: 0.926529 | Z8: =R8*0.0254^2 -> 8.7843467e-05 | AA8: =S8*0.0254 -> 0.029843874 | AB8: =V8 -> 534.31667 | AC8: 3 | AD8: =U8 -> 3390 | AE8: =Z8 -> 8.7843467e-05 | AF8: 1035404.6 | AG8: 612.4837 | AH8: =単位換算164!AB8 -> 534.31667 | AI8: 8121.4607 | AJ8: 4852.7933 | AK8: =(テーブル51520[[#This Row],[CPL_Ts]]+テーブル51520[[#This Row],[CPL_Tin]])/2 -> 6487.127 | AL8: ='TEST SECTION NUMBER 164'!N4*3.1546 -> 1.5331356 | AM8: =PI()*O8*16*M8 -> 2.0375964 | AN8: =テーブル51520[[#This Row],[Q_AVE]]*テーブル51520[[#This Row],[A_htr]] -> 3.1239116 | AO8: =テーブル51520[[#This Row],[DNB位置の軸方向出力]]/テーブル51520[[#This Row],[ロッド数]] -> 0.034086912 | AP8: ='TEST SECTION NUMBER 164'!E4 -> 0.79761905 | AQ8: =テーブル51520[[#This Row],[Q_all]]*テーブル51520[[#This Row],[z_ratio]]*テーブル51520[[#This Row],[r_ratio]]*1000000 -> 84934.065 | AR8: =テーブル51520[[#This Row],[Q_AVE]]*テーブル51520[[#This Row],[DNB位置の軸方向出力]]*テーブル51520[[#This Row],[DNB位置の半径方向出力]] -> 1.4306136 | AS8: =テーブル51520[[#This Row],[G]]*テーブル51520[[#This Row],[A]]*テーブル51520[[#This Row],[Hlg]] -> 308332.48 | AT8: =-テーブル51520[[#This Row],[G]]*テーブル51520[[#This Row],[A]]*テーブル51520[[#This Row],[CPL_ave]]*(テーブル51520[[#This Row],[Ts]]-テーブル51520[[#This Row],[Tin]]) -> -151002.87 | AU8: =(テーブル51520[[#This Row],[Q_DNB]]+テーブル51520[[#This Row],[xin_nishida]])/テーブル51520[[#This Row],[GAHlg]] -> -0.21427781 | AV8: 0.85217279 | AW8: 25 | AX8: 1.095 | AY8: =テーブル51520[[#This Row],[Ts]]-テーブル51520[[#This Row],[Tin]] -> 78.167036 | AZ8: 450114.31 | BA8: =テーブル51520[[#This Row],[Hsub]]/1000 -> 450.11431
A9: ='TEST SECTION NUMBER 164'!$C$2 -> 164 | B9: ='TEST SECTION NUMBER 164'!I5 -> 4 | C9: ='TEST SECTION NUMBER 164'!K5 -> 2395 | D9: ='TEST SECTION NUMBER 164'!Q5 -> 134 | E9: ='TEST SECTION NUMBER 164'!M5 -> 1.447 | F9: ='TEST SECTION NUMBER 164'!L5 -> 500.4 | G9: ='TEST SECTION NUMBER 164'!G5 -> 0.31913019 | H9: ='TEST SECTION NUMBER 164'!$C$4 -> 0.496 | I9: ='TEST SECTION NUMBER 164'!$C$6 -> 0.374 | K9: =B9&"_"&テーブル41419[[#This Row],[TEST SECTION NUMBER]] -> 4_164 | L9: =C9*6894.757 -> 16512943 | M9: ='TEST SECTION NUMBER 164'!P5*0.0254 -> 4.2672 | N9: ='TEST SECTION NUMBER 164'!$C$4*0.0254 -> 0.0125984 | O9: ='TEST SECTION NUMBER 164'!$C$6*0.0254 -> 0.0094996 | P9: =N9^2-PI()*(O9/2)^2 -> 8.7843467e-05 | Q9: =O9*PI() -> 0.029843874 | R9: ='TEST SECTION NUMBER 164'!$C$4^2-PI()*(('TEST SECTION NUMBER 164'!$C$6)^2)/4 -> 0.13615765 | S9: =PI()*'TEST SECTION NUMBER 164'!$C$6 -> 1.1749557 | T9: =D9*0.0254 -> 3.4036 | U9: =E9*10^6*0.001356 -> 1962.132 | V9: =(F9 - 32) * 5/9 + 273.15 -> 533.37222 | W9: =G9*3.1546 -> 1.0067281 | X9: 0.926529 | Z9: =R9*0.0254^2 -> 8.7843467e-05 | AA9: =S9*0.0254 -> 0.029843874 | AB9: =V9 -> 533.37222 | AC9: 4 | AD9: =U9 -> 1962.132 | AE9: =Z9 -> 8.7843467e-05 | AF9: 893960.08 | AG9: 623.06876 | AH9: =単位換算164!AB9 -> 533.37222 | AI9: 10093.63 | AJ9: 4816.8412 | AK9: =(テーブル51520[[#This Row],[CPL_Ts]]+テーブル51520[[#This Row],[CPL_Tin]])/2 -> 7455.2358 | AL9: ='TEST SECTION NUMBER 164'!N5*3.1546 -> 1.0788732 | AM9: =PI()*O9*16*M9 -> 2.0375964 | AN9: =テーブル51520[[#This Row],[Q_AVE]]*テーブル51520[[#This Row],[A_htr]] -> 2.1983082 | AO9: =テーブル51520[[#This Row],[DNB位置の軸方向出力]]/テーブル51520[[#This Row],[ロッド数]] -> 0.034086912 | AP9: ='TEST SECTION NUMBER 164'!E5 -> 0.79761905 | AQ9: =テーブル51520[[#This Row],[Q_all]]*テーブル51520[[#This Row],[z_ratio]]*テーブル51520[[#This Row],[r_ratio]]*1000000 -> 59768.416 | AR9: =テーブル51520[[#This Row],[Q_AVE]]*テーブル51520[[#This Row],[DNB位置の軸方向出力]]*テーブル51520[[#This Row],[DNB位置の半径方向出力]] -> 1.0067281 | AS9: =テーブル51520[[#This Row],[G]]*テーブル51520[[#This Row],[A]]*テーブル51520[[#This Row],[Hlg]] -> 154083.39 | AT9: =-テーブル51520[[#This Row],[G]]*テーブル51520[[#This Row],[A]]*テーブル51520[[#This Row],[CPL_ave]]*(テーブル51520[[#This Row],[Ts]]-テーブル51520[[#This Row],[Tin]]) -> -115258.98 | AU9: =(テーブル51520[[#This Row],[Q_DNB]]+テーブル51520[[#This Row],[xin_nishida]])/テーブル51520[[#This Row],[GAHlg]] -> -0.36013334 | AV9: 0.85217279 | AW9: 25 | AX9: 1.095 | AY9: =テーブル51520[[#This Row],[Ts]]-テーブル51520[[#This Row],[Tin]] -> 89.696543 | AZ9: 535211.47 | BA9: =テーブル51520[[#This Row],[Hsub]]/1000 -> 535.21147
A10: ='TEST SECTION NUMBER 164'!$C$2 -> 164 | B10: ='TEST SECTION NUMBER 164'!I6 -> 5 | C10: ='TEST SECTION NUMBER 164'!K6 -> 2415 | D10: ='TEST SECTION NUMBER 164'!Q6 -> 134 | E10: ='TEST SECTION NUMBER 164'!M6 -> 1.928 | F10: ='TEST SECTION NUMBER 164'!L6 -> 507.2 | G10: ='TEST SECTION NUMBER 164'!G6 -> 0.4059112 | H10: ='TEST SECTION NUMBER 164'!$C$4 -> 0.496 | I10: ='TEST SECTION NUMBER 164'!$C$6 -> 0.374 | K10: =B10&"_"&テーブル41419[[#This Row],[TEST SECTION NUMBER]] -> 5_164 | L10: =C10*6894.757 -> 16650838 | M10: ='TEST SECTION NUMBER 164'!P6*0.0254 -> 4.2672 | N10: ='TEST SECTION NUMBER 164'!$C$4*0.0254 -> 0.0125984 | O10: ='TEST SECTION NUMBER 164'!$C$6*0.0254 -> 0.0094996 | P10: =N10^2-PI()*(O10/2)^2 -> 8.7843467e-05 | Q10: =O10*PI() -> 0.029843874 | R10: ='TEST SECTION NUMBER 164'!$C$4^2-PI()*(('TEST SECTION NUMBER 164'!$C$6)^2)/4 -> 0.13615765 | S10: =PI()*'TEST SECTION NUMBER 164'!$C$6 -> 1.1749557 | T10: =D10*0.0254 -> 3.4036 | U10: =E10*10^6*0.001356 -> 2614.368 | V10: =(F10 - 32) * 5/9 + 273.15 -> 537.15 | W10: =G10*3.1546 -> 1.2804875 | X10: 0.926529 | Z10: =R10*0.0254^2 -> 8.7843467e-05 | AA10: =S10*0.0254 -> 0.029843874 | AB10: =V10 -> 537.15 | AC10: 5 | AD10: =U10 -> 2614.368 | AE10: =Z10 -> 8.7843467e-05 | AF10: 883760.41 | AG10: 623.74675 | AH10: =単位換算164!AB10 -> 537.15 | AI10: 10285.201 | AJ10: 4854.3781 | AK10: =(テーブル51520[[#This Row],[CPL_Ts]]+テーブル51520[[#This Row],[CPL_Tin]])/2 -> 7569.7897 | AL10: ='TEST SECTION NUMBER 164'!N6*3.1546 -> 1.372251 | AM10: =PI()*O10*16*M10 -> 2.0375964 | AN10: =テーブル51520[[#This Row],[Q_AVE]]*テーブル51520[[#This Row],[A_htr]] -> 2.7960937 | AO10: =テーブル51520[[#This Row],[DNB位置の軸方向出力]]/テーブル51520[[#This Row],[ロッド数]] -> 0.034086912 | AP10: ='TEST SECTION NUMBER 164'!E6 -> 0.79761905 | AQ10: =テーブル51520[[#This Row],[Q_all]]*テーブル51520[[#This Row],[z_ratio]]*テーブル51520[[#This Row],[r_ratio]]*1000000 -> 76021.231 | AR10: =テーブル51520[[#This Row],[Q_AVE]]*テーブル51520[[#This Row],[DNB位置の軸方向出力]]*テーブル51520[[#This Row],[DNB位置の半径方向出力]] -> 1.2804875 | AS10: =テーブル51520[[#This Row],[G]]*テーブル51520[[#This Row],[A]]*テーブル51520[[#This Row],[Hlg]] -> 202960.13 | AT10: =-テーブル51520[[#This Row],[G]]*テーブル51520[[#This Row],[A]]*テーブル51520[[#This Row],[CPL_ave]]*(テーブル51520[[#This Row],[Ts]]-テーブル51520[[#This Row],[Tin]]) -> -150543.35 | AU10: =(テーブル51520[[#This Row],[Q_DNB]]+テーブル51520[[#This Row],[xin_nishida]])/テーブル51520[[#This Row],[GAHlg]] -> -0.36717616 | AV10: 0.85217279 | AW10: 25 | AX10: 1.095 | AY10: =テーブル51520[[#This Row],[Ts]]-テーブル51520[[#This Row],[Tin]] -> 86.596747 | AZ10: 522520.99 | BA10: =テーブル51520[[#This Row],[Hsub]]/1000 -> 522.52099
A11: ='TEST SECTION NUMBER 164'!$C$2 -> 164 | B11: ='TEST SECTION NUMBER 164'!I7 -> 6 | C11: ='TEST SECTION NUMBER 164'!K7 -> 2415 | D11: ='TEST SECTION NUMBER 164'!Q7 -> 134 | E11: ='TEST SECTION NUMBER 164'!M7 -> 2.49 | F11: ='TEST SECTION NUMBER 164'!L7 -> 510.6 | G11: ='TEST SECTION NUMBER 164'!G7 -> 0.48336093 | H11: ='TEST SECTION NUMBER 164'!$C$4 -> 0.496 | I11: ='TEST SECTION NUMBER 164'!$C$6 -> 0.374 | K11: =B11&"_"&テーブル41419[[#This Row],[TEST SECTION NUMBER]] -> 6_164 | L11: =C11*6894.757 -> 16650838 | M11: ='TEST SECTION NUMBER 164'!P7*0.0254 -> 4.2672 | N11: ='TEST SECTION NUMBER 164'!$C$4*0.0254 -> 0.0125984 | O11: ='TEST SECTION NUMBER 164'!$C$6*0.0254 -> 0.0094996 | P11: =N11^2-PI()*(O11/2)^2 -> 8.7843467e-05 | Q11: =O11*PI() -> 0.029843874 | R11: ='TEST SECTION NUMBER 164'!$C$4^2-PI()*(('TEST SECTION NUMBER 164'!$C$6)^2)/4 -> 0.13615765 | S11: =PI()*'TEST SECTION NUMBER 164'!$C$6 -> 1.1749557 | T11: =D11*0.0254 -> 3.4036 | U11: =E11*10^6*0.001356 -> 3376.44 | V11: =(F11 - 32) * 5/9 + 273.15 -> 539.03889 | W11: =G11*3.1546 -> 1.5248104 | X11: 0.926529 | Z11: =R11*0.0254^2 -> 8.7843467e-05 | AA11: =S11*0.0254 -> 0.029843874 | AB11: =V11 -> 539.03889 | AC11: 6 | AD11: =U11 -> 3376.44 | AE11: =Z11 -> 8.7843467e-05 | AF11: 883760.41 | AG11: 623.74675 | AH11: =単位換算164!AB11 -> 539.03889 | AI11: 10285.201 | AJ11: 4874.9802 | AK11: =(テーブル51520[[#This Row],[CPL_Ts]]+テーブル51520[[#This Row],[CPL_Tin]])/2 -> 7580.0907 | AL11: ='TEST SECTION NUMBER 164'!N7*3.1546 -> 1.6340828 | AM11: =PI()*O11*16*M11 -> 2.0375964 | AN11: =テーブル51520[[#This Row],[Q_AVE]]*テーブル51520[[#This Row],[A_htr]] -> 3.3296013 | AO11: =テーブル51520[[#This Row],[DNB位置の軸方向出力]]/テーブル51520[[#This Row],[ロッド数]] -> 0.034086912 | AP11: ='TEST SECTION NUMBER 164'!E7 -> 0.79761905 | AQ11: =テーブル51520[[#This Row],[Q_all]]*テーブル51520[[#This Row],[z_ratio]]*テーブル51520[[#This Row],[r_ratio]]*1000000 -> 90526.432 | AR11: =テーブル51520[[#This Row],[Q_AVE]]*テーブル51520[[#This Row],[DNB位置の軸方向出力]]*テーブル51520[[#This Row],[DNB位置の半径方向出力]] -> 1.5248104 | AS11: =テーブル51520[[#This Row],[G]]*テーブル51520[[#This Row],[A]]*テーブル51520[[#This Row],[Hlg]] -> 262121.74 | AT11: =-テーブル51520[[#This Row],[G]]*テーブル51520[[#This Row],[A]]*テーブル51520[[#This Row],[CPL_ave]]*(テーブル51520[[#This Row],[Ts]]-テーブル51520[[#This Row],[Tin]]) -> -190443.7 | AU11: =(テーブル51520[[#This Row],[Q_DNB]]+テーブル51520[[#This Row],[xin_nishida]])/テーブル51520[[#This Row],[GAHlg]] -> -0.3811865 | AV11: 0.85217279 | AW11: 25 | AX11: 1.095 | AY11: =テーブル51520[[#This Row],[Ts]]-テーブル51520[[#This Row],[Tin]] -> 84.707858 | AZ11: 513332.26 | BA11: =テーブル51520[[#This Row],[Hsub]]/1000 -> 513.33226
A12: ='TEST SECTION NUMBER 164'!$C$2 -> 164 | B12: ='TEST SECTION NUMBER 164'!I8 -> 7 | C12: ='TEST SECTION NUMBER 164'!K8 -> 2400 | D12: ='TEST SECTION NUMBER 164'!Q8 -> 134 | E12: ='TEST SECTION NUMBER 164'!M8 -> 1.446 | F12: ='TEST SECTION NUMBER 164'!L8 -> 553.1 | G12: ='TEST SECTION NUMBER 164'!G8 -> 0.26874121 | H12: ='TEST SECTION NUMBER 164'!$C$4 -> 0.496 | I12: ='TEST SECTION NUMBER 164'!$C$6 -> 0.374 | K12: =B12&"_"&テーブル41419[[#This Row],[TEST SECTION NUMBER]] -> 7_164 | L12: =C12*6894.757 -> 16547417 | M12: ='TEST SECTION NUMBER 164'!P8*0.0254 -> 4.2672 | N12: ='TEST SECTION NUMBER 164'!$C$4*0.0254 -> 0.0125984 | O12: ='TEST SECTION NUMBER 164'!$C$6*0.0254 -> 0.0094996 | P12: =N12^2-PI()*(O12/2)^2 -> 8.7843467e-05 | Q12: =O12*PI() -> 0.029843874 | R12: ='TEST SECTION NUMBER 164'!$C$4^2-PI()*(('TEST SECTION NUMBER 164'!$C$6)^2)/4 -> 0.13615765 | S12: =PI()*'TEST SECTION NUMBER 164'!$C$6 -> 1.1749557 | T12: =D12*0.0254 -> 3.4036 | U12: =E12*10^6*0.001356 -> 1960.776 | V12: =(F12 - 32) * 5/9 + 273.15 -> 562.65 | W12: =G12*3.1546 -> 0.84777103 | X12: 0.926529 | Z12: =R12*0.0254^2 -> 8.7843467e-05 | AA12: =S12*0.0254 -> 0.029843874 | AB12: =V12 -> 562.65 | AC12: 7 | AD12: =U12 -> 1960.776 | AE12: =Z12 -> 8.7843467e-05 | AF12: 891419.3 | AG12: 623.2387 | AH12: =単位換算164!AB12 -> 562.65 | AI12: 10140.552 | AJ12: 5208.7423 | AK12: =(テーブル51520[[#This Row],[CPL_Ts]]+テーブル51520[[#This Row],[CPL_Tin]])/2 -> 7674.647 | AL12: ='TEST SECTION NUMBER 164'!N8*3.1546 -> 0.9085248 | AM12: =PI()*O12*16*M12 -> 2.0375964 | AN12: =テーブル51520[[#This Row],[Q_AVE]]*テーブル51520[[#This Row],[A_htr]] -> 1.8512069 | AO12: =テーブル51520[[#This Row],[DNB位置の軸方向出力]]/テーブル51520[[#This Row],[ロッド数]] -> 0.034086912 | AP12: ='TEST SECTION NUMBER 164'!E8 -> 0.79761905 | AQ12: =テーブル51520[[#This Row],[Q_all]]*テーブル51520[[#This Row],[z_ratio]]*テーブル51520[[#This Row],[r_ratio]]*1000000 -> 50331.298 | AR12: =テーブル51520[[#This Row],[Q_AVE]]*テーブル51520[[#This Row],[DNB位置の軸方向出力]]*テーブル51520[[#This Row],[DNB位置の半径方向出力]] -> 0.84777103 | AS12: =テーブル51520[[#This Row],[G]]*テーブル51520[[#This Row],[A]]*テーブル51520[[#This Row],[Hlg]] -> 153539.27 | AT12: =-テーブル51520[[#This Row],[G]]*テーブル51520[[#This Row],[A]]*テーブル51520[[#This Row],[CPL_ave]]*(テーブル51520[[#This Row],[Ts]]-テーブル51520[[#This Row],[Tin]]) -> -80091.698 | AU12: =(テーブル51520[[#This Row],[Q_DNB]]+テーブル51520[[#This Row],[xin_nishida]])/テーブル51520[[#This Row],[GAHlg]] -> -0.19382924 | AV12: 0.85217279 | AW12: 25 | AX12: 1.095 | AY12: =テーブル51520[[#This Row],[Ts]]-テーブル51520[[#This Row],[Tin]] -> 60.588701 | AZ12: 390390.4 | BA12: =テーブル51520[[#This Row],[Hsub]]/1000 -> 390.3904
A13: ='TEST SECTION NUMBER 164'!$C$2 -> 164 | B13: ='TEST SECTION NUMBER 164'!I9 -> 8 | C13: ='TEST SECTION NUMBER 164'!K9 -> 2425 | D13: ='TEST SECTION NUMBER 164'!Q9 -> 134 | E13: ='TEST SECTION NUMBER 164'!M9 -> 2.002 | F13: ='TEST SECTION NUMBER 164'!L9 -> 555.6 | G13: ='TEST SECTION NUMBER 164'!G9 -> 0.3387259 | H13: ='TEST SECTION NUMBER 164'!$C$4 -> 0.496 | I13: ='TEST SECTION NUMBER 164'!$C$6 -> 0.374 | K13: =B13&"_"&テーブル41419[[#This Row],[TEST SECTION NUMBER]] -> 8_164 | L13: =C13*6894.757 -> 16719786 | M13: ='TEST SECTION NUMBER 164'!P9*0.0254 -> 4.2672 | N13: ='TEST SECTION NUMBER 164'!$C$4*0.0254 -> 0.0125984 | O13: ='TEST SECTION NUMBER 164'!$C$6*0.0254 -> 0.0094996 | P13: =N13^2-PI()*(O13/2)^2 -> 8.7843467e-05 | Q13: =O13*PI() -> 0.029843874 | R13: ='TEST SECTION NUMBER 164'!$C$4^2-PI()*(('TEST SECTION NUMBER 164'!$C$6)^2)/4 -> 0.13615765 | S13: =PI()*'TEST SECTION NUMBER 164'!$C$6 -> 1.1749557 | T13: =D13*0.0254 -> 3.4036 | U13: =E13*10^6*0.001356 -> 2714.712 | V13: =(F13 - 32) * 5/9 + 273.15 -> 564.03889 | W13: =G13*3.1546 -> 1.0685447 | X13: 0.926529 | Z13: =R13*0.0254^2 -> 8.7843467e-05 | AA13: =S13*0.0254 -> 0.029843874 | AB13: =V13 -> 564.03889 | AC13: 8 | AD13: =U13 -> 2714.712 | AE13: =Z13 -> 8.7843467e-05 | AF13: 878623.27 | AG13: 624.08398 | AH13: =単位換算164!AB13 -> 564.03889 | AI13: 10385.005 | AJ13: 5229.594 | AK13: =(テーブル51520[[#This Row],[CPL_Ts]]+テーブル51520[[#This Row],[CPL_Tin]])/2 -> 7807.2996 | AL13: ='TEST SECTION NUMBER 164'!N9*3.1546 -> 1.1451198 | AM13: =PI()*O13*16*M13 -> 2.0375964 | AN13: =テーブル51520[[#This Row],[Q_AVE]]*テーブル51520[[#This Row],[A_htr]] -> 2.333292 | AO13: =テーブル51520[[#This Row],[DNB位置の軸方向出力]]/テーブル51520[[#This Row],[ロッド数]] -> 0.034086912 | AP13: ='TEST SECTION NUMBER 164'!E9 -> 0.79761905 | AQ13: =テーブル51520[[#This Row],[Q_all]]*テーブル51520[[#This Row],[z_ratio]]*テーブル51520[[#This Row],[r_ratio]]*1000000 -> 63438.407 | AR13: =テーブル51520[[#This Row],[Q_AVE]]*テーブル51520[[#This Row],[DNB位置の軸方向出力]]*テーブル51520[[#This Row],[DNB位置の半径方向出力]] -> 1.0685447 | AS13: =テーブル51520[[#This Row],[G]]*テーブル51520[[#This Row],[A]]*テーブル51520[[#This Row],[Hlg]] -> 209525.04 | AT13: =-テーブル51520[[#This Row],[G]]*テーブル51520[[#This Row],[A]]*テーブル51520[[#This Row],[CPL_ave]]*(テーブル51520[[#This Row],[Ts]]-テーブル51520[[#This Row],[Tin]]) -> -111792.23 | AU13: =(テーブル51520[[#This Row],[Q_DNB]]+テーブル51520[[#This Row],[xin_nishida]])/テーブル51520[[#This Row],[GAHlg]] -> -0.23077825 | AV13: 0.85217279 | AW13: 25 | AX13: 1.095 | AY13: =テーブル51520[[#This Row],[Ts]]-テーブル51520[[#This Row],[Tin]] -> 60.045095 | AZ13: 390210.42 | BA13: =テーブル51520[[#This Row],[Hsub]]/1000 -> 390.21042
A14: ='TEST SECTION NUMBER 164'!$C$2 -> 164 | B14: ='TEST SECTION NUMBER 164'!I10 -> 9 | C14: ='TEST SECTION NUMBER 164'!K10 -> 2400 | D14: ='TEST SECTION NUMBER 164'!Q10 -> 134 | E14: ='TEST SECTION NUMBER 164'!M10 -> 2.495 | F14: ='TEST SECTION NUMBER 164'!L10 -> 554.6 | G14: ='TEST SECTION NUMBER 164'!G10 -> 0.39471365 | H14: ='TEST SECTION NUMBER 164'!$C$4 -> 0.496 | I14: ='TEST SECTION NUMBER 164'!$C$6 -> 0.374 | K14: =B14&"_"&テーブル41419[[#This Row],[TEST SECTION NUMBER]] -> 9_164 | L14: =C14*6894.757 -> 16547417 | M14: ='TEST SECTION NUMBER 164'!P10*0.0254 -> 4.2672 | N14: ='TEST SECTION NUMBER 164'!$C$4*0.0254 -> 0.0125984 | O14: ='TEST SECTION NUMBER 164'!$C$6*0.0254 -> 0.0094996 | P14: =N14^2-PI()*(O14/2)^2 -> 8.7843467e-05 | Q14: =O14*PI() -> 0.029843874 | R14: ='TEST SECTION NUMBER 164'!$C$4^2-PI()*(('TEST SECTION NUMBER 164'!$C$6)^2)/4 -> 0.13615765 | S14: =PI()*'TEST SECTION NUMBER 164'!$C$6 -> 1.1749557 | T14: =D14*0.0254 -> 3.4036 | U14: =E14*10^6*0.001356 -> 3383.22 | V14: =(F14 - 32) * 5/9 + 273.15 -> 563.48333 | W14: =G14*3.1546 -> 1.2451637 | X14: 0.926529 | Z14: =R14*0.0254^2 -> 8.7843467e-05 | AA14: =S14*0.0254 -> 0.029843874 | AB14: =V14 -> 563.48333 | AC14: 9 | AD14: =U14 -> 3383.22 | AE14: =Z14 -> 8.7843467e-05 | AF14: 891419.3 | AG14: 623.2387 | AH14: =単位換算164!AB14 -> 563.48333 | AI14: 10140.552 | AJ14: 5223.766 | AK14: =(テーブル51520[[#This Row],[CPL_Ts]]+テーブル51520[[#This Row],[CPL_Tin]])/2 -> 7682.1588 | AL14: ='TEST SECTION NUMBER 164'!N10*3.1546 -> 1.3343958 | AM14: =PI()*O14*16*M14 -> 2.0375964 | AN14: =テーブル51520[[#This Row],[Q_AVE]]*テーブル51520[[#This Row],[A_htr]] -> 2.7189601 | AO14: =テーブル51520[[#This Row],[DNB位置の軸方向出力]]/テーブル51520[[#This Row],[ロッド数]] -> 0.034086912 | AP14: ='TEST SECTION NUMBER 164'!E10 -> 0.79761905 | AQ14: =テーブル51520[[#This Row],[Q_all]]*テーブル51520[[#This Row],[z_ratio]]*テーブル51520[[#This Row],[r_ratio]]*1000000 -> 73924.094 | AR14: =テーブル51520[[#This Row],[Q_AVE]]*テーブル51520[[#This Row],[DNB位置の軸方向出力]]*テーブル51520[[#This Row],[DNB位置の半径方向出力]] -> 1.2451637 | AS14: =テーブル51520[[#This Row],[G]]*テーブル51520[[#This Row],[A]]*テーブル51520[[#This Row],[Hlg]] -> 264924.27 | AT14: =-テーブル51520[[#This Row],[G]]*テーブル51520[[#This Row],[A]]*テーブル51520[[#This Row],[CPL_ave]]*(テーブル51520[[#This Row],[Ts]]-テーブル51520[[#This Row],[Tin]]) -> -136426.87 | AU14: =(テーブル51520[[#This Row],[Q_DNB]]+テーブル51520[[#This Row],[xin_nishida]])/テーブル51520[[#This Row],[GAHlg]] -> -0.23592696 | AV14: 0.85217279 | AW14: 25 | AX14: 1.095 | AY14: =テーブル51520[[#This Row],[Ts]]-テーブル51520[[#This Row],[Tin]] -> 59.755368 | AZ14: 386043.54 | BA14: =テーブル51520[[#This Row],[Hsub]]/1000 -> 386.04354
A15: ='TEST SECTION NUMBER 164'!$C$2 -> 164 | B15: ='TEST SECTION NUMBER 164'!I11 -> 10 | C15: ='TEST SECTION NUMBER 164'!K11 -> 2405 | D15: ='TEST SECTION NUMBER 164'!Q11 -> 134 | E15: ='TEST SECTION NUMBER 164'!M11 -> 2.98 | F15: ='TEST SECTION NUMBER 164'!L11 -> 556 | G15: ='TEST SECTION NUMBER 164'!G11 -> 0.47029712 | H15: ='TEST SECTION NUMBER 164'!$C$4 -> 0.496 | I15: ='TEST SECTION NUMBER 164'!$C$6 -> 0.374 | K15: =B15&"_"&テーブル41419[[#This Row],[TEST SECTION NUMBER]] -> 10_164 | L15: =C15*6894.757 -> 16581891 | M15: ='TEST SECTION NUMBER 164'!P11*0.0254 -> 4.2672 | N15: ='TEST SECTION NUMBER 164'!$C$4*0.0254 -> 0.0125984 | O15: ='TEST SECTION NUMBER 164'!$C$6*0.0254 -> 0.0094996 | P15: =N15^2-PI()*(O15/2)^2 -> 8.7843467e-05 | Q15: =O15*PI() -> 0.029843874 | R15: ='TEST SECTION NUMBER 164'!$C$4^2-PI()*(('TEST SECTION NUMBER 164'!$C$6)^2)/4 -> 0.13615765 | S15: =PI()*'TEST SECTION NUMBER 164'!$C$6 -> 1.1749557 | T15: =D15*0.0254 -> 3.4036 | U15: =E15*10^6*0.001356 -> 4040.88 | V15: =(F15 - 32) * 5/9 + 273.15 -> 564.26111 | W15: =G15*3.1546 -> 1.4835993 | X15: 0.926529 | Z15: =R15*0.0254^2 -> 8.7843467e-05 | AA15: =S15*0.0254 -> 0.029843874 | AB15: =V15 -> 564.26111 | AC15: 10 | AD15: =U15 -> 4040.88 | AE15: =Z15 -> 8.7843467e-05 | AF15: 888872.47 | AG15: 623.40834 | AH15: =単位換算164!AB15 -> 564.26111 | AI15: 10188.112 | AJ15: 5237.1755 | AK15: =(テーブル51520[[#This Row],[CPL_Ts]]+テーブル51520[[#This Row],[CPL_Tin]])/2 -> 7712.6437 | AL15: ='TEST SECTION NUMBER 164'!N11*3.1546 -> 1.5899184 | AM15: =PI()*O15*16*M15 -> 2.0375964 | AN15: =テーブル51520[[#This Row],[Q_AVE]]*テーブル51520[[#This Row],[A_htr]] -> 3.2396121 | AO15: =テーブル51520[[#This Row],[DNB位置の軸方向出力]]/テーブル51520[[#This Row],[ロッド数]] -> 0.034086912 | AP15: ='TEST SECTION NUMBER 164'!E11 -> 0.79761905 | AQ15: =テーブル51520[[#This Row],[Q_all]]*テーブル51520[[#This Row],[z_ratio]]*テーブル51520[[#This Row],[r_ratio]]*1000000 -> 88079.771 | AR15: =テーブル51520[[#This Row],[Q_AVE]]*テーブル51520[[#This Row],[DNB位置の軸方向出力]]*テーブル51520[[#This Row],[DNB位置の半径方向出力]] -> 1.4835993 | AS15: =テーブル51520[[#This Row],[G]]*テーブル51520[[#This Row],[A]]*テーブル51520[[#This Row],[Hlg]] -> 315518.54 | AT15: =-テーブル51520[[#This Row],[G]]*テーブル51520[[#This Row],[A]]*テーブル51520[[#This Row],[CPL_ave]]*(テーブル51520[[#This Row],[Ts]]-テーブル51520[[#This Row],[Tin]]) -> -161928.43 | AU15: =(テーブル51520[[#This Row],[Q_DNB]]+テーブル51520[[#This Row],[xin_nishida]])/テーブル51520[[#This Row],[GAHlg]] -> -0.23405491 | AV15: 0.85217279 | AW15: 25 | AX15: 1.095 | AY15: =テーブル51520[[#This Row],[Ts]]-テーブル51520[[#This Row],[Tin]] -> 59.147232 | AZ15: 383386.57 | BA15: =テーブル51520[[#This Row],[Hsub]]/1000 -> 383.38657
A16: ='TEST SECTION NUMBER 164'!$C$2 -> 164 | B16: ='TEST SECTION NUMBER 164'!I12 -> 11 | C16: ='TEST SECTION NUMBER 164'!K12 -> 2115 | D16: ='TEST SECTION NUMBER 164'!Q12 -> 134 | E16: ='TEST SECTION NUMBER 164'!M12 -> 1.406 | F16: ='TEST SECTION NUMBER 164'!L12 -> 562.3 | G16: ='TEST SECTION NUMBER 164'!G12 -> 0.26127618 | H16: ='TEST SECTION NUMBER 164'!$C$4 -> 0.496 | I16: ='TEST SECTION NUMBER 164'!$C$6 -> 0.374 | K16: =B16&"_"&テーブル41419[[#This Row],[TEST SECTION NUMBER]] -> 11_164 | L16: =C16*6894.757 -> 14582411 | M16: ='TEST SECTION NUMBER 164'!P12*0.0254 -> 4.2672 | N16: ='TEST SECTION NUMBER 164'!$C$4*0.0254 -> 0.0125984 | O16: ='TEST SECTION NUMBER 164'!$C$6*0.0254 -> 0.0094996 | P16: =N16^2-PI()*(O16/2)^2 -> 8.7843467e-05 | Q16: =O16*PI() -> 0.029843874 | R16: ='TEST SECTION NUMBER 164'!$C$4^2-PI()*(('TEST SECTION NUMBER 164'!$C$6)^2)/4 -> 0.13615765 | S16: =PI()*'TEST SECTION NUMBER 164'!$C$6 -> 1.1749557 | T16: =D16*0.0254 -> 3.4036 | U16: =E16*10^6*0.001356 -> 1906.536 | V16: =(F16 - 32) * 5/9 + 273.15 -> 567.76111 | W16: =G16*3.1546 -> 0.82422183 | X16: 0.926529 | Z16: =R16*0.0254^2 -> 8.7843467e-05 | AA16: =S16*0.0254 -> 0.029843874 | AB16: =V16 -> 567.76111 | AC16: 11 | AD16: =U16 -> 1906.536 | AE16: =Z16 -> 8.7843467e-05 | AF16: 1028533.1 | AG16: 613.05027 | AH16: =単位換算164!AB16 -> 567.76111 | AI16: 8194.7812 | AJ16: 5363.4949 | AK16: =(テーブル51520[[#This Row],[CPL_Ts]]+テーブル51520[[#This Row],[CPL_Tin]])/2 -> 6779.1381 | AL16: ='TEST SECTION NUMBER 164'!N12*3.1546 -> 0.883288 | AM16: =PI()*O16*16*M16 -> 2.0375964 | AN16: =テーブル51520[[#This Row],[Q_AVE]]*テーブル51520[[#This Row],[A_htr]] -> 1.7997845 | AO16: =テーブル51520[[#This Row],[DNB位置の軸方向出力]]/テーブル51520[[#This Row],[ロッド数]] -> 0.034086912 | AP16: ='TEST SECTION NUMBER 164'!E12 -> 0.79761905 | AQ16: =テーブル51520[[#This Row],[Q_all]]*テーブル51520[[#This Row],[z_ratio]]*テーブル51520[[#This Row],[r_ratio]]*1000000 -> 48933.206 | AR16: =テーブル51520[[#This Row],[Q_AVE]]*テーブル51520[[#This Row],[DNB位置の軸方向出力]]*テーブル51520[[#This Row],[DNB位置の半径方向出力]] -> 0.82422183 | AS16: =テーブル51520[[#This Row],[G]]*テーブル51520[[#This Row],[A]]*テーブル51520[[#This Row],[Hlg]] -> 172255.36 | AT16: =-テーブル51520[[#This Row],[G]]*テーブル51520[[#This Row],[A]]*テーブル51520[[#This Row],[CPL_ave]]*(テーブル51520[[#This Row],[Ts]]-テーブル51520[[#This Row],[Tin]]) -> -51418.951 | AU16: =(テーブル51520[[#This Row],[Q_DNB]]+テーブル51520[[#This Row],[xin_nishida]])/テーブル51520[[#This Row],[GAHlg]] -> -0.014430579 | AV16: 0.85217279 | AW16: 25 | AX16: 1.095 | AY16: =テーブル51520[[#This Row],[Ts]]-テーブル51520[[#This Row],[Tin]] -> 45.289159 | AZ16: 284368.85 | BA16: =テーブル51520[[#This Row],[Hsub]]/1000 -> 284.36885
A17: ='TEST SECTION NUMBER 164'!$C$2 -> 164 | B17: ='TEST SECTION NUMBER 164'!I13 -> 12 | C17: ='TEST SECTION NUMBER 164'!K13 -> 2110 | D17: ='TEST SECTION NUMBER 164'!Q13 -> 134 | E17: ='TEST SECTION NUMBER 164'!M13 -> 2.043 | F17: ='TEST SECTION NUMBER 164'!L13 -> 551 | G17: ='TEST SECTION NUMBER 164'!G13 -> 0.30606638 | H17: ='TEST SECTION NUMBER 164'!$C$4 -> 0.496 | I17: ='TEST SECTION NUMBER 164'!$C$6 -> 0.374 | K17: =B17&"_"&テーブル41419[[#This Row],[TEST SECTION NUMBER]] -> 12_164 | L17: =C17*6894.757 -> 14547937 | M17: ='TEST SECTION NUMBER 164'!P13*0.0254 -> 4.2672 | N17: ='TEST SECTION NUMBER 164'!$C$4*0.0254 -> 0.0125984 | O17: ='TEST SECTION NUMBER 164'!$C$6*0.0254 -> 0.0094996 | P17: =N17^2-PI()*(O17/2)^2 -> 8.7843467e-05 | Q17: =O17*PI() -> 0.029843874 | R17: ='TEST SECTION NUMBER 164'!$C$4^2-PI()*(('TEST SECTION NUMBER 164'!$C$6)^2)/4 -> 0.13615765 | S17: =PI()*'TEST SECTION NUMBER 164'!$C$6 -> 1.1749557 | T17: =D17*0.0254 -> 3.4036 | U17: =E17*10^6*0.001356 -> 2770.308 | V17: =(F17 - 32) * 5/9 + 273.15 -> 561.48333 | W17: =G17*3.1546 -> 0.965517 | X17: 0.926529 | Z17: =R17*0.0254^2 -> 8.7843467e-05 | AA17: =S17*0.0254 -> 0.029843874 | AB17: =V17 -> 561.48333 | AC17: 12 | AD17: =U17 -> 2770.308 | AE17: =Z17 -> 8.7843467e-05 | AF17: 1030826.6 | AG17: 612.86178 | AH17: =単位換算164!AB17 -> 561.48333 | AI17: 8170.1132 | AJ17: 5237.2718 | AK17: =(テーブル51520[[#This Row],[CPL_Ts]]+テーブル51520[[#This Row],[CPL_Tin]])/2 -> 6703.6925 | AL17: ='TEST SECTION NUMBER 164'!N13*3.1546 -> 1.0347088 | AM17: =PI()*O17*16*M17 -> 2.0375964 | AN17: =テーブル51520[[#This Row],[Q_AVE]]*テーブル51520[[#This Row],[A_htr]] -> 2.108319 | AO17: =テーブル51520[[#This Row],[DNB位置の軸方向出力]]/テーブル51520[[#This Row],[ロッド数]] -> 0.034086912 | AP17: ='TEST SECTION NUMBER 164'!E13 -> 0.79761905 | AQ17: =テーブル51520[[#This Row],[Q_all]]*テーブル51520[[#This Row],[z_ratio]]*テーブル51520[[#This Row],[r_ratio]]*1000000 -> 57321.756 | AR17: =テーブル51520[[#This Row],[Q_AVE]]*テーブル51520[[#This Row],[DNB位置の軸方向出力]]*テーブル51520[[#This Row],[DNB位置の半径方向出力]] -> 0.965517 | AS17: =テーブル51520[[#This Row],[G]]*テーブル51520[[#This Row],[A]]*テーブル51520[[#This Row],[Hlg]] -> 250855.22 | AT17: =-テーブル51520[[#This Row],[G]]*テーブル51520[[#This Row],[A]]*テーブル51520[[#This Row],[CPL_ave]]*(テーブル51520[[#This Row],[Ts]]-テーブル51520[[#This Row],[Tin]]) -> -83817.083 | AU17: =(テーブル51520[[#This Row],[Q_DNB]]+テーブル51520[[#This Row],[xin_nishida]])/テーブル51520[[#This Row],[GAHlg]] -> -0.10561999 | AV17: 0.85217279 | AW17: 25 | AX17: 1.095 | AY17: =テーブル51520[[#This Row],[Ts]]-テーブル51520[[#This Row],[Tin]] -> 51.378442 | AZ17: 316259.2 | BA17: =テーブル51520[[#This Row],[Hsub]]/1000 -> 316.2592
... A55: ='TEST SECTION NUMBER 164'!$C$2 -> 164 | B55: ='TEST SECTION NUMBER 164'!I51 -> 51 | C55: ='TEST SECTION NUMBER 164'!K51 -> 1810 | D55: ='TEST SECTION NUMBER 164'!Q51 -> 134 | E55: ='TEST SECTION NUMBER 164'!M51 -> 2.505 | F55: ='TEST SECTION NUMBER 164'!L51 -> 484.3 | G55: ='TEST SECTION NUMBER 164'!G51 -> 0.44323637 | H55: ='TEST SECTION NUMBER 164'!$C$4 -> 0.496 | I55: ='TEST SECTION NUMBER 164'!$C$6 -> 0.374 | K55: =B55&"_"&テーブル41419[[#This Row],[TEST SECTION NUMBER]] -> 51_164 | L55: =C55*6894.757 -> 12479510 | M55: ='TEST SECTION NUMBER 164'!P51*0.0254 -> 4.2672 | N55: ='TEST SECTION NUMBER 164'!$C$4*0.0254 -> 0.0125984 | O55: ='TEST SECTION NUMBER 164'!$C$6*0.0254 -> 0.0094996 | P55: =N55^2-PI()*(O55/2)^2 -> 8.7843467e-05 | Q55: =O55*PI() -> 0.029843874 | R55: ='TEST SECTION NUMBER 164'!$C$4^2-PI()*(('TEST SECTION NUMBER 164'!$C$6)^2)/4 -> 0.13615765 | S55: =PI()*'TEST SECTION NUMBER 164'!$C$6 -> 1.1749557 | T55: =D55*0.0254 -> 3.4036 | U55: =E55*10^6*0.001356 -> 3396.78 | V55: =(F55 - 32) * 5/9 + 273.15 -> 524.42778 | W55: =G55*3.1546 -> 1.3982335 | X55: 0.926529 | Z55: =R55*0.0254^2 -> 8.7843467e-05 | AA55: =S55*0.0254 -> 0.029843874 | AB55: =V55 -> 524.42778 | AC55: 50 | AD55: =U55 -> 3396.78 | AE55: =Z55 -> 8.7843467e-05 | AF55: 1164011.1 | AG55: 600.8365 | AH55: =単位換算164!AB55 -> 524.42778 | AI55: 7012.1061 | AJ55: 4776.9823 | AK55: =(テーブル51520[[#This Row],[CPL_Ts]]+テーブル51520[[#This Row],[CPL_Tin]])/2 -> 5894.5442 | AL55: ='TEST SECTION NUMBER 164'!N51*3.1546 -> 1.498435 | AM55: =PI()*O55*16*M55 -> 2.0375964 | AN55: =テーブル51520[[#This Row],[Q_AVE]]*テーブル51520[[#This Row],[A_htr]] -> 3.0532058 | AO55: =テーブル51520[[#This Row],[DNB位置の軸方向出力]]/テーブル51520[[#This Row],[ロッド数]] -> 0.034086912 | AP55: ='TEST SECTION NUMBER 164'!E51 -> 0.79761905 | AQ55: =テーブル51520[[#This Row],[Q_all]]*テーブル51520[[#This Row],[z_ratio]]*テーブル51520[[#This Row],[r_ratio]]*1000000 -> 83011.689 | AR55: =テーブル51520[[#This Row],[Q_AVE]]*テーブル51520[[#This Row],[DNB位置の軸方向出力]]*テーブル51520[[#This Row],[DNB位置の半径方向出力]] -> 1.3982335 | AS55: =テーブル51520[[#This Row],[G]]*テーブル51520[[#This Row],[A]]*テーブル51520[[#This Row],[Hlg]] -> 347323.38 | AT55: =-テーブル51520[[#This Row],[G]]*テーブル51520[[#This Row],[A]]*テーブル51520[[#This Row],[CPL_ave]]*(テーブル51520[[#This Row],[Ts]]-テーブル51520[[#This Row],[Tin]]) -> -134390.96 | AU55: =(テーブル51520[[#This Row],[Q_DNB]]+テーブル51520[[#This Row],[xin_nishida]])/テーブル51520[[#This Row],[GAHlg]] -> -0.14792921 | AV55: 0.85217279 | AW55: 25 | AX55: 1.095 | AY55: =テーブル51520[[#This Row],[Ts]]-テーブル51520[[#This Row],[Tin]] -> 76.408725 | AZ55: 418729.65 | BA55: =テーブル51520[[#This Row],[Hsub]]/1000 -> 418.72965
A56: ='TEST SECTION NUMBER 164'!$C$2 -> 164 | B56: ='TEST SECTION NUMBER 164'!I52 -> 52 | C56: ='TEST SECTION NUMBER 164'!K52 -> 1790 | D56: ='TEST SECTION NUMBER 164'!Q52 -> 134 | E56: ='TEST SECTION NUMBER 164'!M52 -> 1.441 | F56: ='TEST SECTION NUMBER 164'!L52 -> 454.1 | G56: ='TEST SECTION NUMBER 164'!G52 -> 0.35365597 | H56: ='TEST SECTION NUMBER 164'!$C$4 -> 0.496 | I56: ='TEST SECTION NUMBER 164'!$C$6 -> 0.374 | K56: =B56&"_"&テーブル41419[[#This Row],[TEST SECTION NUMBER]] -> 52_164 | L56: =C56*6894.757 -> 12341615 | M56: ='TEST SECTION NUMBER 164'!P52*0.0254 -> 4.2672 | N56: ='TEST SECTION NUMBER 164'!$C$4*0.0254 -> 0.0125984 | O56: ='TEST SECTION NUMBER 164'!$C$6*0.0254 -> 0.0094996 | P56: =N56^2-PI()*(O56/2)^2 -> 8.7843467e-05 | Q56: =O56*PI() -> 0.029843874 | R56: ='TEST SECTION NUMBER 164'!$C$4^2-PI()*(('TEST SECTION NUMBER 164'!$C$6)^2)/4 -> 0.13615765 | S56: =PI()*'TEST SECTION NUMBER 164'!$C$6 -> 1.1749557 | T56: =D56*0.0254 -> 3.4036 | U56: =E56*10^6*0.001356 -> 1953.996 | V56: =(F56 - 32) * 5/9 + 273.15 -> 507.65 | W56: =G56*3.1546 -> 1.1156431 | X56: 0.926529 | Z56: =R56*0.0254^2 -> 8.7843467e-05 | AA56: =S56*0.0254 -> 0.029843874 | AB56: =V56 -> 507.65 | AD56: =U56 -> 1953.996 | AE56: =Z56 -> 8.7843467e-05 | AF56: 1172656 | AG56: 599.97998 | AH56: =単位換算164!AB56 -> 507.65 | AI56: 6951.8158 | AJ56: 4637.6023 | AK56: =(テーブル51520[[#This Row],[CPL_Ts]]+テーブル51520[[#This Row],[CPL_Tin]])/2 -> 5794.7091 | AL56: ='TEST SECTION NUMBER 164'!N52*3.1546 -> 1.1955934 | AM56: =PI()*O56*16*M56 -> 2.0375964 | AN56: =テーブル51520[[#This Row],[Q_AVE]]*テーブル51520[[#This Row],[A_htr]] -> 2.4361369 | AO56: =テーブル51520[[#This Row],[DNB位置の軸方向出力]]/テーブル51520[[#This Row],[ロッド数]] -> 0.034086912 | AP56: ='TEST SECTION NUMBER 164'!E52 -> 0.79761905 | AQ56: =テーブル51520[[#This Row],[Q_all]]*テーブル51520[[#This Row],[z_ratio]]*テーブル51520[[#This Row],[r_ratio]]*1000000 -> 66234.59 | AR56: =テーブル51520[[#This Row],[Q_AVE]]*テーブル51520[[#This Row],[DNB位置の軸方向出力]]*テーブル51520[[#This Row],[DNB位置の半径方向出力]] -> 1.1156431 | AS56: =テーブル51520[[#This Row],[G]]*テーブル51520[[#This Row],[A]]*テーブル51520[[#This Row],[Hlg]] -> 201281.45 | AT56: =-テーブル51520[[#This Row],[G]]*テーブル51520[[#This Row],[A]]*テーブル51520[[#This Row],[CPL_ave]]*(テーブル51520[[#This Row],[Ts]]-テーブル51520[[#This Row],[Tin]]) -> -91834.849 | AU56: =(テーブル51520[[#This Row],[Q_DNB]]+テーブル51520[[#This Row],[xin_nishida]])/テーブル51520[[#This Row],[GAHlg]] -> -0.12718638 | AV56: 0.85217279 | AW56: 25 | AX56: 1.095 | AY56: =テーブル51520[[#This Row],[Ts]]-テーブル51520[[#This Row],[Tin]] -> 92.32998 | AZ56: 492145.01 | BA56: =テーブル51520[[#This Row],[Hsub]]/1000 -> 492.14501
A57: ='TEST SECTION NUMBER 164'!$C$2 -> 164 | B57: ='TEST SECTION NUMBER 164'!I53 -> 53 | C57: ='TEST SECTION NUMBER 164'!K53 -> 1815 | D57: ='TEST SECTION NUMBER 164'!Q53 -> 134 | E57: ='TEST SECTION NUMBER 164'!M53 -> 1.954 | F57: ='TEST SECTION NUMBER 164'!L53 -> 461.6 | G57: ='TEST SECTION NUMBER 164'!G53 -> 0.43577134 | H57: ='TEST SECTION NUMBER 164'!$C$4 -> 0.496 | I57: ='TEST SECTION NUMBER 164'!$C$6 -> 0.374 | K57: =B57&"_"&テーブル41419[[#This Row],[TEST SECTION NUMBER]] -> 53_164 | L57: =C57*6894.757 -> 12513984 | M57: ='TEST SECTION NUMBER 164'!P53*0.0254 -> 4.2672 | N57: ='TEST SECTION NUMBER 164'!$C$4*0.0254 -> 0.0125984 | O57: ='TEST SECTION NUMBER 164'!$C$6*0.0254 -> 0.0094996 | P57: =N57^2-PI()*(O57/2)^2 -> 8.7843467e-05 | Q57: =O57*PI() -> 0.029843874 | R57: ='TEST SECTION NUMBER 164'!$C$4^2-PI()*(('TEST SECTION NUMBER 164'!$C$6)^2)/4 -> 0.13615765 | S57: =PI()*'TEST SECTION NUMBER 164'!$C$6 -> 1.1749557 | T57: =D57*0.0254 -> 3.4036 | U57: =E57*10^6*0.001356 -> 2649.624 | V57: =(F57 - 32) * 5/9 + 273.15 -> 511.81667 | W57: =G57*3.1546 -> 1.3746843 | X57: 0.926529 | Z57: =R57*0.0254^2 -> 8.7843467e-05 | AA57: =S57*0.0254 -> 0.029843874 | AB57: =V57 -> 511.81667 | AD57: =U57 -> 2649.624 | AE57: =Z57 -> 8.7843467e-05 | AF57: 1161846.5 | AG57: 601.04947 | AH57: =単位換算164!AB57 -> 511.81667 | AI57: 7027.4336 | AJ57: 4667.6663 | AK57: =(テーブル51520[[#This Row],[CPL_Ts]]+テーブル51520[[#This Row],[CPL_Tin]])/2 -> 5847.5499 | AL57: ='TEST SECTION NUMBER 164'!N53*3.1546 -> 1.4731982 | AM57: =PI()*O57*16*M57 -> 2.0375964 | AN57: =テーブル51520[[#This Row],[Q_AVE]]*テーブル51520[[#This Row],[A_htr]] -> 3.0017834 | AO57: =テーブル51520[[#This Row],[DNB位置の軸方向出力]]/テーブル51520[[#This Row],[ロッド数]] -> 0.034086912 | AP57: ='TEST SECTION NUMBER 164'!E53 -> 0.79761905 | AQ57: =テーブル51520[[#This Row],[Q_all]]*テーブル51520[[#This Row],[z_ratio]]*テーブル51520[[#This Row],[r_ratio]]*1000000 -> 81613.598 | AR57: =テーブル51520[[#This Row],[Q_AVE]]*テーブル51520[[#This Row],[DNB位置の軸方向出力]]*テーブル51520[[#This Row],[DNB位置の半径方向出力]] -> 1.3746843 | AS57: =テーブル51520[[#This Row],[G]]*テーブル51520[[#This Row],[A]]*テーブル51520[[#This Row],[Hlg]] -> 270422.29 | AT57: =-テーブル51520[[#This Row],[G]]*テーブル51520[[#This Row],[A]]*テーブル51520[[#This Row],[CPL_ave]]*(テーブル51520[[#This Row],[Ts]]-テーブル51520[[#This Row],[Tin]]) -> -121448.51 | AU57: =(テーブル51520[[#This Row],[Q_DNB]]+テーブル51520[[#This Row],[xin_nishida]])/テーブル51520[[#This Row],[GAHlg]] -> -0.14730631 | AV57: 0.85217279 | AW57: 25 | AX57: 1.095 | AY57: =テーブル51520[[#This Row],[Ts]]-テーブル51520[[#This Row],[Tin]] -> 89.2328 | AZ57: 479636.3 | BA57: =テーブル51520[[#This Row],[Hsub]]/1000 -> 479.6363
A58: ='TEST SECTION NUMBER 164'!$C$2 -> 164 | B58: ='TEST SECTION NUMBER 164'!I54 -> 54 | C58: ='TEST SECTION NUMBER 164'!K54 -> 2405 | D58: ='TEST SECTION NUMBER 164'!Q54 -> 134 | E58: ='TEST SECTION NUMBER 164'!M54 -> 1.463 | F58: ='TEST SECTION NUMBER 164'!L54 -> 442.1 | G58: ='TEST SECTION NUMBER 164'!G54 -> 0.38818175 | H58: ='TEST SECTION NUMBER 164'!$C$4 -> 0.496 | I58: ='TEST SECTION NUMBER 164'!$C$6 -> 0.374 | K58: =B58&"_"&テーブル41419[[#This Row],[TEST SECTION NUMBER]] -> 54_164 | L58: =C58*6894.757 -> 16581891 | M58: ='TEST SECTION NUMBER 164'!P54*0.0254 -> 4.2672 | N58: ='TEST SECTION NUMBER 164'!$C$4*0.0254 -> 0.0125984 | O58: ='TEST SECTION NUMBER 164'!$C$6*0.0254 -> 0.0094996 | P58: =N58^2-PI()*(O58/2)^2 -> 8.7843467e-05 | Q58: =O58*PI() -> 0.029843874 | R58: ='TEST SECTION NUMBER 164'!$C$4^2-PI()*(('TEST SECTION NUMBER 164'!$C$6)^2)/4 -> 0.13615765 | S58: =PI()*'TEST SECTION NUMBER 164'!$C$6 -> 1.1749557 | T58: =D58*0.0254 -> 3.4036 | U58: =E58*10^6*0.001356 -> 1983.828 | V58: =(F58 - 32) * 5/9 + 273.15 -> 500.98333 | W58: =G58*3.1546 -> 1.2245581 | X58: 0.926529 | Z58: =R58*0.0254^2 -> 8.7843467e-05 | AA58: =S58*0.0254 -> 0.029843874 | AB58: =V58 -> 500.98333 | AD58: =U58 -> 1983.828 | AE58: =Z58 -> 8.7843467e-05 | AF58: 888872.47 | AG58: 623.40834 | AH58: =単位換算164!AB58 -> 500.98333 | AI58: 10188.112 | AJ58: 4559.9248 | AK58: =(テーブル51520[[#This Row],[CPL_Ts]]+テーブル51520[[#This Row],[CPL_Tin]])/2 -> 7374.0184 | AL58: ='TEST SECTION NUMBER 164'!N54*3.1546 -> 1.3123136 | AM58: =PI()*O58*16*M58 -> 2.0375964 | AN58: =テーブル51520[[#This Row],[Q_AVE]]*テーブル51520[[#This Row],[A_htr]] -> 2.6739655 | AO58: =テーブル51520[[#This Row],[DNB位置の軸方向出力]]/テーブル51520[[#This Row],[ロッド数]] -> 0.034086912 | AP58: ='TEST SECTION NUMBER 164'!E54 -> 0.79761905 | AQ58: =テーブル51520[[#This Row],[Q_all]]*テーブル51520[[#This Row],[z_ratio]]*テーブル51520[[#This Row],[r_ratio]]*1000000 -> 72700.764 | AR58: =テーブル51520[[#This Row],[Q_AVE]]*テーブル51520[[#This Row],[DNB位置の軸方向出力]]*テーブル51520[[#This Row],[DNB位置の半径方向出力]] -> 1.2245581 | AS58: =テーブル51520[[#This Row],[G]]*テーブル51520[[#This Row],[A]]*テーブル51520[[#This Row],[Hlg]] -> 154900.54 | AT58: =-テーブル51520[[#This Row],[G]]*テーブル51520[[#This Row],[A]]*テーブル51520[[#This Row],[CPL_ave]]*(テーブル51520[[#This Row],[Ts]]-テーブル51520[[#This Row],[Tin]]) -> -157321.42 | AU58: =(テーブル51520[[#This Row],[Q_DNB]]+テーブル51520[[#This Row],[xin_nishida]])/テーブル51520[[#This Row],[GAHlg]] -> -0.54629022 | AV58: 0.85217279 | AW58: 25 | AX58: 1.095 | AY58: =テーブル51520[[#This Row],[Ts]]-テーブル51520[[#This Row],[Tin]] -> 122.42501 | AZ58: 689496.45 | BA58: =テーブル51520[[#This Row],[Hsub]]/1000 -> 689.49645
A59: ='TEST SECTION NUMBER 164'!$C$2 -> 164 | B59: ='TEST SECTION NUMBER 164'!I55 -> 55 | C59: ='TEST SECTION NUMBER 164'!K55 -> 2405 | D59: ='TEST SECTION NUMBER 164'!Q55 -> 134 | E59: ='TEST SECTION NUMBER 164'!M55 -> 1.929 | F59: ='TEST SECTION NUMBER 164'!L55 -> 463 | G59: ='TEST SECTION NUMBER 164'!G55 -> 0.46749773 | H59: ='TEST SECTION NUMBER 164'!$C$4 -> 0.496 | I59: ='TEST SECTION NUMBER 164'!$C$6 -> 0.374 | K59: =B59&"_"&テーブル41419[[#This Row],[TEST SECTION NUMBER]] -> 55_164 | L59: =C59*6894.757 -> 16581891 | M59: ='TEST SECTION NUMBER 164'!P55*0.0254 -> 4.2672 | N59: ='TEST SECTION NUMBER 164'!$C$4*0.0254 -> 0.0125984 | O59: ='TEST SECTION NUMBER 164'!$C$6*0.0254 -> 0.0094996 | P59: =N59^2-PI()*(O59/2)^2 -> 8.7843467e-05 | Q59: =O59*PI() -> 0.029843874 | R59: ='TEST SECTION NUMBER 164'!$C$4^2-PI()*(('TEST SECTION NUMBER 164'!$C$6)^2)/4 -> 0.13615765 | S59: =PI()*'TEST SECTION NUMBER 164'!$C$6 -> 1.1749557 | T59: =D59*0.0254 -> 3.4036 | U59: =E59*10^6*0.001356 -> 2615.724 | V59: =(F59 - 32) * 5/9 + 273.15 -> 512.59444 | W59: =G59*3.1546 -> 1.4747683 | X59: 0.926529 | Z59: =R59*0.0254^2 -> 8.7843467e-05 | AA59: =S59*0.0254 -> 0.029843874 | AB59: =V59 -> 512.59444 | AD59: =U59 -> 2615.724 | AE59: =Z59 -> 8.7843467e-05 | AF59: 888872.47 | AG59: 623.40834 | AH59: =単位換算164!AB59 -> 512.59444 | AI59: 10188.112 | AJ59: 4637.8787 | AK59: =(テーブル51520[[#This Row],[CPL_Ts]]+テーブル51520[[#This Row],[CPL_Tin]])/2 -> 7412.9953 | AL59: ='TEST SECTION NUMBER 164'!N55*3.1546 -> 1.5804546 | AM59: =PI()*O59*16*M59 -> 2.0375964 | AN59: =テーブル51520[[#This Row],[Q_AVE]]*テーブル51520[[#This Row],[A_htr]] -> 3.2203287 | AO59: =テーブル51520[[#This Row],[DNB位置の軸方向出力]]/テーブル51520[[#This Row],[ロッド数]] -> 0.034086912 | AP59: ='TEST SECTION NUMBER 164'!E55 -> 0.79761905 | AQ59: =テーブル51520[[#This Row],[Q_all]]*テーブル51520[[#This Row],[z_ratio]]*テーブル51520[[#This Row],[r_ratio]]*1000000 -> 87555.487 | AR59: =テーブル51520[[#This Row],[Q_AVE]]*テーブル51520[[#This Row],[DNB位置の軸方向出力]]*テーブル51520[[#This Row],[DNB位置の半径方向出力]] -> 1.4747683 | AS59: =テーブル51520[[#This Row],[G]]*テーブル51520[[#This Row],[A]]*テーブル51520[[#This Row],[Hlg]] -> 204240.02 | AT59: =-テーブル51520[[#This Row],[G]]*テーブル51520[[#This Row],[A]]*テーブル51520[[#This Row],[CPL_ave]]*(テーブル51520[[#This Row],[Ts]]-テーブル51520[[#This Row],[Tin]]) -> -188751.04 | AU59: =(テーブル51520[[#This Row],[Q_DNB]]+テーブル51520[[#This Row],[xin_nishida]])/テーブル51520[[#This Row],[GAHlg]] -> -0.49547366 | AV59: 0.85217279 | AW59: 25 | AX59: 1.095 | AY59: =テーブル51520[[#This Row],[Ts]]-テーブル51520[[#This Row],[Tin]] -> 110.8139 | AZ59: 636110.48 | BA59: =テーブル51520[[#This Row],[Hsub]]/1000 -> 636.11048
A60: ='TEST SECTION NUMBER 164'!$C$2 -> 164 | B60: ='TEST SECTION NUMBER 164'!I56 -> 56 | C60: ='TEST SECTION NUMBER 164'!K56 -> 2405 | D60: ='TEST SECTION NUMBER 164'!Q56 -> 134 | E60: ='TEST SECTION NUMBER 164'!M56 -> 0.98 | F60: ='TEST SECTION NUMBER 164'!L56 -> 451.6 | G60: ='TEST SECTION NUMBER 164'!G56 -> 0.27713937 | H60: ='TEST SECTION NUMBER 164'!$C$4 -> 0.496 | I60: ='TEST SECTION NUMBER 164'!$C$6 -> 0.374 | K60: =B60&"_"&テーブル41419[[#This Row],[TEST SECTION NUMBER]] -> 56_164 | L60: =C60*6894.757 -> 16581891 | M60: ='TEST SECTION NUMBER 164'!P56*0.0254 -> 4.2672 | N60: ='TEST SECTION NUMBER 164'!$C$4*0.0254 -> 0.0125984 | O60: ='TEST SECTION NUMBER 164'!$C$6*0.0254 -> 0.0094996 | P60: =N60^2-PI()*(O60/2)^2 -> 8.7843467e-05 | Q60: =O60*PI() -> 0.029843874 | R60: ='TEST SECTION NUMBER 164'!$C$4^2-PI()*(('TEST SECTION NUMBER 164'!$C$6)^2)/4 -> 0.13615765 | S60: =PI()*'TEST SECTION NUMBER 164'!$C$6 -> 1.1749557 | T60: =D60*0.0254 -> 3.4036 | U60: =E60*10^6*0.001356 -> 1328.88 | V60: =(F60 - 32) * 5/9 + 273.15 -> 506.26111 | W60: =G60*3.1546 -> 0.87426387 | X60: 0.926529 | Z60: =R60*0.0254^2 -> 8.7843467e-05 | AA60: =S60*0.0254 -> 0.029843874 | AB60: =V60 -> 506.26111 | AD60: =U60 -> 1328.88 | AE60: =Z60 -> 8.7843467e-05 | AF60: 888872.47 | AG60: 623.40834 | AH60: =単位換算164!AB60 -> 506.26111 | AI60: 10188.112 | AJ60: 4593.7771 | AK60: =(テーブル51520[[#This Row],[CPL_Ts]]+テーブル51520[[#This Row],[CPL_Tin]])/2 -> 7390.9445 | AL60: ='TEST SECTION NUMBER 164'!N56*3.1546 -> 0.9369162 | AM60: =PI()*O60*16*M60 -> 2.0375964 | AN60: =テーブル51520[[#This Row],[Q_AVE]]*テーブル51520[[#This Row],[A_htr]] -> 1.9090571 | AO60: =テーブル51520[[#This Row],[DNB位置の軸方向出力]]/テーブル51520[[#This Row],[ロッド数]] -> 0.034086912 | AP60: ='TEST SECTION NUMBER 164'!E56 -> 0.79761905 | AQ60: =テーブル51520[[#This Row],[Q_all]]*テーブル51520[[#This Row],[z_ratio]]*テーブル51520[[#This Row],[r_ratio]]*1000000 -> 51904.151 | AR60: =テーブル51520[[#This Row],[Q_AVE]]*テーブル51520[[#This Row],[DNB位置の軸方向出力]]*テーブル51520[[#This Row],[DNB位置の半径方向出力]] -> 0.87426387 | AS60: =テーブル51520[[#This Row],[G]]*テーブル51520[[#This Row],[A]]*テーブル51520[[#This Row],[Hlg]] -> 103761.13 | AT60: =-テーブル51520[[#This Row],[G]]*テーブル51520[[#This Row],[A]]*テーブル51520[[#This Row],[CPL_ave]]*(テーブル51520[[#This Row],[Ts]]-テーブル51520[[#This Row],[Tin]]) -> -101071.15 | AU60: =(テーブル51520[[#This Row],[Q_DNB]]+テーブル51520[[#This Row],[xin_nishida]])/テーブル51520[[#This Row],[GAHlg]] -> -0.47384796 | AV60: 0.85217279 | AW60: 25 | AX60: 1.095 | AY60: =テーブル51520[[#This Row],[Ts]]-テーブル51520[[#This Row],[Tin]] -> 117.14723 | AZ60: 665341.95 | BA60: =テーブル51520[[#This Row],[Hsub]]/1000 -> 665.34195
A61: ='TEST SECTION NUMBER 164'!$C$2 -> 164 | B61: ='TEST SECTION NUMBER 164'!I57 -> 57 | C61: ='TEST SECTION NUMBER 164'!K57 -> 2100 | D61: ='TEST SECTION NUMBER 164'!Q57 -> 134 | E61: ='TEST SECTION NUMBER 164'!M57 -> 0.991 | F61: ='TEST SECTION NUMBER 164'!L57 -> 404.3 | G61: ='TEST SECTION NUMBER 164'!G57 -> 0.30793264 | H61: ='TEST SECTION NUMBER 164'!$C$4 -> 0.496 | I61: ='TEST SECTION NUMBER 164'!$C$6 -> 0.374 | K61: =B61&"_"&テーブル41419[[#This Row],[TEST SECTION NUMBER]] -> 57_164 | L61: =C61*6894.757 -> 14478990 | M61: ='TEST SECTION NUMBER 164'!P57*0.0254 -> 4.2672 | N61: ='TEST SECTION NUMBER 164'!$C$4*0.0254 -> 0.0125984 | O61: ='TEST SECTION NUMBER 164'!$C$6*0.0254 -> 0.0094996 | P61: =N61^2-PI()*(O61/2)^2 -> 8.7843467e-05 | Q61: =O61*PI() -> 0.029843874 | R61: ='TEST SECTION NUMBER 164'!$C$4^2-PI()*(('TEST SECTION NUMBER 164'!$C$6)^2)/4 -> 0.13615765 | S61: =PI()*'TEST SECTION NUMBER 164'!$C$6 -> 1.1749557 | T61: =D61*0.0254 -> 3.4036 | U61: =E61*10^6*0.001356 -> 1343.796 | V61: =(F61 - 32) * 5/9 + 273.15 -> 479.98333 | W61: =G61*3.1546 -> 0.9714043 | X61: 0.926529 | Z61: =R61*0.0254^2 -> 8.7843467e-05 | AA61: =S61*0.0254 -> 0.029843874 | AB61: =V61 -> 479.98333 | AD61: =U61 -> 1343.796 | AE61: =Z61 -> 8.7843467e-05 | AF61: 1035404.6 | AG61: 612.4837 | AH61: =単位換算164!AB61 -> 479.98333 | AI61: 8121.4607 | AJ61: 4457.9741 | AK61: =(テーブル51520[[#This Row],[CPL_Ts]]+テーブル51520[[#This Row],[CPL_Tin]])/2 -> 6289.7174 | AL61: ='TEST SECTION NUMBER 164'!N57*3.1546 -> 1.041018 | AM61: =PI()*O61*16*M61 -> 2.0375964 | AN61: =テーブル51520[[#This Row],[Q_AVE]]*テーブル51520[[#This Row],[A_htr]] -> 2.1211746 | AO61: =テーブル51520[[#This Row],[DNB位置の軸方向出力]]/テーブル51520[[#This Row],[ロッド数]] -> 0.034086912 | AP61: ='TEST SECTION NUMBER 164'!E57 -> 0.79761905 | AQ61: =テーブル51520[[#This Row],[Q_all]]*テーブル51520[[#This Row],[z_ratio]]*テーブル51520[[#This Row],[r_ratio]]*1000000 -> 57671.279 | AR61: =テーブル51520[[#This Row],[Q_AVE]]*テーブル51520[[#This Row],[DNB位置の軸方向出力]]*テーブル51520[[#This Row],[DNB位置の半径方向出力]] -> 0.9714043 | AS61: =テーブル51520[[#This Row],[G]]*テーブル51520[[#This Row],[A]]*テーブル51520[[#This Row],[Hlg]] -> 122223 | AT61: =-テーブル51520[[#This Row],[G]]*テーブル51520[[#This Row],[A]]*テーブル51520[[#This Row],[CPL_ave]]*(テーブル51520[[#This Row],[Ts]]-テーブル51520[[#This Row],[Tin]]) -> -98376.425 | AU61: =(テーブル51520[[#This Row],[Q_DNB]]+テーブル51520[[#This Row],[xin_nishida]])/テーブル51520[[#This Row],[GAHlg]] -> -0.33304 | AV61: 0.85217279 | AW61: 25 | AX61: 1.095 | AY61: =テーブル51520[[#This Row],[Ts]]-テーブル51520[[#This Row],[Tin]] -> 132.50037 | AZ61: 701632.96 | BA61: =テーブル51520[[#This Row],[Hsub]]/1000 -> 701.63296
A62: ='TEST SECTION NUMBER 164'!$C$2 -> 164 | B62: ='TEST SECTION NUMBER 164'!I58 -> 58 | C62: ='TEST SECTION NUMBER 164'!K58 -> 2405 | D62: ='TEST SECTION NUMBER 164'!Q58 -> 134 | E62: ='TEST SECTION NUMBER 164'!M58 -> 1.437 | F62: ='TEST SECTION NUMBER 164'!L58 -> 423.3 | G62: ='TEST SECTION NUMBER 164'!G58 -> 0.40217869 | H62: ='TEST SECTION NUMBER 164'!$C$4 -> 0.496 | I62: ='TEST SECTION NUMBER 164'!$C$6 -> 0.374 | K62: =B62&"_"&テーブル41419[[#This Row],[TEST SECTION NUMBER]] -> 58_164 | L62: =C62*6894.757 -> 16581891 | M62: ='TEST SECTION NUMBER 164'!P58*0.0254 -> 4.2672 | N62: ='TEST SECTION NUMBER 164'!$C$4*0.0254 -> 0.0125984 | O62: ='TEST SECTION NUMBER 164'!$C$6*0.0254 -> 0.0094996 | P62: =N62^2-PI()*(O62/2)^2 -> 8.7843467e-05 | Q62: =O62*PI() -> 0.029843874 | R62: ='TEST SECTION NUMBER 164'!$C$4^2-PI()*(('TEST SECTION NUMBER 164'!$C$6)^2)/4 -> 0.13615765 | S62: =PI()*'TEST SECTION NUMBER 164'!$C$6 -> 1.1749557 | T62: =D62*0.0254 -> 3.4036 | U62: =E62*10^6*0.001356 -> 1948.572 | V62: =(F62 - 32) * 5/9 + 273.15 -> 490.53889 | W62: =G62*3.1546 -> 1.2687129 | X62: 0.926529 | Z62: =R62*0.0254^2 -> 8.7843467e-05 | AA62: =S62*0.0254 -> 0.029843874 | AB62: =V62 -> 490.53889 | AD62: =U62 -> 1948.572 | AE62: =Z62 -> 8.7843467e-05 | AF62: 888872.47 | AG62: 623.40834 | AH62: =単位換算164!AB62 -> 490.53889 | AI62: 10188.112 | AJ62: 4499.7286 | AK62: =(テーブル51520[[#This Row],[CPL_Ts]]+テーブル51520[[#This Row],[CPL_Tin]])/2 -> 7343.9203 | AL62: ='TEST SECTION NUMBER 164'!N58*3.1546 -> 1.3596326 | AM62: =PI()*O62*16*M62 -> 2.0375964 | AN62: =テーブル51520[[#This Row],[Q_AVE]]*テーブル51520[[#This Row],[A_htr]] -> 2.7703825 | AO62: =テーブル51520[[#This Row],[DNB位置の軸方向出力]]/テーブル51520[[#This Row],[ロッド数]] -> 0.034086912 | AP62: ='TEST SECTION NUMBER 164'!E58 -> 0.79761905 | AQ62: =テーブル51520[[#This Row],[Q_all]]*テーブル51520[[#This Row],[z_ratio]]*テーブル51520[[#This Row],[r_ratio]]*1000000 -> 75322.186 | AR62: =テーブル51520[[#This Row],[Q_AVE]]*テーブル51520[[#This Row],[DNB位置の軸方向出力]]*テーブル51520[[#This Row],[DNB位置の半径方向出力]] -> 1.2687129 | AS62: =テーブル51520[[#This Row],[G]]*テーブル51520[[#This Row],[A]]*テーブル51520[[#This Row],[Hlg]] -> 152147.7 | AT62: =-テーブル51520[[#This Row],[G]]*テーブル51520[[#This Row],[A]]*テーブル51520[[#This Row],[CPL_ave]]*(テーブル51520[[#This Row],[Ts]]-テーブル51520[[#This Row],[Tin]]) -> -167024.06 | AU62: =(テーブル51520[[#This Row],[Q_DNB]]+テーブル51520[[#This Row],[xin_nishida]])/テーブル51520[[#This Row],[GAHlg]] -> -0.60271614 | AV62: 0.85217279 | AW62: 25 | AX62: 1.095 | AY62: =テーブル51520[[#This Row],[Ts]]-テーブル51520[[#This Row],[Tin]] -> 132.86945 | AZ62: 736800.59 | BA62: =テーブル51520[[#This Row],[Hsub]]/1000 -> 736.80059
A63: ='TEST SECTION NUMBER 164'!$C$2 -> 164 | B63: ='TEST SECTION NUMBER 164'!I59 -> 59 | C63: ='TEST SECTION NUMBER 164'!K59 -> 2205 | D63: ='TEST SECTION NUMBER 164'!Q59 -> 134 | E63: ='TEST SECTION NUMBER 164'!M59 -> 1.436 | F63: ='TEST SECTION NUMBER 164'!L59 -> 419.5 | G63: ='TEST SECTION NUMBER 164'!G59 -> 0.3835161 | H63: ='TEST SECTION NUMBER 164'!$C$4 -> 0.496 | I63: ='TEST SECTION NUMBER 164'!$C$6 -> 0.374 | K63: =B63&"_"&テーブル41419[[#This Row],[TEST SECTION NUMBER]] -> 59_164 | L63: =C63*6894.757 -> 15202939 | M63: ='TEST SECTION NUMBER 164'!P59*0.0254 -> 4.2672 | N63: ='TEST SECTION NUMBER 164'!$C$4*0.0254 -> 0.0125984 | O63: ='TEST SECTION NUMBER 164'!$C$6*0.0254 -> 0.0094996 | P63: =N63^2-PI()*(O63/2)^2 -> 8.7843467e-05 | Q63: =O63*PI() -> 0.029843874 | R63: ='TEST SECTION NUMBER 164'!$C$4^2-PI()*(('TEST SECTION NUMBER 164'!$C$6)^2)/4 -> 0.13615765 | S63: =PI()*'TEST SECTION NUMBER 164'!$C$6 -> 1.1749557 | T63: =D63*0.0254 -> 3.4036 | U63: =E63*10^6*0.001356 -> 1947.216 | V63: =(F63 - 32) * 5/9 + 273.15 -> 488.42778 | W63: =G63*3.1546 -> 1.2098399 | X63: 0.926529 | Z63: =R63*0.0254^2 -> 8.7843467e-05 | AA63: =S63*0.0254 -> 0.029843874 | AB63: =V63 -> 488.42778 | AD63: =U63 -> 1947.216 | AE63: =Z63 -> 8.7843467e-05 | AF63: 986689.05 | AG63: 616.38299 | AH63: =単位換算164!AB63 -> 488.42778 | AI63: 8682.4304 | AJ63: 4496.728 | AK63: =(テーブル51520[[#This Row],[CPL_Ts]]+テーブル51520[[#This Row],[CPL_Tin]])/2 -> 6589.5792 | AL63: ='TEST SECTION NUMBER 164'!N59*3.1546 -> 1.2965406 | AM63: =PI()*O63*16*M63 -> 2.0375964 | AN63: =テーブル51520[[#This Row],[Q_AVE]]*テーブル51520[[#This Row],[A_htr]] -> 2.6418265 | AO63: =テーブル51520[[#This Row],[DNB位置の軸方向出力]]/テーブル51520[[#This Row],[ロッド数]] -> 0.034086912 | AP63: ='TEST SECTION NUMBER 164'!E59 -> 0.79761905 | AQ63: =テーブル51520[[#This Row],[Q_all]]*テーブル51520[[#This Row],[z_ratio]]*テーブル51520[[#This Row],[r_ratio]]*1000000 -> 71826.957 | AR63: =テーブル51520[[#This Row],[Q_AVE]]*テーブル51520[[#This Row],[DNB位置の軸方向出力]]*テーブル51520[[#This Row],[DNB位置の半径方向出力]] -> 1.2098399 | AS63: =テーブル51520[[#This Row],[G]]*テーブル51520[[#This Row],[A]]*テーブル51520[[#This Row],[Hlg]] -> 168773.36 | AT63: =-テーブル51520[[#This Row],[G]]*テーブル51520[[#This Row],[A]]*テーブル51520[[#This Row],[CPL_ave]]*(テーブル51520[[#This Row],[Ts]]-テーブル51520[[#This Row],[Tin]]) -> -144224.57 | AU63: =(テーブル51520[[#This Row],[Q_DNB]]+テーブル51520[[#This Row],[xin_nishida]])/テーブル51520[[#This Row],[GAHlg]] -> -0.4289635 | AV63: 0.85217279 | AW63: 25 | AX63: 1.095 | AY63: =テーブル51520[[#This Row],[Ts]]-テーブル51520[[#This Row],[Tin]] -> 127.95521 | AZ63: 691966.18 | BA63: =テーブル51520[[#This Row],[Hsub]]/1000 -> 691.96618
A64: ='TEST SECTION NUMBER 164'!$C$2 -> 164 | B64: ='TEST SECTION NUMBER 164'!I60 -> 61 | C64: ='TEST SECTION NUMBER 164'!K60 -> 1805 | D64: ='TEST SECTION NUMBER 164'!Q60 -> 134 | E64: ='TEST SECTION NUMBER 164'!M60 -> 0.993 | F64: ='TEST SECTION NUMBER 164'!L60 -> 420.6 | G64: ='TEST SECTION NUMBER 164'!G60 -> 0.28180502 | H64: ='TEST SECTION NUMBER 164'!$C$4 -> 0.496 | I64: ='TEST SECTION NUMBER 164'!$C$6 -> 0.374 | K64: =B64&"_"&テーブル41419[[#This Row],[TEST SECTION NUMBER]] -> 61_164 | L64: =C64*6894.757 -> 12445036 | M64: ='TEST SECTION NUMBER 164'!P60*0.0254 -> 4.2672 | N64: ='TEST SECTION NUMBER 164'!$C$4*0.0254 -> 0.0125984 | O64: ='TEST SECTION NUMBER 164'!$C$6*0.0254 -> 0.0094996 | P64: =N64^2-PI()*(O64/2)^2 -> 8.7843467e-05 | Q64: =O64*PI() -> 0.029843874 | R64: ='TEST SECTION NUMBER 164'!$C$4^2-PI()*(('TEST SECTION NUMBER 164'!$C$6)^2)/4 -> 0.13615765 | S64: =PI()*'TEST SECTION NUMBER 164'!$C$6 -> 1.1749557 | T64: =D64*0.0254 -> 3.4036 | U64: =E64*10^6*0.001356 -> 1346.508 | V64: =(F64 - 32) * 5/9 + 273.15 -> 489.03889 | W64: =G64*3.1546 -> 0.88898212 | X64: 0.926529 | Z64: =R64*0.0254^2 -> 8.7843467e-05 | AA64: =S64*0.0254 -> 0.029843874 | AB64: =V64 -> 489.03889 | AD64: =U64 -> 1346.508 | AE64: =Z64 -> 8.7843467e-05 | AF64: 1166174.3 | AG64: 600.62307 | AH64: =単位換算164!AB64 -> 489.03889 | AI64: 6996.8817 | AJ64: 4517.0125 | AK64: =(テーブル51520[[#This Row],[CPL_Ts]]+テーブル51520[[#This Row],[CPL_Tin]])/2 -> 5756.9471 | AL64: ='TEST SECTION NUMBER 164'!N60*3.1546 -> 0.9526892 | AM64: =PI()*O64*16*M64 -> 2.0375964 | AN64: =テーブル51520[[#This Row],[Q_AVE]]*テーブル51520[[#This Row],[A_htr]] -> 1.9411961 | AO64: =テーブル51520[[#This Row],[DNB位置の軸方向出力]]/テーブル51520[[#This Row],[ロッド数]] -> 0.034086912 | AP64: ='TEST SECTION NUMBER 164'!E60 -> 0.79761905 | AQ64: =テーブル51520[[#This Row],[Q_all]]*テーブル51520[[#This Row],[z_ratio]]*テーブル51520[[#This Row],[r_ratio]]*1000000 -> 52777.958 | AR64: =テーブル51520[[#This Row],[Q_AVE]]*テーブル51520[[#This Row],[DNB位置の軸方向出力]]*テーブル51520[[#This Row],[DNB位置の半径方向出力]] -> 0.88898212 | AS64: =テーブル51520[[#This Row],[G]]*テーブル51520[[#This Row],[A]]*テーブル51520[[#This Row],[Hlg]] -> 137937.35 | AT64: =-テーブル51520[[#This Row],[G]]*テーブル51520[[#This Row],[A]]*テーブル51520[[#This Row],[CPL_ave]]*(テーブル51520[[#This Row],[Ts]]-テーブル51520[[#This Row],[Tin]]) -> -75982.449 | AU64: =(テーブル51520[[#This Row],[Q_DNB]]+テーブル51520[[#This Row],[xin_nishida]])/テーブル51520[[#This Row],[GAHlg]] -> -0.16822485 | AV64: 0.85217279 | AW64: 25 | AX64: 1.095 | AY64: =テーブル51520[[#This Row],[Ts]]-テーブル51520[[#This Row],[Tin]] -> 111.58418 | AZ64: 581403.37 | BA64: =テーブル51520[[#This Row],[Hsub]]/1000 -> 581.40337
A65: ='TEST SECTION NUMBER 164'!$C$2 -> 164 | B65: ='TEST SECTION NUMBER 164'!I61 -> 67 | C65: ='TEST SECTION NUMBER 164'!K61 -> 1505 | D65: ='TEST SECTION NUMBER 164'!Q61 -> 112 | E65: ='TEST SECTION NUMBER 164'!M61 -> 2.475 | F65: ='TEST SECTION NUMBER 164'!L61 -> 464.4 | G65: ='TEST SECTION NUMBER 164'!G61 -> 0.6978682 | H65: ='TEST SECTION NUMBER 164'!$C$4 -> 0.496 | I65: ='TEST SECTION NUMBER 164'!$C$6 -> 0.374 | K65: =B65&"_"&テーブル41419[[#This Row],[TEST SECTION NUMBER]] -> 67_164 | L65: =C65*6894.757 -> 10376609 | M65: ='TEST SECTION NUMBER 164'!P61*0.0254 -> 4.2672 | N65: ='TEST SECTION NUMBER 164'!$C$4*0.0254 -> 0.0125984 | O65: ='TEST SECTION NUMBER 164'!$C$6*0.0254 -> 0.0094996 | P65: =N65^2-PI()*(O65/2)^2 -> 8.7843467e-05 | Q65: =O65*PI() -> 0.029843874 | R65: ='TEST SECTION NUMBER 164'!$C$4^2-PI()*(('TEST SECTION NUMBER 164'!$C$6)^2)/4 -> 0.13615765 | S65: =PI()*'TEST SECTION NUMBER 164'!$C$6 -> 1.1749557 | T65: =D65*0.0254 -> 2.8448 | U65: =E65*10^6*0.001356 -> 3356.1 | V65: =(F65 - 32) * 5/9 + 273.15 -> 513.37222 | W65: =G65*3.1546 -> 2.201495 | X65: 0.8596465 | Z65: =R65*0.0254^2 -> 8.7843467e-05 | AA65: =S65*0.0254 -> 0.029843874 | AB65: =V65 -> 513.37222 | AD65: =U65 -> 3356.1 | AE65: =Z65 -> 8.7843467e-05 | AF65: 1294271.5 | AG65: 586.87591 | AH65: =単位換算164!AB65 -> 513.37222 | AI65: 6236.5295 | AJ65: 4700.283 | AK65: =(テーブル51520[[#This Row],[CPL_Ts]]+テーブル51520[[#This Row],[CPL_Tin]])/2 -> 5468.4063 | AL65: ='TEST SECTION NUMBER 164'!N61*3.1546 -> 1.5804546 | AM65: =PI()*O65*16*M65 -> 2.0375964 | AN65: =テーブル51520[[#This Row],[Q_AVE]]*テーブル51520[[#This Row],[A_htr]] -> 3.2203287 | AO65: =テーブル51520[[#This Row],[DNB位置の軸方向出力]]/テーブル51520[[#This Row],[ロッド数]] -> 0.050884037 | AP65: ='TEST SECTION NUMBER 164'!E61 -> 0.66666667 | AQ65: =テーブル51520[[#This Row],[Q_all]]*テーブル51520[[#This Row],[z_ratio]]*テーブル51520[[#This Row],[r_ratio]]*1000000 -> 109242.21 | AR65: =テーブル51520[[#This Row],[Q_AVE]]*テーブル51520[[#This Row],[DNB位置の軸方向出力]]*テーブル51520[[#This Row],[DNB位置の半径方向出力]] -> 2.201495 | AS65: =テーブル51520[[#This Row],[G]]*テーブル51520[[#This Row],[A]]*テーブル51520[[#This Row],[Hlg]] -> 381566.06 | AT65: =-テーブル51520[[#This Row],[G]]*テーブル51520[[#This Row],[A]]*テーブル51520[[#This Row],[CPL_ave]]*(テーブル51520[[#This Row],[Ts]]-テーブル51520[[#This Row],[Tin]]) -> -118498.89 | AU65: =(テーブル51520[[#This Row],[Q_DNB]]+テーブル51520[[#This Row],[xin_nishida]])/テーブル51520[[#This Row],[GAHlg]] -> -0.024259687 | AV65: 1.2721009 | AW65: 25 | AX65: 1.095 | AY65: =テーブル51520[[#This Row],[Ts]]-テーブル51520[[#This Row],[Tin]] -> 73.50369 | AZ65: 384769.23 | BA65: =テーブル51520[[#This Row],[Hsub]]/1000 -> 384.76923
A66: ='TEST SECTION NUMBER 164'!$C$2 -> 164 | B66: ='TEST SECTION NUMBER 164'!I62 -> 68 | C66: ='TEST SECTION NUMBER 164'!K62 -> 1800 | D66: ='TEST SECTION NUMBER 164'!Q62 -> 134 | E66: ='TEST SECTION NUMBER 164'!M62 -> 0.983 | F66: ='TEST SECTION NUMBER 164'!L62 -> 386.8 | G66: ='TEST SECTION NUMBER 164'!G62 -> 0.30140073 | H66: ='TEST SECTION NUMBER 164'!$C$4 -> 0.496 | I66: ='TEST SECTION NUMBER 164'!$C$6 -> 0.374 | K66: =B66&"_"&テーブル41419[[#This Row],[TEST SECTION NUMBER]] -> 68_164 | L66: =C66*6894.757 -> 12410563 | M66: ='TEST SECTION NUMBER 164'!P62*0.0254 -> 4.2672 | N66: ='TEST SECTION NUMBER 164'!$C$4*0.0254 -> 0.0125984 | O66: ='TEST SECTION NUMBER 164'!$C$6*0.0254 -> 0.0094996 | P66: =N66^2-PI()*(O66/2)^2 -> 8.7843467e-05 | Q66: =O66*PI() -> 0.029843874 | R66: ='TEST SECTION NUMBER 164'!$C$4^2-PI()*(('TEST SECTION NUMBER 164'!$C$6)^2)/4 -> 0.13615765 | S66: =PI()*'TEST SECTION NUMBER 164'!$C$6 -> 1.1749557 | T66: =D66*0.0254 -> 3.4036 | U66: =E66*10^6*0.001356 -> 1332.948 | V66: =(F66 - 32) * 5/9 + 273.15 -> 470.26111 | W66: =G66*3.1546 -> 0.95079875 | X66: 0.926529 | Z66: =R66*0.0254^2 -> 8.7843467e-05 | AA66: =S66*0.0254 -> 0.029843874 | AB66: =V66 -> 470.26111 | AD66: =U66 -> 1332.948 | AE66: =Z66 -> 8.7843467e-05 | AF66: 1168336.2 | AG66: 600.40918 | AH66: =単位換算164!AB66 -> 470.26111 | AI66: 6981.7593 | AJ66: 4423.8625 | AK66: =(テーブル51520[[#This Row],[CPL_Ts]]+テーブル51520[[#This Row],[CPL_Tin]])/2 -> 5702.8109 | AL66: ='TEST SECTION NUMBER 164'!N62*3.1546 -> 1.0189358 | AM66: =PI()*O66*16*M66 -> 2.0375964 | AN66: =テーブル51520[[#This Row],[Q_AVE]]*テーブル51520[[#This Row],[A_htr]] -> 2.07618 | AO66: =テーブル51520[[#This Row],[DNB位置の軸方向出力]]/テーブル51520[[#This Row],[ロッド数]] -> 0.034086912 | AP66: ='TEST SECTION NUMBER 164'!E62 -> 0.79761905 | AQ66: =テーブル51520[[#This Row],[Q_all]]*テーブル51520[[#This Row],[z_ratio]]*テーブル51520[[#This Row],[r_ratio]]*1000000 -> 56447.949 | AR66: =テーブル51520[[#This Row],[Q_AVE]]*テーブル51520[[#This Row],[DNB位置の軸方向出力]]*テーブル51520[[#This Row],[DNB位置の半径方向出力]] -> 0.95079875 | AS66: =テーブル51520[[#This Row],[G]]*テーブル51520[[#This Row],[A]]*テーブル51520[[#This Row],[Hlg]] -> 136801.39 | AT66: =-テーブル51520[[#This Row],[G]]*テーブル51520[[#This Row],[A]]*テーブル51520[[#This Row],[CPL_ave]]*(テーブル51520[[#This Row],[Ts]]-テーブル51520[[#This Row],[Tin]]) -> -86905.921 | AU66: =(テーブル51520[[#This Row],[Q_DNB]]+テーブル51520[[#This Row],[xin_nishida]])/テーブル51520[[#This Row],[GAHlg]] -> -0.22264374 | AV66: 0.85217279 | AW66: 25 | AX66: 1.095 | AY66: =テーブル51520[[#This Row],[Ts]]-テーブル51520[[#This Row],[Tin]] -> 130.14807 | AZ66: 663943.58 | BA66: =テーブル51520[[#This Row],[Hsub]]/1000 -> 663.94358
A67: ='TEST SECTION NUMBER 164'!$C$2 -> 164 | B67: ='TEST SECTION NUMBER 164'!I63 -> 70 | C67: ='TEST SECTION NUMBER 164'!K63 -> 2395 | D67: ='TEST SECTION NUMBER 164'!Q63 -> 134 | E67: ='TEST SECTION NUMBER 164'!M63 -> 0.985 | F67: ='TEST SECTION NUMBER 164'!L63 -> 400.6 | G67: ='TEST SECTION NUMBER 164'!G63 -> 0.31446454 | H67: ='TEST SECTION NUMBER 164'!$C$4 -> 0.496 | I67: ='TEST SECTION NUMBER 164'!$C$6 -> 0.374 | K67: =B67&"_"&テーブル41419[[#This Row],[TEST SECTION NUMBER]] -> 70_164 | L67: =C67*6894.757 -> 16512943 | M67: ='TEST SECTION NUMBER 164'!P63*0.0254 -> 4.2672 | N67: ='TEST SECTION NUMBER 164'!$C$4*0.0254 -> 0.0125984 | O67: ='TEST SECTION NUMBER 164'!$C$6*0.0254 -> 0.0094996 | P67: =N67^2-PI()*(O67/2)^2 -> 8.7843467e-05 | Q67: =O67*PI() -> 0.029843874 | R67: ='TEST SECTION NUMBER 164'!$C$4^2-PI()*(('TEST SECTION NUMBER 164'!$C$6)^2)/4 -> 0.13615765 | S67: =PI()*'TEST SECTION NUMBER 164'!$C$6 -> 1.1749557 | T67: =D67*0.0254 -> 3.4036 | U67: =E67*10^6*0.001356 -> 1335.66 | V67: =(F67 - 32) * 5/9 + 273.15 -> 477.92778 | W67: =G67*3.1546 -> 0.99200985 | X67: 0.926529 | Z67: =R67*0.0254^2 -> 8.7843467e-05 | AA67: =S67*0.0254 -> 0.029843874 | AB67: =V67 -> 477.92778 | AD67: =U67 -> 1335.66 | AE67: =Z67 -> 8.7843467e-05 | AF67: 893960.08 | AG67: 623.06876 | AH67: =単位換算164!AB67 -> 477.92778 | AI67: 10093.63 | AJ67: 4437.6719 | AK67: =(テーブル51520[[#This Row],[CPL_Ts]]+テーブル51520[[#This Row],[CPL_Tin]])/2 -> 7265.6511 | AL67: ='TEST SECTION NUMBER 164'!N63*3.1546 -> 1.0631002 | AM67: =PI()*O67*16*M67 -> 2.0375964 | AN67: =テーブル51520[[#This Row],[Q_AVE]]*テーブル51520[[#This Row],[A_htr]] -> 2.1661692 | AO67: =テーブル51520[[#This Row],[DNB位置の軸方向出力]]/テーブル51520[[#This Row],[ロッド数]] -> 0.034086912 | AP67: ='TEST SECTION NUMBER 164'!E63 -> 0.79761905 | AQ67: =テーブル51520[[#This Row],[Q_all]]*テーブル51520[[#This Row],[z_ratio]]*テーブル51520[[#This Row],[r_ratio]]*1000000 -> 58894.609 | AR67: =テーブル51520[[#This Row],[Q_AVE]]*テーブル51520[[#This Row],[DNB位置の軸方向出力]]*テーブル51520[[#This Row],[DNB位置の半径方向出力]] -> 0.99200985 | AS67: =テーブル51520[[#This Row],[G]]*テーブル51520[[#This Row],[A]]*テーブル51520[[#This Row],[Hlg]] -> 104887.45 | AT67: =-テーブル51520[[#This Row],[G]]*テーブル51520[[#This Row],[A]]*テーブル51520[[#This Row],[CPL_ave]]*(テーブル51520[[#This Row],[Ts]]-テーブル51520[[#This Row],[Tin]]) -> -123728.57 | AU67: =(テーブル51520[[#This Row],[Q_DNB]]+テーブル51520[[#This Row],[xin_nishida]])/テーブル51520[[#This Row],[GAHlg]] -> -0.61812891 | AV67: 0.85217279 | AW67: 25 | AX67: 1.095 | AY67: =テーブル51520[[#This Row],[Ts]]-テーブル51520[[#This Row],[Tin]] -> 145.14099 | AZ67: 790389.65 | BA67: =テーブル51520[[#This Row],[Hsub]]/1000 -> 790.38965
... A98: ='TEST SECTION NUMBER 164'!$C$2 -> 164 | B98: ='TEST SECTION NUMBER 164'!I94 -> 98 | C98: ='TEST SECTION NUMBER 164'!K94 -> 755 | D98: ='TEST SECTION NUMBER 164'!Q94 -> 134 | E98: ='TEST SECTION NUMBER 164'!M94 -> 0.513 | F98: ='TEST SECTION NUMBER 164'!L94 -> 370 | G98: ='TEST SECTION NUMBER 164'!G94 -> 0.23421543 | H98: ='TEST SECTION NUMBER 164'!$C$4 -> 0.496 | I98: ='TEST SECTION NUMBER 164'!$C$6 -> 0.374 | K98: =B98&"_"&テーブル41419[[#This Row],[TEST SECTION NUMBER]] -> 98_164 | L98: =C98*6894.757 -> 5205541.5 | M98: ='TEST SECTION NUMBER 164'!P94*0.0254 -> 4.2672 | N98: ='TEST SECTION NUMBER 164'!$C$4*0.0254 -> 0.0125984 | O98: ='TEST SECTION NUMBER 164'!$C$6*0.0254 -> 0.0094996 | P98: =N98^2-PI()*(O98/2)^2 -> 8.7843467e-05 | Q98: =O98*PI() -> 0.029843874 | R98: ='TEST SECTION NUMBER 164'!$C$4^2-PI()*(('TEST SECTION NUMBER 164'!$C$6)^2)/4 -> 0.13615765 | S98: =PI()*'TEST SECTION NUMBER 164'!$C$6 -> 1.1749557 | T98: =D98*0.0254 -> 3.4036 | U98: =E98*10^6*0.001356 -> 695.628 | V98: =(F98 - 32) * 5/9 + 273.15 -> 460.92778 | W98: =G98*3.1546 -> 0.738856 | X98: 0.926529 | Z98: =R98*0.0254^2 -> 8.7843467e-05 | AA98: =S98*0.0254 -> 0.029843874 | AB98: =V98 -> 460.92778 | AD98: =U98 -> 695.628 | AE98: =Z98 -> 8.7843467e-05 | AF98: 1625071.5 | AG98: 539.62066 | AH98: =単位換算164!AB98 -> 460.92778 | AI98: 5071.6586 | AJ98: 4418.0362 | AK98: =(テーブル51520[[#This Row],[CPL_Ts]]+テーブル51520[[#This Row],[CPL_Tin]])/2 -> 4744.8474 | AL98: ='TEST SECTION NUMBER 164'!N94*3.1546 -> 0.7918046 | AM98: =PI()*O98*16*M98 -> 2.0375964 | AN98: =テーブル51520[[#This Row],[Q_AVE]]*テーブル51520[[#This Row],[A_htr]] -> 1.6133782 | AO98: =テーブル51520[[#This Row],[DNB位置の軸方向出力]]/テーブル51520[[#This Row],[ロッド数]] -> 0.034086912 | AP98: ='TEST SECTION NUMBER 164'!E94 -> 0.79761905 | AQ98: =テーブル51520[[#This Row],[Q_all]]*テーブル51520[[#This Row],[z_ratio]]*テーブル51520[[#This Row],[r_ratio]]*1000000 -> 43865.124 | AR98: =テーブル51520[[#This Row],[Q_AVE]]*テーブル51520[[#This Row],[DNB位置の軸方向出力]]*テーブル51520[[#This Row],[DNB位置の半径方向出力]] -> 0.738856 | AS98: =テーブル51520[[#This Row],[G]]*テーブル51520[[#This Row],[A]]*テーブル51520[[#This Row],[Hlg]] -> 99302.229 | AT98: =-テーブル51520[[#This Row],[G]]*テーブル51520[[#This Row],[A]]*テーブル51520[[#This Row],[CPL_ave]]*(テーブル51520[[#This Row],[Ts]]-テーブル51520[[#This Row],[Tin]]) -> -22816.249 | AU98: =(テーブル51520[[#This Row],[Q_DNB]]+テーブル51520[[#This Row],[xin_nishida]])/テーブル51520[[#This Row],[GAHlg]] -> 0.21196781 | AV98: 0.85217279 | AW98: 25 | AX98: 1.095 | AY98: =テーブル51520[[#This Row],[Ts]]-テーブル51520[[#This Row],[Tin]] -> 78.692885 | AZ98: 367942.16 | BA98: =テーブル51520[[#This Row],[Hsub]]/1000 -> 367.94216

Sheet 非一様加熱を一様加熱に補正164
A1: 出力分布のX軸 | B1: 全長168inを掛ける | C1: 出力分布のY軸 | D1: Qave | E1: A列：z[m] | F1: B列：q'' [MW/m²] | G1: C列：Δz | H1: D列：平均出力 | I1: E列：Δ出力 | K1: TEST_No | L1: q"eq
A2: 0 | B2: =A2*168*0.0254 -> 0 | C2: 0.39 | E2: =A2 -> 0 | F2: =C2 -> 0.39 | G2: =E3-テーブル1341823[[#This Row],[A列：z'[m']]] -> 0.032 | H2: =(F2+F3)/2 -> 0.403 | I2: =テーブル1341823[[#This Row],[C列：Δz]]*テーブル1341823[[#This Row],[D列：平均出力]] -> 0.012896 | K2: 1 | L2: =SUM(I2:I23)-0.01 -> 0.926529
A3: 0.032 | B3: =A3*168*0.0254 -> 0.1365504 | C3: 0.416 | D3: 半径方向の出力 | E3: =A3 -> 0.032 | F3: =C3 -> 0.416 | G3: =E4-テーブル1341823[[#This Row],[A列：z'[m']]] -> 0.032 | H3: =(F3+F4)/2 -> 0.4455 | I3: =テーブル1341823[[#This Row],[C列：Δz]]*テーブル1341823[[#This Row],[D列：平均出力]] -> 0.014256 | L3: =SUM(I2:I21) -> 0.8596465
A4: 0.064 | B4: =A4*168*0.0254 -> 0.2731008 | C4: 0.475 | D4: 1.095 | E4: =A4 -> 0.064 | F4: =C4 -> 0.475 | G4: =E5-テーブル1341823[[#This Row],[A列：z'[m']]] -> 0.033 | H4: =(F4+F5)/2 -> 0.509 | I4: =テーブル1341823[[#This Row],[C列：Δz]]*テーブル1341823[[#This Row],[D列：平均出力]] -> 0.016797
A5: 0.097 | B5: =A5*168*0.0254 -> 0.4139184 | C5: 0.543 | D5: 濡れ縁長さ[m] | E5: =A5 -> 0.097 | F5: =C5 -> 0.543 | G5: =E6-テーブル1341823[[#This Row],[A列：z'[m']]] -> 0.032 | H5: =(F5+F6)/2 -> 0.581 | I5: =テーブル1341823[[#This Row],[C列：Δz]]*テーブル1341823[[#This Row],[D列：平均出力]] -> 0.018592
A6: 0.129 | B6: =A6*168*0.0254 -> 0.5504688 | C6: 0.619 | E6: =A6 -> 0.129 | F6: =C6 -> 0.619 | G6: =E7-テーブル1341823[[#This Row],[A列：z'[m']]] -> 0.064 | H6: =(F6+F7)/2 -> 0.719 | I6: =テーブル1341823[[#This Row],[C列：Δz]]*テーブル1341823[[#This Row],[D列：平均出力]] -> 0.046016
A7: 0.193 | B7: =A7*168*0.0254 -> 0.8235696 | C7: 0.819 | D7: 管長[m] | E7: =A7 -> 0.193 | F7: =C7 -> 0.819 | G7: =E8-テーブル1341823[[#This Row],[A列：z'[m']]] -> 0.065 | H7: =(F7+F8)/2 -> 0.9335 | I7: =テーブル1341823[[#This Row],[C列：Δz]]*テーブル1341823[[#This Row],[D列：平均出力]] -> 0.0606775
A8: 0.258 | B8: =A8*168*0.0254 -> 1.1009376 | C8: 1.048 | D8: 3.4036 | E8: =A8 -> 0.258 | F8: =C8 -> 1.048 | G8: =E9-テーブル1341823[[#This Row],[A列：z'[m']]] -> 0.064 | H8: =(F8+F9)/2 -> 1.149 | I8: =テーブル1341823[[#This Row],[C列：Δz]]*テーブル1341823[[#This Row],[D列：平均出力]] -> 0.073536
A9: 0.322 | B9: =A9*168*0.0254 -> 1.3740384 | C9: 1.25 | D9: 2.8448 | E9: =A9 -> 0.322 | F9: =C9 -> 1.25 | G9: =E10-テーブル1341823[[#This Row],[A列：z'[m']]] -> 0.032 | H9: =(F9+F10)/2 -> 1.3015 | I9: =テーブル1341823[[#This Row],[C列：Δz]]*テーブル1341823[[#This Row],[D列：平均出力]] -> 0.041648 | L9: 0.926529
A10: 0.354 | B10: =A10*168*0.0254 -> 1.5105888 | C10: 1.353 | E10: =A10 -> 0.354 | F10: =C10 -> 1.353 | G10: =E11-テーブル1341823[[#This Row],[A列：z'[m']]] -> 0.033 | H10: =(F10+F11)/2 -> 1.3965 | I10: =テーブル1341823[[#This Row],[C列：Δz]]*テーブル1341823[[#This Row],[D列：平均出力]] -> 0.0460845 | L10: 0.8596465
A11: 0.387 | B11: =A11*168*0.0254 -> 1.6514064 | C11: 1.44 | E11: =A11 -> 0.387 | F11: =C11 -> 1.44 | G11: =E12-テーブル1341823[[#This Row],[A列：z'[m']]] -> 0.032 | H11: =(F11+F12)/2 -> 1.4725 | I11: =テーブル1341823[[#This Row],[C列：Δz]]*テーブル1341823[[#This Row],[D列：平均出力]] -> 0.04712
A12: 0.419 | B12: =A12*168*0.0254 -> 1.7879568 | C12: 1.505 | E12: =A12 -> 0.419 | F12: =C12 -> 1.505 | G12: =E13-テーブル1341823[[#This Row],[A列：z'[m']]] -> 0.013 | H12: =(F12+F13)/2 -> 1.516 | I12: =テーブル1341823[[#This Row],[C列：Δz]]*テーブル1341823[[#This Row],[D列：平均出力]] -> 0.019708
A13: 0.432 | B13: =A13*168*0.0254 -> 1.8434304 | C13: 1.527 | E13: =A13 -> 0.432 | F13: =C13 -> 1.527 | G13: =E14-テーブル1341823[[#This Row],[A列：z'[m']]] -> 0.019 | H13: =(F13+F14)/2 -> 1.5355 | I13: =テーブル1341823[[#This Row],[C列：Δz]]*テーブル1341823[[#This Row],[D列：平均出力]] -> 0.0291745
A14: 0.451 | B14: =A14*168*0.0254 -> 1.9245072 | C14: 1.544 | E14: =A14 -> 0.451 | F14: =C14 -> 1.544 | G14: =E15-テーブル1341823[[#This Row],[A列：z'[m']]] -> 0.032 | H14: =(F14+F15)/2 -> 1.546 | I14: =テーブル1341823[[#This Row],[C列：Δz]]*テーブル1341823[[#This Row],[D列：平均出力]] -> 0.049472
A15: 0.483 | B15: =A15*168*0.0254 -> 2.0610576 | C15: 1.548 | E15: =A15 -> 0.483 | F15: =C15 -> 1.548 | G15: =E16-テーブル1341823[[#This Row],[A列：z'[m']]] -> 0.032 | H15: =(F15+F16)/2 -> 1.546 | I15: =テーブル1341823[[#This Row],[C列：Δz]]*テーブル1341823[[#This Row],[D列：平均出力]] -> 0.049472
A16: 0.515 | B16: =A16*168*0.0254 -> 2.197608 | C16: 1.544 | E16: =A16 -> 0.515 | F16: =C16 -> 1.544 | G16: =E17-テーブル1341823[[#This Row],[A列：z'[m']]] -> 0.026 | H16: =(F16+F17)/2 -> 1.5395 | I16: =テーブル1341823[[#This Row],[C列：Δz]]*テーブル1341823[[#This Row],[D列：平均出力]] -> 0.040027
A17: 0.541 | B17: =A17*168*0.0254 -> 2.3085552 | C17: 1.535 | E17: =A17 -> 0.541 | F17: =C17 -> 1.535 | G17: =E18-テーブル1341823[[#This Row],[A列：z'[m']]] -> 0.021 | H17: =(F17+F18)/2 -> 1.52 | I17: =テーブル1341823[[#This Row],[C列：Δz]]*テーブル1341823[[#This Row],[D列：平均出力]] -> 0.03192
A18: 0.562 | B18: =A18*168*0.0254 -> 2.3981664 | C18: 1.505 | E18: =A18 -> 0.562 | F18: =C18 -> 1.505 | G18: =E19-テーブル1341823[[#This Row],[A列：z'[m']]] -> 0.018 | H18: =(F18+F19)/2 -> 1.494 | I18: =テーブル1341823[[#This Row],[C列：Δz]]*テーブル1341823[[#This Row],[D列：平均出力]] -> 0.026892
A19: 0.58 | B19: =A19*168*0.0254 -> 2.474976 | C19: 1.483 | E19: =A19 -> 0.58 | F19: =C19 -> 1.483 | G19: =E20-テーブル1341823[[#This Row],[A列：z'[m']]] -> 0.032 | H19: =(F19+F20)/2 -> 1.4505 | I19: =テーブル1341823[[#This Row],[C列：Δz]]*テーブル1341823[[#This Row],[D列：平均出力]] -> 0.046416
A20: 0.612 | B20: =A20*168*0.0254 -> 2.6115264 | C20: 1.418 | E20: =A20 -> 0.612 | F20: =C20 -> 1.418 | G20: =E21-テーブル1341823[[#This Row],[A列：z'[m']]] -> 0.05 | H20: =(F20+F21)/2 -> 1.3525 | I20: =テーブル1341823[[#This Row],[C列：Δz]]*テーブル1341823[[#This Row],[D列：平均出力]] -> 0.067625
A21: 0.662 | B21: =A21*168*0.0254 -> 2.8248864 | C21: 1.287 | E21: =A21 -> 0.662 | F21: =C21 -> 1.287 | G21: =E22-テーブル1341823[[#This Row],[A列：z'[m']]] -> 0.109 | H21: =(F21+F22)/2 -> 1.113 | I21: =テーブル1341823[[#This Row],[C列：Δz]]*テーブル1341823[[#This Row],[D列：平均出力]] -> 0.121317
A22: 0.771 | B22: =A22*168*0.0254 -> 3.2900112 | C22: 0.939 | E22: =A22 -> 0.771 | F22: =C22 -> 0.939 | G22: =E23-テーブル1341823[[#This Row],[A列：z'[m']]] -> 0.06 | H22: =(F22+F23)/2 -> 0.841 | I22: =テーブル1341823[[#This Row],[C列：Δz]]*テーブル1341823[[#This Row],[D列：平均出力]] -> 0.05046
... A28: 1 | B28: =A28*168*0.0254 -> 4.2672 | C28: 0.416 | E28: =A28 -> 1 | F28: =C28 -> 0.416 | G28: =E29-テーブル1341823[[#This Row],[A列：z'[m']]] -> -1 | H28: =(F28+F29)/2 -> 0.208 | I28: =テーブル1341823[[#This Row],[C列：Δz]]*テーブル1341823[[#This Row],[D列：平均出力]] -> -0.208
